Namespace;Class name;Attribute name;Designation;Definition;Multiplicity;Type;Origin;Original code
Parking;Access;accessType;Access type;Provides characterisation of the nature of this access area.;1..1;EAID_25F089C0_4AE4_4982_8EE7_A3CDD96E043F;;
Parking;Access;equipment;Equipment;Specifies additional equipment for this access.;0..*;EAID_502C51C6_F62E_4db9_9606_2FF8DF832AA2;;
Parking;Access;orientation;Orientation;The compass direction of the access in relation to the parking site, e.g. the northern entrance.;0..*;EAID_CD625834_2DCB_4b5d_9917_70F3C3C59F6A;;
Parking;AccessAndEgress;exitPossibleAtAnyTime;Exit possible at any time;If [TRUE], specifies that the specified access is available for exit at all times.;0..1;EAID_009D010E_BE3D_49c1_86D8_34478683971E;;
Parking;AccessJunction;distance;Distance;Distance to this access junction.;0..1;EAID_16453DDC_C636_432b_A57A_B792035AD9C9;;
Parking;AccessLaneSpecific;laneType;Lane type;Provides characterisation of the nature of the access lane (e.g. entry lane, exit lane, reversible lane).;1..1;EAID_3C1FBEEA_3335_45cd_B990_560E97738212;;
Parking;AccessLaneSpecific;sequenceNumber;Sequence number;Defines a unique sequence number for this specific lane within the IdentifiedArea. No specific method of numbering is defined. Preferred practice numbers lanes from right to left as seen in-bound into the parking facility.;1..1;EAID_FBC8547A_BFDA_44df_B881_4F6BF8DA58EF;;
Parking;AccessRoad;distance;Distance;Distance to this access road.;0..1;EAID_16453DDC_C636_432b_A57A_B792035AD9C9;;
Parking;PedestrianAccess;numberOfPortals;Number of portals;Indicates the number of door portals present at the pedestrian access area.;0..1;EAID_FBC8547A_BFDA_44df_B881_4F6BF8DA58EF;;
Parking;PedestrianAccess;style;Style;Provides information concerning the style of the pedestrian access.;0..1;EAID_2BBE64C1_9A63_4f72_9CC3_3A678F661927;;
Parking;VehicularAccess;rentalCarReturn;Rental car return;Rental cars can be returned at this access.;0..1;EAID_009D010E_BE3D_49c1_86D8_34478683971E;;
Parking;VehicularAccess;usableForPedestrian;Usable for pedestrian;Indicates, whether pedestrian can use this access. This attribute can be used if no specific PedestrianAccess will be specified.;0..1;EAID_009D010E_BE3D_49c1_86D8_34478683971E;;
Situation;Accident;accidentCause;Accident cause;A descriptor indicating the most significant factor causing an accident.;0..1;EAID_EF4FE8B8_EC20_4519_A696_26CBCA55E099;;
Situation;Accident;accidentType;Accident type;A characterization of the nature of the accident.;1..*;EAID_D13BE3BE_AF8F_4965_9124_6A2EAA72E49C;;
Situation;Accident;collisionType;Collision type;Identifies a type of collision;0..1;EAID_239B367D_425F_46d5_82E9_D6B8C48DB163;;
Situation;Accident;totalNumberOfPeopleInvolved;Total number of people involved;The total number of people that are involved.;0..1;EAID_FBC8547A_BFDA_44df_B881_4F6BF8DA58EF;;
Situation;Accident;totalNumberOfVehiclesInvolved;Total number of vehicles involved;The total number of vehicles that are involved.;0..1;EAID_FBC8547A_BFDA_44df_B881_4F6BF8DA58EF;;
Situation;AuthorityOperation;authorityOperationType;Authority operation type;Type of authority initiated operation or activity that could disrupt traffic. ;1..1;EAID_3B6AB3C6_04BE_4897_B186_FE7A235C004F;;
Situation;DisturbanceActivity;disturbanceActivityType;Disturbance activity type;Includes all situations of a public disorder type or of an alert type, with potential to disrupt traffic.;1..1;EAID_997A4339_FD4A_4e5a_8307_2E5F6BF17FE4;;
Situation;PublicEvent;publicEventType;Public event type;Type of public event which could disrupt traffic.;1..1;EAID_518C29AF_2350_4697_8AEC_A71E58DFB604;;
Situation;PublicEvent;venueName;Venue name;Name of the venue at which the public event is being held;0..1;EAID_E9FD7AF8_362B_4b36_899F_2F827A73E908;;
LocationReferencing;AlertCDirection;alertCAffectedDirection;ALERT-C affected direction;The direction(s) of traffic flow to which the situation, traffic data or information is related.;1..1;EAID_3855110B_58FC_4abc_B24D_F8E0A01CE1DB;;
LocationReferencing;AlertCDirection;alertCDirectionCoded;ALERT-C direction coded;Direction of navigation with respect to secondary to primary location (RDS direction);1..1;EAID_5A62C6CA_28AA_4848_AFF3_992315B92E7D;;
LocationReferencing;AlertCDirection;alertCDirectionNamed;ALERT-C direction named;ALERT-C name of a direction e.g. Brussels -> Lille.;0..1;EAID_E9FD7AF8_362B_4b36_899F_2F827A73E908;;
LocationReferencing;AlertCLinear;alertCLocationCountryCode;ALERT-C location country code;ALERT-C country code as defined in IEC 62106.;1..1;EAID_DD0FAA46_EDB3_4ba6_A191_377D87F4D303;;
LocationReferencing;AlertCLinear;alertCLocationTableNumber;ALERT-C location table number;Number allocated to an ALERT-C table in a country. Ref. EN ISO 14819-3 for the allocation of a location table number.;1..1;EAID_DD0FAA46_EDB3_4ba6_A191_377D87F4D303;;
LocationReferencing;AlertCLinear;alertCLocationTableVersion;ALERT-C location table version;Version number associated with an ALERT-C table reference.;1..1;EAID_DD0FAA46_EDB3_4ba6_A191_377D87F4D303;;
LocationReferencing;AlertCLocation;alertCLocationName;ALERT-C location name;Name of ALERT-C location.;0..1;EAID_E9FD7AF8_362B_4b36_899F_2F827A73E908;;
LocationReferencing;AlertCLocation;specificLocation;Specific location;Unique code within the ALERT-C location table which identifies the specific point, linear or area location.;1..1;EAID_22779E6E_6805_4e1f_8F2D_629E770D8C18;;
LocationReferencing;AlertCPoint;alertCLocationCountryCode;ALERT-C location country code;ALERT-C country code as defined IEC 62106.;1..1;EAID_DD0FAA46_EDB3_4ba6_A191_377D87F4D303;;
LocationReferencing;AlertCPoint;alertCLocationTableNumber;ALERT-C location table number;Number allocated to an ALERT-C table in a country. Ref. EN ISO 14819-3 for the allocation of a location table number.;1..1;EAID_DD0FAA46_EDB3_4ba6_A191_377D87F4D303;;
LocationReferencing;AlertCPoint;alertCLocationTableVersion;ALERT-C location table version;Version number associated with an ALERT-C table reference.;1..1;EAID_DD0FAA46_EDB3_4ba6_A191_377D87F4D303;;
LocationReferencing;AlertCArea;alertCLocationCountryCode;ALERT-C location country code;ALERT-C country code as defined in IEC 62106.;1..1;EAID_DD0FAA46_EDB3_4ba6_A191_377D87F4D303;;
LocationReferencing;AlertCArea;alertCLocationTableNumber;ALERT-C location table number;Number allocated to an ALERT-C table in a country. Ref. EN ISO 14819-3 for the allocation of a location table number.;1..1;EAID_DD0FAA46_EDB3_4ba6_A191_377D87F4D303;;
LocationReferencing;AlertCArea;alertCLocationTableVersion;ALERT-C location table version;Version number associated with an ALERT-C table reference.;1..1;EAID_DD0FAA46_EDB3_4ba6_A191_377D87F4D303;;
Parking;Assignment;maximumParkingDuration;Maximum parking duration;The maximum parking duration for this assignment (e.g. to avoid overnight parking).;0..1;EAID_60B31F7C_803F_4351_A52B_B9E11C22B6E6;;
Parking;Assignment;minimumParkingDuration;Minimum parking duration;The minimum parking duration for this assignment.;0..1;EAID_60B31F7C_803F_4351_A52B_B9E11C22B6E6;;
Parking;Assignment;parkingAllowed;Parking allowed;Defines, if parking is allowed or not in this assignment.;0..1;EAID_009D010E_BE3D_49c1_86D8_34478683971E;;
Parking;Assignment;reservation;Reservation;Indication of whether a parking reservation service is available and/or mandatory.;0..1;EAID_15419AE6_506B_4b00_B5F6_2E292487E5B0;;
RoadTrafficData;MeasurementOrCalculationTime;timeMeaning;Time meaning;Meaning of associated time value;0..1;EAID_B684B960_4E95_48d7_9084_1169CD665234;;
RoadTrafficData;MeasurementOrCalculationTime;timePrecision;Time precision;The precision to which the time of measurement or calculation is given.;0..1;EAID_B9C17DA0_AE00_4505_9AA0_04256833E2CD;;
RoadTrafficData;MeasurementOrCalculationTime;timeValue;Time value;Point in time at which this specific value or set of values has been measured or calculated. It may also be a future time at which a data value is predicted.  It may be the time of the beginning, the end or the middle of a measurement period.;0..1;EAID_B3DA3E42_F3EC_426b_BE80_37FF4BCB6CBA;;
RoadTrafficData;AxleCharacteristics;maximumWeight;Maximum weight;Maximum axle weight;0..1;EAID_18215DD2_0F5E_4c31_976A_BA16FF6F8CBE;;
RoadTrafficData;AxleCharacteristics;minimumWeight;Minimum weight;Minimum axle weight;0..1;EAID_18215DD2_0F5E_4c31_976A_BA16FF6F8CBE;;
Situation;Cause;causeDescription;Cause description;Description of a cause which is not managed by the publication creator (e.g. an off network cause).;0..1;EAID_E9FD7AF8_362B_4b36_899F_2F827A73E908;;
Situation;Cause;causeType;Cause type;Indicates an external influence that may be the causation of components of a situation.;0..1;EAID_C3B6B88D_E3D6_4701_A822_4D437EDEF0A9;;
Situation;Comment;comment;Comment;A free text comment that can be used by the operator to convey un-coded observations/information.;1..1;EAID_E9FD7AF8_362B_4b36_899F_2F827A73E908;;
Situation;Comment;commentDateTime;Comment date time;The date/time at which the comment was made.;0..1;EAID_B3DA3E42_F3EC_426b_BE80_37FF4BCB6CBA;;
Situation;Comment;commentType;Comment type;A classification of the the type of comment.;0..1;EAID_C00DE0D2_A386_41bb_A307_9DAD672E78AB;;
EnergyInfrastructure;Connector;chargingMode;Charging mode;Available charging modes;0..1;EAID_78F60CDD_4EAD_4979_81DC_43BC565B5496;;
EnergyInfrastructure;Connector;connectorFormat;Connector format;Information on the cable type used.;0..1;EAID_2E791AC9_F3B9_459f_9CE5_A35898E7694B;;
EnergyInfrastructure;Connector;connectorType;Connector type;Specification of the connector, i.e. the charging interface type;1..1;EAID_42F80F68_C2B5_4e33_9A70_95D6EB99659E;;
EnergyInfrastructure;Connector;countryOfDomesticSocket;Country of domestic socket;Countries for which the domestic socket is applicable. Only needed if explicit type of a domestic socket is not specified.;0..*;EAID_31321824_B48F_4b14_8739_481ABEA68F95;;
EnergyInfrastructure;Connector;maximumCurrent;Maximum current;Maximum current in Ampere;0..1;EAID_9CC6CF2F_E428_45f7_AE42_86A6857358A6;;
EnergyInfrastructure;Connector;maxPowerAtSocket;Max power at socket;Maximum power at the socket in Watts;1..1;EAID_AE35E0EC_324B_4bf7_B96B_102F5C136E79;;
EnergyInfrastructure;Connector;otherConnector;Other connector;Some other connector / charging interface;0..1;EAID_DD0FAA46_EDB3_4ba6_A191_377D87F4D303;;
EnergyInfrastructure;Connector;voltage;Voltage;Possible degrees of voltage.;0..1;EAID_4F4270B2_132D_4fd4_B0F6_88A611CD8880;;
Situation;DetailedCauseType;abnormalTrafficType;Abnormal traffic type;A characterization of the nature of abnormal traffic flow, i.e. specifically relating to the nature of the traffic movement.;0..1;EAID_5171B7C7_4F55_4526_B4C2_F173BF203431;;
Situation;DetailedCauseType;accidentType;Accident type;A characterization of the nature of the accident.;0..*;EAID_D13BE3BE_AF8F_4965_9124_6A2EAA72E49C;;
Situation;DetailedCauseType;animalPresenceType;Animal presence type;Indicates the nature of animals present on or near the roadway.;0..1;EAID_85585791_5FA9_4866_9E6B_0241DC4F8D86;;
Situation;DetailedCauseType;authorityOperationType;Authority operation type;Type of authority initiated operation or activity that could disrupt traffic. ;0..1;EAID_3B6AB3C6_04BE_4897_B186_FE7A235C004F;;
Situation;DetailedCauseType;constructionWorkType;Construction work type;The type of construction work being performed.;0..1;EAID_9D6F08AF_E84C_4ea2_B541_A2F0FA565FD4;;
Situation;DetailedCauseType;disturbanceActivityType;Disturbance activity type;Includes all situations of a public disorder type or of an alert type, with potential to disrupt traffic.;0..1;EAID_997A4339_FD4A_4e5a_8307_2E5F6BF17FE4;;
Situation;DetailedCauseType;drivingConditionType;Driving condition type;Description of the driving conditions at the specified location.;0..1;EAID_FA2F93D5_4CAB_4ea8_8473_8B2493935309;;
Situation;DetailedCauseType;environmentalObstructionType;Environmental obstruction type;Characterization of an obstruction on the road resulting from an environmental cause.;0..1;EAID_1383A063_FBEE_4ba5_9408_C2E30134F4BE;;
Situation;DetailedCauseType;equipmentOrSystemFaultType;Equipment or system fault type;Failure, malfunction or non operational condition of equipment or system.;0..1;EAID_DE4E0BE5_6E80_4cf8_A0F4_BEF93A05BDD0;;
Situation;DetailedCauseType;generalInstructionToRoadUsersType;General instruction to road users type;General instruction that is issued by the network/road operator which is applicable to drivers and sometimes passengers.;0..1;EAID_190234CA_6BF4_4c6f_BF65_AB4550B5A884;;
Situation;DetailedCauseType;generalNetworkManagementType;General network management type;The type of traffic management action instigated by the network/road operator.;0..1;EAID_C077F57A_C187_4550_AA1C_1E44BEA12828;;
Situation;DetailedCauseType;infrastructureDamageType;Infrastructure damage type;Characterization of an obstruction on the road resulting from the failure or damage of infrastructure on, under, above or close to the road.;0..1;EAID_CB4CE3F6_900F_4724_A212_3B072403A478;;
Situation;DetailedCauseType;nonWeatherRelatedRoadConditionType;Non weather related road condition type;The type of road conditions which are not related to the weather.;0..*;EAID_FD58E3E5_77F1_4bff_916E_E4EB1292F00D;;
Situation;DetailedCauseType;obstructionType;Obstruction type;Characterization of the type of general obstruction.;0..*;EAID_C2919DE7_121B_4857_B5C0_1707823BB4C7;;
Situation;DetailedCauseType;poorEnvironmentType;Poor environment type;The type of environment condition which is affecting driving conditions.;0..*;EAID_E1FE98BB_2680_422d_BD36_532AB800036C;;
Situation;DetailedCauseType;publicEventType;Public event type;Type of public event which could disrupt traffic.;0..1;EAID_518C29AF_2350_4697_8AEC_A71E58DFB604;;
Situation;DetailedCauseType;reroutingManagementType;Rerouting management type;Type of rerouting management action instigated by operator.;0..*;EAID_D62A78D5_46C5_4910_BC1E_39905542FA47;;
Situation;DetailedCauseType;roadMaintenanceType;Road maintenance type;The type of road maintenance or installation work at the specified location.;0..*;EAID_0E6AA3F1_2E2A_46ee_81DB_2A712623EE05;;
Situation;DetailedCauseType;roadOperatorServiceDisruptionType;Road operator service disruption type;The type of road operator service which is disrupted.;0..*;EAID_2802EC6F_D629_4e24_8E69_26D903BF3EBE;;
Situation;DetailedCauseType;roadOrCarriagewayOrLaneManagementType;Road or carriageway or lane management type;Type of road, carriageway or lane management action instigated by operator.;0..1;EAID_C76C4E19_C7D9_4938_8BA5_8B5CDD35137A;;
Situation;DetailedCauseType;roadsideAssistanceType;Roadside assistance type;Indicates the nature of the road side assistance that will be, is or has been provided.;0..1;EAID_460B7757_E9D8_4957_8870_9A3FCFCC8E99;;
Situation;DetailedCauseType;roadsideServiceDisruptionType;Roadside service disruption type;The type of roadside service which is disrupted.;0..*;EAID_A5D45882_2346_433c_9444_415689FC888E;;
Situation;DetailedCauseType;speedManagementType;Speed management type;Type of speed management action instigated by operator.;0..1;EAID_2832B76B_8083_4766_BC98_32897AC63360;;
Situation;DetailedCauseType;transitServiceInformation;Transit service information;Information about transit services.;0..1;EAID_4E0A980A_61AD_4dea_812C_F7D464E0854D;;
Situation;DetailedCauseType;vehicleObstructionType;Vehicle obstruction type;Characterization of an obstruction on the road caused by one or more vehicles.;0..1;EAID_64FC5DF5_9DA2_48c8_B6FF_A1299DD6EAE5;;
Situation;DetailedCauseType;weatherRelatedRoadConditionType;Weather related road condition type;The type of road surface condition that is related to the weather which is affecting the driving conditions.;0..*;EAID_6B1CA617_8B38_4b04_A8F6_E7BFF5BFBDD4;;
Situation;DetailedCauseType;winterEquipmentManagementType;Winter equipment management type;Type of winter equipment management action instigated by operator.;0..1;EAID_89946255_EE22_4b00_8785_4C861B96E61C;;
EnergyInfrastructure;DieselRefillPoint;cetane;Cetane;Diesel's cetane value;0..1;EAID_FBC8547A_BFDA_44df_B881_4F6BF8DA58EF;;
EnergyInfrastructure;DieselRefillPoint;dieselType;Diesel type;Specifies the type of diesel.;0..*;EAID_AF65853D_7995_460b_9B15_AA5390A3DAA1;;
EnergyInfrastructure;ElectricChargingPoint;availableChargingPower;Available charging power;Possible degrees of charging power in Watts.;0..*;EAID_AE35E0EC_324B_4bf7_B96B_102F5C136E79;;
EnergyInfrastructure;ElectricChargingPoint;availableVoltage;Available voltage;Possible degrees of voltage.;0..*;EAID_4F4270B2_132D_4fd4_B0F6_88A611CD8880;;
EnergyInfrastructure;ElectricChargingPoint;usageType;Usage type;Usage type of the electric charging point.;0..*;EAID_505A5680_27DA_4d18_B76A_359EFFF26321;;
EnergyInfrastructure;ElectricChargingPoint;vehicleToGridCommunicationType;Vehicle to grid communication type;Type of vehicle to grid communication used.;0..*;EAID_20172662_550E_414f_ADA9_22AEEBD81756;;
EnergyInfrastructure;ElectricChargingPointStatus;currentChargingPower;Current charging power;The current power in Watts.;0..1;EAID_AE35E0EC_324B_4bf7_B96B_102F5C136E79;;
EnergyInfrastructure;ElectricChargingPointStatus;currentVoltage;Current voltage;Current used voltage.;0..1;EAID_4F4270B2_132D_4fd4_B0F6_88A611CD8880;;
EnergyInfrastructure;ElectricChargingPointStatus;nextAvailableChargingSlots;Next available charging slots;One or more points of time in the future, at which the charging point will be available (not occupied and not reserved).;0..*;EAID_B3DA3E42_F3EC_426b_BE80_37FF4BCB6CBA;;
EnergyInfrastructure;ElectricChargingPointStatus;remainingChargingTime;Remaining charging time;If known, the approximate remaining charging time for the current vehicle on this refill point can be specified.;0..1;EAID_60B31F7C_803F_4351_A52B_B9E11C22B6E6;;
EnergyInfrastructure;ElectricEnergyMix;carbonDioxideImpact;Carbon dioxide impact;Exhausted carbon dioxide in grams per kilowatt hour;0..1;EAID_6D9A1FCE_0D84_4c83_9683_2AE099B41685;;
EnergyInfrastructure;ElectricEnergyMix;energyMixIndex;Energy mix index;An index to link this element between the static and dynamic publications.;1..1;EAID_61F792F0_DD91_4b9e_A736_215CA3A9E8AC;;
EnergyInfrastructure;ElectricEnergyMix;energyProductName;Energy product name;A name for this energy product;0..1;EAID_E9FD7AF8_362B_4b36_899F_2F827A73E908;;
EnergyInfrastructure;ElectricEnergyMix;isGreenEnergy;Is green energy;True if 100% from regenerative sources (CO2 and nuclear waste is zero);0..1;EAID_009D010E_BE3D_49c1_86D8_34478683971E;;
EnergyInfrastructure;ElectricEnergyMix;notAvailable;Not available;This status related attribute can indicate that the specified electric energy mix, identified by its index, is currently not available.;0..1;EAID_009D010E_BE3D_49c1_86D8_34478683971E;;
EnergyInfrastructure;ElectricEnergyMix;nuclearWasteImpact;Nuclear waste impact;Produced nuclear waste in grams per kilowatt hour;0..1;EAID_6D9A1FCE_0D84_4c83_9683_2AE099B41685;;
EnergyInfrastructure;ElectricEnergySourceRatio;energySource;Energy source;An electric energy source;1..1;EAID_214C3F54_7630_4bec_A029_422F170970AB;;
EnergyInfrastructure;ElectricEnergySourceRatio;otherEnergySource;Other energy source;Some other energy source;0..1;EAID_DD0FAA46_EDB3_4ba6_A191_377D87F4D303;;
EnergyInfrastructure;EnergyInfrastructureSite;brand;Brand;The brand of the site.;0..1;EAID_E9FD7AF8_362B_4b36_899F_2F827A73E908;;
EnergyInfrastructure;EnergyInfrastructureSite;exclusiveUsers;Exclusive users;Limitation to a set of users (exclusive);0..*;EAID_BB95C332_C75B_480f_8B3F_B4C9D06721CB;;
EnergyInfrastructure;EnergyInfrastructureSite;preferredUsers;Preferred users;Users that are preferred at this site (but not exclusive);0..*;EAID_BB95C332_C75B_480f_8B3F_B4C9D06721CB;;
EnergyInfrastructure;EnergyInfrastructureSite;typeOfSite;Type of site;Specifies the type of the site.;0..1;EAID_04FD1412_49B1_4b83_97E6_A5DF62926E5F;;
EnergyInfrastructure;EnergyInfrastructureSiteStatus;availableCarParkingPlaces;Available car parking places;Parking places available for cars.;0..1;EAID_FBC8547A_BFDA_44df_B881_4F6BF8DA58EF;;
EnergyInfrastructure;EnergyInfrastructureSiteStatus;availableTruckParkingPlaces;Available truck parking places;Parking places available for trucks.;0..1;EAID_FBC8547A_BFDA_44df_B881_4F6BF8DA58EF;;
EnergyInfrastructure;EnergyInfrastructureStation;authenticationAndIdentificationMethods;Authentication and identification methods;Information on what methods of identification and/or authentication are accepted;0..*;EAID_596E4311_9B98_42e5_B0C4_B563DC04F846;;
EnergyInfrastructure;EnergyInfrastructureStation;numberOfRefillPoints;Number of refill points;Information on the number of refill points at the station.;0..1;EAID_FBC8547A_BFDA_44df_B881_4F6BF8DA58EF;;
EnergyInfrastructure;EnergyInfrastructureStation;refillPointByReference;Refill point by reference;Refill points can be attached to an EnergyInfrastructureStation instance either by directly associating with a RefillPoint instance or by using this attribute to refer to a RefillPoint instance that has already been defined.;0..*;EAID_3BA348A2_B96E_4bc1_BF06_A2326B0E81BD;;
EnergyInfrastructure;EnergyInfrastructureStation;userInterfaceLanguage;User interface language;Languages, in which a user interface is available, if any;0..*;EAID_0CF8718C_61C5_4a31_836C_1FBF19DB4EEF;;
EnergyInfrastructure;EnergyInfrastructureStationStatus;isAvailable;Is available;Information whether the specific station is available or not. It might be unavailable for example because of a fault, damage or maintenance. It does not inform, if the corresponding refill points are currently occupied or not.;0..1;EAID_009D010E_BE3D_49c1_86D8_34478683971E;;
EnergyInfrastructure;EnergyInfrastructureTable;tableName;Table name;The name of the Energy Infrastructure Table.;0..1;EAID_DD0FAA46_EDB3_4ba6_A191_377D87F4D303;;
EnergyInfrastructure;EnergyPricingPolicy;additionalInformation;Additional information;Free text field for additional information regarding the pricing policy.;0..1;EAID_E9FD7AF8_362B_4b36_899F_2F827A73E908;;
EnergyInfrastructure;EnergyPricingPolicy;combinationWithParkingFee;Combination with parking fee;Indicates whether vehicle charging and parking are included in one combined fee;0..1;EAID_009D010E_BE3D_49c1_86D8_34478683971E;;
EnergyInfrastructure;EnergyPricingPolicy;discount;Discount;Discount indicated in %;0..1;EAID_1BCFDF65_6763_431e_A6E6_7DDD466F0FDC;;
EnergyInfrastructure;EnergyPricingPolicy;maximumDeliveryFee;Maximum delivery fee;A maximum delivery fee.;0..1;EAID_94DA9A81_1920_4239_9B84_0B61B5ED4AA5;;
EnergyInfrastructure;EnergyPricingPolicy;minimumDeliveryFee;Minimum delivery fee;A minimum delivery fee.;0..1;EAID_94DA9A81_1920_4239_9B84_0B61B5ED4AA5;;
EnergyInfrastructure;EnergyPricingPolicy;pricingPolicy;Pricing policy;Information on which ways of pricing are used at the refill point.;0..*;EAID_126EBFBF_9097_42e4_A9CD_5118B84A6600;;
Common;GenericPublication;genericPublicationName;Generic publication name;The name of the generic publication.;1..1;EAID_DD0FAA46_EDB3_4ba6_A191_377D87F4D303;;
Situation;GenericSituationRecord;genericSituationRecordName;Generic situation record name;The name of the GenericSituationRecord.;1..1;EAID_DD0FAA46_EDB3_4ba6_A191_377D87F4D303;;
Situation;GroupOfPeopleInvolved;categoryOfPeopleInvolved;Category of people involved;The category of persons involved.;0..1;EAID_F11DBC61_CA2D_4f0e_8582_BD95041DD101;;
Situation;GroupOfPeopleInvolved;injuryStatusType;Injury status type;The injury status of the people involved.;0..1;EAID_1B8E45C0_E666_4d06_A401_30F65522CEBE;;
Situation;GroupOfPeopleInvolved;involvementRole;Involvement role;The involvement role of the people.;0..1;EAID_A5CA27A1_3C39_4d32_B517_224C6154A86B;;
Situation;GroupOfPeopleInvolved;numberOfPeople;Number of people;The number of people of this group that are involved.;0..1;EAID_FBC8547A_BFDA_44df_B881_4F6BF8DA58EF;;
Common;GroupOfVehiclesInvolved;numberOfVehicles;Number of vehicles;The number of vehicles of this group that are involved.;0..1;EAID_FBC8547A_BFDA_44df_B881_4F6BF8DA58EF;;
Common;GroupOfVehiclesInvolved;vehicleStatus;Vehicle status;Vehicle status.;0..1;EAID_8A84894F_80A5_4088_A946_78775E17664E;;
Common;HazardousMaterials;chemicalName;Chemical name;The chemical name of the hazardous substance carried by the vehicle.;1..1;EAID_E9FD7AF8_362B_4b36_899F_2F827A73E908;;
Common;HazardousMaterials;dangerousGoodsFlashPoint;Dangerous goods flash point;The temperature at which the vapour from a hazardous substance will ignite in air.;0..1;EAID_D1E5B5C9_F64E_43ff_967A_01DC71CB615B;;
Common;HazardousMaterials;dangerousGoodsRegulations;Dangerous goods regulations;The code defining the regulations, international or national, applicable for a means of transport.;0..1;EAID_D16997D8_2DAD_4489_B5A9_61EBFE40AC84;;
Common;HazardousMaterials;hazardCodeIdentification;Hazard code identification;The dangerous goods description code.;0..1;EAID_DD0FAA46_EDB3_4ba6_A191_377D87F4D303;;
Common;HazardousMaterials;hazardCodeVersionNumber;Hazard code version number;The version/revision number of date of issuance of the hazardous material code used.;0..1;EAID_FBC8547A_BFDA_44df_B881_4F6BF8DA58EF;;
Common;HazardousMaterials;hazardSubstanceItemPageNumber;Hazard substance item page number;A number giving additional hazard code classification of a goods item within the applicable dangerous goods regulation.;0..1;EAID_DD0FAA46_EDB3_4ba6_A191_377D87F4D303;;
Common;HazardousMaterials;tremCardNumber;Trem card number;The identification of a transport emergency card giving advice for emergency actions.;0..1;EAID_DD0FAA46_EDB3_4ba6_A191_377D87F4D303;;
Common;HazardousMaterials;undgNumber;UNDG number;A unique serial number assigned within the United Nations to substances and articles contained in a list of the dangerous goods most commonly carried.;0..1;EAID_DD0FAA46_EDB3_4ba6_A191_377D87F4D303;;
Common;HazardousMaterials;volumeOfDangerousGoods;Volume of dangerous goods;The volume of dangerous goods on the vehicle(s) reported in a traffic/travel situation.;0..1;EAID_B430CAA9_5E2C_46d9_A39B_4CFEBA230F73;;
Common;HazardousMaterials;weightOfDangerousGoods;Weight of dangerous goods;The weight of dangerous goods on the vehicle(s) reported in a traffic/travel situation.;0..1;EAID_18215DD2_0F5E_4c31_976A_BA16FF6F8CBE;;
Common;HeaderInformation;allowedDeliveryChannel;Allowed delivery channel;The allowed delivery channel.;0..*;EAID_0D08CBD0_4BB9_40b8_B709_794334B20849;;
Common;HeaderInformation;confidentiality;Confidentiality;The extent to which the related information may be circulated, according to the recipient type.;0..1;EAID_74A8CB5B_7457_4096_BB47_5F88068F0055;;
Common;HeaderInformation;informationStatus;Information status;The status of the related information (real, test, exercise ....).;1..1;EAID_960BC244_5D5A_45ec_8572_3EF2EB88664B;;
EnergyInfrastructure;HydrogenRefillPoint;processProtocol;Process protocol;Information on which protocol is used for the fuelling process.;0..1;EAID_90342BA8_FE02_480d_A4C6_7225C2E29F65;;
EnergyInfrastructure;HydrogenRefillPoint;refillSolution;Refill solution;Definition of the refill solution for hydrogen;1..1;EAID_68E81953_7DFE_425e_B590_275E13B3ACF8;;
EnergyInfrastructure;HydrogenRefillPoint;renewableSourcesRatio;Renewable sources ratio;Percentage of hydrogen from renewable energy sources, to be indicated in %.;0..1;EAID_1BCFDF65_6763_431e_A6E6_7DDD466F0FDC;;
Common;InternationalIdentifier;country;Country;EN ISO 3166-1 two-character country code.;1..1;EAID_31321824_B48F_4b14_8739_481ABEA68F95;;
Common;InternationalIdentifier;nationalIdentifier;National identifier;Identifier or name unique within the specified country.;1..1;EAID_DD0FAA46_EDB3_4ba6_A191_377D87F4D303;;
Vms;ManagedLogicalLocation;distanceFromLogicalLocation;Distance from logical location;Distance in metres of the VMS from the logical location which this sign contributes to the management of.;0..1;EAID_16453DDC_C636_432b_A57A_B792035AD9C9;;
Vms;ManagedLogicalLocation;managedLogicalLocation;Managed logical location;Identification of the logical location (e.g. a car park, a section of road , a junction etc.) which this sign contributes to the management of.;0..1;EAID_E9FD7AF8_362B_4b36_899F_2F827A73E908;;
RoadTrafficData;MeasurementSite;measurementEquipmentReference;Measurement equipment reference;The reference given to the measurement equipment at the site.;0..1;EAID_DD0FAA46_EDB3_4ba6_A191_377D87F4D303;;
RoadTrafficData;MeasurementSite;measurementEquipmentTypeUsed;Measurement equipment type used;The type of equipment used to gather the raw information from which the data values are determined, e.g. 'loop', 'ANPR' (automatic number plate recognition) or 'urban traffic management system' (such as SCOOT).;0..1;EAID_E9FD7AF8_362B_4b36_899F_2F827A73E908;;
RoadTrafficData;MeasurementSite;measurementSiteIdentification;Measurement site identification;Identification of a measurement site used by the supplier or consumer systems.;0..1;EAID_DD0FAA46_EDB3_4ba6_A191_377D87F4D303;;
RoadTrafficData;MeasurementSite;measurementSiteName;Measurement site name;Name of a measurement site.;0..1;EAID_E9FD7AF8_362B_4b36_899F_2F827A73E908;;
RoadTrafficData;MeasurementSite;measurementSiteNumberOfLanes;Measurement site number of lanes;The number of lanes over which the measured value is determined.;0..1;EAID_FBC8547A_BFDA_44df_B881_4F6BF8DA58EF;;
RoadTrafficData;MeasurementSite;measurementSiteRecordVersionTime;Measurement site record version time;The date/time that this version of the measurement site record was defined. The identity and version of the measurement site record are defined by the class stereotype implementation.;0..1;EAID_B3DA3E42_F3EC_426b_BE80_37FF4BCB6CBA;;
RoadTrafficData;MeasurementSiteTable;measurementSiteTableIdentification;Measurement site table identification;An alphanumeric identification for the measurement site table, possibly human readable. ;0..1;EAID_DD0FAA46_EDB3_4ba6_A191_377D87F4D303;;
RoadTrafficData;MeasurementSpecificCharacteristics;accuracy;Accuracy;The extent to which the value is expected to be free from error, measured as a percentage of the data value. 100% means fully accurate.;0..1;EAID_1BCFDF65_6763_431e_A6E6_7DDD466F0FDC;;
RoadTrafficData;MeasurementSpecificCharacteristics;computationMethod;Computation method;Method of computation which is used to compute the measured value at the measurement site.;0..1;EAID_1CE00FF9_97FD_4e1a_A814_C9A4B099D96C;;
RoadTrafficData;MeasurementSpecificCharacteristics;defaultMeasurementHeight;Default measurement height;Default height, above (positive value) or below (negative value) ground level, at which measurements are made. For example in wind measurement this could be the height of an anemometer.;0..1;EAID_5F90D438_ECAA_4f3c_940B_9FE694BC71FA;;
RoadTrafficData;MeasurementSpecificCharacteristics;measurementSide;Measurement side;Side of the road on which measurements are acquired, corresponding to the direction of the road.;0..1;EAID_21079C67_C37F_4608_A1B6_3203D8F4FBF4;;
RoadTrafficData;MeasurementSpecificCharacteristics;period;Period;The time elapsed between the beginning and the end of the sampling or measurement period. This item may differ from the unit attribute; e.g. an hourly flow can be estimated from a 5-minute measurement period.;0..1;EAID_60B31F7C_803F_4351_A52B_B9E11C22B6E6;;
RoadTrafficData;MeasurementSpecificCharacteristics;smoothingFactor;Smoothing factor;Coefficient required when a moving average is computed to give specific weights to the former average and the new data. A typical formula is, F being the smoothing factor: New average = (old average) F + (new data) (1 - F).;0..1;EAID_6D9A1FCE_0D84_4c83_9683_2AE099B41685;;
RoadTrafficData;MeasurementSpecificCharacteristics;specificMeasurementValueType;Specific measurement value type;The type of this specific measurement at the measurement site.;1..1;EAID_E98B9CBE_2504_4006_8EA8_3D5FCBC16B8E;;
Situation;Mobility;mobilityType;Mobility type;An indication of whether the associated instance of a SituationRecord is mobile (e.g. a march or parade moving along a road) or stationary.;1..1;EAID_6549B167_9E3B_4b62_BA73_316727222ED7;;
Situation;Mobility;speed;Speed;Speed of the mobile entity.;0..1;EAID_0FE37E95_3797_468c_BFF9_B7E72038506A;;
EnergyInfrastructure;OrganicGasRefillPoint;organicGasType;Organic gas type;Information on the gas type at the refill point.;0..*;EAID_45512769_5F6A_453f_9B6F_D350D8194232;;
Common;PayloadPublication;defaultLanguage;Default language;The default language used throughout the payload publication.;1..1;EAID_0CF8718C_61C5_4a31_836C_1FBF19DB4EEF;;
Common;PayloadPublication;feedDescription;Feed description;A description of the information which is to be found in the publications originating from the particular feed (URL).;0..1;EAID_E9FD7AF8_362B_4b36_899F_2F827A73E908;;
Common;PayloadPublication;feedType;Feed type;A classification of the information which is to be found in the publications originating from the particular feed.;0..1;EAID_DD0FAA46_EDB3_4ba6_A191_377D87F4D303;;
Common;PayloadPublication;publicationTime;Publication time;Date/time at which the payload publication was created.;1..1;EAID_B3DA3E42_F3EC_426b_BE80_37FF4BCB6CBA;;
EnergyInfrastructure;PetrolRefillPoint;bioethanolPercentage;Bioethanol percentage;Percentage of bioethanol in petrol (typically 5% or 10%);0..1;EAID_1BCFDF65_6763_431e_A6E6_7DDD466F0FDC;;
EnergyInfrastructure;PetrolRefillPoint;bioethanolType;Bioethanol type;Listing of common types of petrol with bioethanol;0..1;EAID_E13447BE_0BF1_47a4_BE57_B68EA26F57CC;;
EnergyInfrastructure;PetrolRefillPoint;octane;Octane;Petrol's octane value;0..1;EAID_FBC8547A_BFDA_44df_B881_4F6BF8DA58EF;;
EnergyInfrastructure;PetrolRefillPoint;petrolType;Petrol type;The type of petrol available at this refill point;0..*;EAID_6F95CAD7_DCCA_4c0e_99E7_FCB563D1DEBB;;
RoadTrafficData;ReferenceSettings;predefinedLocationGroupReference;Predefined location group reference;A reference to a versioned instance of a predefined non-ordered location group as specified in a PredefinedLocationsPublication.;1..1;EAID_3BA348A2_B96E_4bc1_BF06_A2326B0E81BD;;
RoadTrafficData;ReferenceSettings;trafficStatusDefault;Traffic status default;The default value of traffic status that can be assumed to apply to the locations defined by the associated predefined location set.;0..1;EAID_1D90B47B_6E67_4f0f_9E92_611FC95F2326;;
EnergyInfrastructure;RefillPoint;deliveryUnit;Delivery unit;Measurement unit that is used for delivery and accounting the energy provided at this refill point;0..1;EAID_307788D6_F4D7_41cc_840B_9BFFAEEB308C;;
EnergyInfrastructure;RefillPoint;maximumDeliveryAmount;Maximum delivery amount;Maximum delivery amount;0..1;EAID_8A18EED3_A8A9_4650_99A1_4781B7F5067A;;
EnergyInfrastructure;RefillPoint;minimumDeliveryAmount;Minimum delivery amount;Minimum delivery amount;0..1;EAID_8A18EED3_A8A9_4650_99A1_4781B7F5067A;;
EnergyInfrastructure;RefillPoint;modelType;Model type;A description of the refill point model type.;0..1;EAID_E9FD7AF8_362B_4b36_899F_2F827A73E908;;
EnergyInfrastructure;RefillPoint;reservation;Reservation;Information regarding options for reservation of a time frame.;0..1;EAID_15419AE6_506B_4b00_B5F6_2E292487E5B0;;
EnergyInfrastructure;RefillPointStatus;status;Status;Status of the refill point;1..1;EAID_B0AF3561_3D9B_417c_B32F_8D73E22AF69D;;
EnergyInfrastructure;RefillPointStatus;unitsInStock;Units in stock;Amount of delivery units still in stock (with delivery units as defined in the static information model);0..1;EAID_8A18EED3_A8A9_4650_99A1_4781B7F5067A;;
EnergyInfrastructure;ServiceType;serviceType;Service type;Information on different service types for the fuelling/charging and payment process.;0..*;EAID_B1249602_025A_4817_9133_FE026C628761;;
RoadTrafficData;SiteMeasurements;measurementSiteReference;Measurement site reference;A reference to a versioned measurement site record defined in a Measurement Site table.;1..1;EAID_3BA348A2_B96E_4bc1_BF06_A2326B0E81BD;;
Situation;Situation;overallSeverity;Overall severity;The overall assessment of the impact (in terms of severity) that the situation as a whole is having, or will have, on the traffic flow as perceived by the supplier.;0..1;EAID_70F23F05_624B_4683_947F_BBBC8A2F8210;;
Situation;Situation;situationVersionTime;Situation version time;The date/time that this current version of the Situation was written into the database of the supplier which is involved in the data exchange. Identity and version of the situation are defined by the class stereotype implementation.;0..1;EAID_B3DA3E42_F3EC_426b_BE80_37FF4BCB6CBA;;
Situation;SituationRecord;confidentialityOverride;Confidentiality override;The extent to which the related information may be circulated, according to the recipient type. Recipients must comply with this confidentiality statement. This overrides any confidentiality defined for the situation as a whole in the header information.;0..1;EAID_74A8CB5B_7457_4096_BB47_5F88068F0055;;
Situation;SituationRecord;probabilityOfOccurrence;Probability of occurrence;An assessment of the degree of likelihood that the reported event will occur.;1..1;EAID_8EB4A178_6D8A_4e7a_8691_5B441EF4D32D;;
Situation;SituationRecord;safetyRelatedMessage;Safety related message;Indicates whether this SituationRecord specifies a safety-related traffic situation. At least all traffic situations governed by Commission Delegated Regulation (EU) No 886/2013 shall be indicated.;0..1;EAID_009D010E_BE3D_49c1_86D8_34478683971E;;
Situation;SituationRecord;severity;Severity;The assessment of the impact (in terms of severity) that this element of the situation is having, or will have, on the traffic flow as perceived by the supplier.;0..1;EAID_70F23F05_624B_4683_947F_BBBC8A2F8210;;
Situation;SituationRecord;situationRecordCreationReference;Situation record creation reference;A unique alphanumeric reference (e.g. an external reference or a UUID) of the SituationRecord object (the first version of the record) that was created by the original supplier.;0..1;EAID_DD0FAA46_EDB3_4ba6_A191_377D87F4D303;;
Situation;SituationRecord;situationRecordCreationTime;Situation record creation time;The date/time that the SituationRecord object (the first version of the record) was created by the original supplier.;1..1;EAID_B3DA3E42_F3EC_426b_BE80_37FF4BCB6CBA;;
Situation;SituationRecord;situationRecordFirstSupplierVersionTime;Situation record first supplier version time;The date/time that the current version of the Situation Record was written into the database of the original supplier in the supply chain.;0..1;EAID_B3DA3E42_F3EC_426b_BE80_37FF4BCB6CBA;;
Situation;SituationRecord;situationRecordObservationTime;Situation record observation time;The date/time that the information represented by the current version of the SituationRecord was observed by the original (potentially external) source of the information.;0..1;EAID_B3DA3E42_F3EC_426b_BE80_37FF4BCB6CBA;;
Situation;SituationRecord;situationRecordVersionTime;Situation record version time;The date/time that this current version of the SituationRecord within the situation was written into the database of the supplier which is involved in the data exchange. Identity and version of record are defined by the class stereotype implementation.;1..1;EAID_B3DA3E42_F3EC_426b_BE80_37FF4BCB6CBA;;
Common;Source;reliable;Reliable;An indication as to whether the source deems the associated information to be reliable/correct. "True" indicates it is deemed reliable.;0..1;EAID_009D010E_BE3D_49c1_86D8_34478683971E;;
Common;Source;sourceCountry;Source country;EN ISO 3166-1 two-character country code of the source of the information.;0..1;EAID_31321824_B48F_4b14_8739_481ABEA68F95;;
Common;Source;sourceIdentification;Source identification;Language independent textual code or identifier for the organisation or the equipment that has produced the information.;0..1;EAID_DD0FAA46_EDB3_4ba6_A191_377D87F4D303;;
Common;Source;sourceName;Source name;The name of the organisation which has produced the information relating to this version of the information.;0..1;EAID_E9FD7AF8_362B_4b36_899F_2F827A73E908;;
Common;Source;sourceType;Source type;Information about the technology used for measuring the data or the method used for obtaining qualitative descriptions relating to this version of the information.;0..1;EAID_0AB15B40_9052_4729_B75B_C9675226DAD1;;
Common;UrlLink;urlLinkAddress;URL link address;A Uniform Resource Locator (URL) address pointing to a resource available on the Internet from where further relevant information may be obtained.;1..1;EAID_9E8CF17C_B4F8_4f07_BF28_6EAA0295294D;;
Common;UrlLink;urlLinkDescription;URL link description;Description of the relevant information available on the Internet from the URL link.;0..1;EAID_E9FD7AF8_362B_4b36_899F_2F827A73E908;;
Common;UrlLink;urlLinkType;URL link type;Details of the type of relevant information available on the Internet from the URL link.;0..1;EAID_726C154B_6CE3_4038_A274_0AF455F5B74C;;
EnergyInfrastructure;VehicleSpace;parkingAllowedAfterCharging;Parking allowed after charging;When true, parking on this space after charging is allowed for a vehicle.;0..1;EAID_009D010E_BE3D_49c1_86D8_34478683971E;;
Vms;Vms;dedicatedUsage;Dedicated usage;Type of usage to which this VMS is dedicated;0..1;EAID_70D9788B_9CDF_41a6_BE39_3A229C75BDEA;;
Vms;Vms;description;Description;The description of the VMS (possibly giving a description of its location or its normal use).;0..1;EAID_E9FD7AF8_362B_4b36_899F_2F827A73E908;;
Vms;Vms;displayHeight;Display height;Height in metres of the sign's overall display area.;0..1;EAID_5F90D438_ECAA_4f3c_940B_9FE694BC71FA;;
Vms;Vms;displayWidth;Display width;Width in metres of the sign's overall display area.;0..1;EAID_5F90D438_ECAA_4f3c_940B_9FE694BC71FA;;
Vms;Vms;dynamicallyConfigurable;Dynamically configurable;Identifies (when True) that the VMS has a display area that may be dynamically configured to display different combinations of text and pictogram areas. The current configuration will normally be given with each published current VMS setting.;0..1;EAID_009D010E_BE3D_49c1_86D8_34478683971E;;
Vms;Vms;heightAboveCarriageway;Height above carriageway;Height in metres of the mounted sign above the carriageway, measured to the bottom of the display area.;0..1;EAID_5F90D438_ECAA_4f3c_940B_9FE694BC71FA;;
Vms;Vms;lanternsPresent;Lanterns present;Indicates whether the VMS is equipped with flashing lights (called lanterns in some countries) outside the text or pictogram display areas;0..1;EAID_009D010E_BE3D_49c1_86D8_34478683971E;;
Vms;Vms;owner;Owner;Owner (authority or organisation) of the VMS. This may not be the same as the authority or organisation which is currently controlling the VMS.;0..1;EAID_E9FD7AF8_362B_4b36_899F_2F827A73E908;;
Vms;Vms;physicalSupport;Physical support;Description of how the VMS is physically mounted or deployed on the road.;0..1;EAID_9A22A33A_D056_4cac_89A4_07674F5C664B;;
Vms;Vms;vmsType;VMS type;Broad classification of the type of variable message sign.;0..1;EAID_173314A0_3B26_4244_AA30_D64A54648E61;;
Vms;Vms;vmsTypeCode;VMS type code;Specification of the type of VMS defined by a code, normally country or even manufacturer specific (e.g. MS4).;0..1;EAID_DD0FAA46_EDB3_4ba6_A191_377D87F4D303;;
Vms;VmsController;electronicAddress;Electronic address;Electronic address of the VMS controller unit (if not IP addressable).;0..1;EAID_DD0FAA46_EDB3_4ba6_A191_377D87F4D303;;
Vms;VmsController;externalIdentifier;External identifier;Identification of a VMS controller unit used by the supplier or consumer systems.;0..1;EAID_DD0FAA46_EDB3_4ba6_A191_377D87F4D303;;
Vms;VmsController;ipAddress;IP address;IP network address of the VMS controller unit.;0..1;EAID_DD0FAA46_EDB3_4ba6_A191_377D87F4D303;;
Vms;VmsController;numberOfVms;Number of VMS;Number of variable message signs controlled by the unit.;0..1;EAID_FBC8547A_BFDA_44df_B881_4F6BF8DA58EF;;
Vms;VmsControllerTable;vmsControllerTableIdentification;VMS controller table identification;An alphanumeric identification for the VMS controller unit table, possibly human readable. ;0..1;EAID_DD0FAA46_EDB3_4ba6_A191_377D87F4D303;;
Parking;AdditionalCharacteristics;additionalConvenience;Additional convenience;Further facilities for persons with disabilities.;0..*;EAID_B3F3887D_D630_49d3_B792_22FC51F82ED6;;
Parking;AdditionalCharacteristics;distanceFromPrimaryRoad;Distance from primary road;Specifies the distance from the primary road in metres. Especially useful, if parking is located on a smaller type of road.;0..1;EAID_16453DDC_C636_432b_A57A_B792035AD9C9;;
Parking;AdditionalCharacteristics;floor;Floor;The floor on which the described place, subplace or space is located. The numbering or lettering scheme may follow local conventions.;0..1;EAID_DD0FAA46_EDB3_4ba6_A191_377D87F4D303;;
Parking;AdditionalCharacteristics;occupancyDetection;Occupancy detection;Indicates the form of detection that is used to determine space occupancy;0..1;EAID_75FAFEAC_53CD_491e_8D15_9E4AA07882D9;;
Parking;AdditionalCharacteristics;parkingMode;Parking mode;The arrangement of the parking space(s) in relation to the road.;0..1;EAID_80D23B63_25CB_4aba_88D8_21FACC91BF77;;
Parking;AdditionalCharacteristics;structuralCharacteristics;Structural characteristics;Structural characteristics of a parking space or this parking area.;0..*;EAID_426CEE3D_EBB7_424e_96D9_F4D81E469ABE;;
Parking;AdditionalCharacteristics;temporarilyParking;Temporarily parking;Indicates that this campus, (sub)place or space only exists on a temporarily basis. It might close permanently within short notice or might only be partially equipped. The physical parking possibilities might be provisional, too.;0..1;EAID_009D010E_BE3D_49c1_86D8_34478683971E;;
Parking;AdditionalCharacteristics;weightLimit;Weight limit;Weight limit for the space.;0..1;EAID_18215DD2_0F5E_4c31_976A_BA16FF6F8CBE;;
Parking;CertifiedSecureParking;dateOfCertification;Date of certification;Date of certification.;1..1;EAID_863F7915_0FE6_4e53_817B_CF9E9E4A4646;;
Parking;CertifiedSecureParking;typeOfCertification;Type of certification;The type of certification.;1..1;EAID_E9FD7AF8_362B_4b36_899F_2F827A73E908;;
Parking;Characteristics;accessControlled;Access controlled;Indicates facility has physical access control (e.g. barriers, gates) [TRUE] or no access control [FALSE];0..1;EAID_009D010E_BE3D_49c1_86D8_34478683971E;;
Parking;Characteristics;accessForPersonsWithDisabilities;Access for persons with disabilities;Specifies, whether easy access is possible for persons with disabilities.;0..*;EAID_009D010E_BE3D_49c1_86D8_34478683971E;;
Parking;Characteristics;activationMode;Activation mode;Modes or credentials that can be used to activate a parking session or other operation (delivery, loading, etc.).;0..*;EAID_5C8DB561_ACBB_43af_B261_A5439E922F2C;;
Parking;Characteristics;coveredType;Covered type;Specifies the type of covering of a place. Covered can include roof, canopy and other structures that protect the place from the environment.;0..1;EAID_FC05E2B6_579D_4d7a_B391_53E24A0BAC74;;
Parking;Characteristics;openToPublic;Open to public;identifies if this facility is accessible to public use [TRUE] or private use only [FALSE].;0..1;EAID_009D010E_BE3D_49c1_86D8_34478683971E;;
Parking;Characteristics;robotic;Robotic;Indicates existence of a robotic parking system - a parking structure where customer leaves vehicle at drop off area and robots move the vehicle to parking location in structure. Default or absence of value indicates [FALSE] = no robotic parking system.;0..1;EAID_009D010E_BE3D_49c1_86D8_34478683971E;;
Parking;Characteristics;spacesNonDedicated;Spaces non dedicated;Number of parking spaces that are not assigned for a particular purpose.;0..1;EAID_FBC8547A_BFDA_44df_B881_4F6BF8DA58EF;;
Parking;Characteristics;spacesTotal;Spaces total;Total number of parking spaces.;0..1;EAID_FBC8547A_BFDA_44df_B881_4F6BF8DA58EF;;
Parking;Characteristics;staffed;Staffed;Indicates facility has on-site staff [TRUE] or no on-site staff [FALSE] for the majority, but not all, of the open valid operating times.;0..1;EAID_3FEEE811_11BD_456f_A646_272B13D21FC7;;
Parking;Characteristics;structureGrade;Structure grade;Defines the parking structure with respect to ground level.;0..1;EAID_1F67D429_2747_45b5_B518_9249A7B6F1F0;;
Parking;Characteristics;structureType;Structure type;Defines the type of parking structure.;1..1;EAID_586E1CB4_FF5B_41f4_AA3C_33C2E0CCF945;;
Parking;DedicatedAccess;dedicatedAccess;Dedicated access;A reference to a VehicularAccess or PedestrianAccess.;1..1;EAID_3BA348A2_B96E_4bc1_BF06_A2326B0E81BD;;
Parking;DedicatedAccess;distanceFromParkingSpace;Distance from parking space;Distance from this access to the parking space or group of parking spaces. Especially interesting for persons with disabilities or in case of the need of changing the side of a motorway.;0..1;EAID_16453DDC_C636_432b_A57A_B792035AD9C9;;
Parking;ImageAlbum;caption;Caption;Free-text string providing user context to the logo or picture;0..*;EAID_E9FD7AF8_362B_4b36_899F_2F827A73E908;;
Parking;ImageAlbum;logoImage;Logo image;URL to location of logo(s) the parking operator wishes to associate with this parking facility (e.g. their logo, schemes [ParkMark]);0..*;EAID_9E8CF17C_B4F8_4f07_BF28_6EAA0295294D;;
Parking;ImageAlbum;photo;Photo;Specifies a URL at which a photo of the object in concern can be found.;0..1;EAID_9E8CF17C_B4F8_4f07_BF28_6EAA0295294D;;
Parking;Marketing;webUrl;Web URL;Universal Resource Identifier (URI) linking to marketing material.;0..*;EAID_9E8CF17C_B4F8_4f07_BF28_6EAA0295294D;;
Parking;PermitsAndProhibitions;activity;Activity;An activity, which is regulated.;1..1;EAID_1955800E_7935_4350_AF62_331125574A86;;
Parking;PermitsAndProhibitions;regulation;Regulation;Regulation for the specified activity.;1..1;EAID_E36BF1A7_C2F3_4d01_8CED_BBF740F00617;;
Parking;RgbColour;blue;Blue;The blue value of the RGB colour (0..255).;1..1;EAID_FBC8547A_BFDA_44df_B881_4F6BF8DA58EF;;
Parking;RgbColour;colourName;Colour name;The name of the colour.;0..1;EAID_E9FD7AF8_362B_4b36_899F_2F827A73E908;;
Parking;RgbColour;green;Green;The green value of the RGB colour (0..255).;1..1;EAID_FBC8547A_BFDA_44df_B881_4F6BF8DA58EF;;
Parking;RgbColour;red;Red;The red value of the RGB colour (0..255).;1..1;EAID_FBC8547A_BFDA_44df_B881_4F6BF8DA58EF;;
Parking;SafetyStandardClassification;additionalSafety;Additional safety;Safety measures on the parking that is not covered by the corresponding enumeration.;0..*;EAID_E9FD7AF8_362B_4b36_899F_2F827A73E908;;
Parking;SafetyStandardClassification;additionalSecurity;Additional security;Security equipment of the parking that is not covered by the corresponding enumeration.;0..*;EAID_E9FD7AF8_362B_4b36_899F_2F827A73E908;;
Parking;SafetyStandardClassification;safety;Safety;Safety measures on the parking according to European Secure Parking Organisation.;0..*;EAID_685A7915_318C_402e_888D_66919E0EEE46;;
Parking;SafetyStandardClassification;securityFeature;Security feature;Security feature identified for this place.;0..1;EAID_898845A5_8A29_4a07_AE4A_CD9A1F2FA55C;;
Parking;SafetyStandardClassification;securityLevel;Security level;Security level identified for this place in a defined scheme;0..1;EAID_55EC2400_12F8_42a8_BD16_0F7A7D408768;;
Parking;SafetyStandardClassification;securityNationalClassification;Security national classification;A national classification of the parking security.;0..1;EAID_E9FD7AF8_362B_4b36_899F_2F827A73E908;;
Parking;SafetyStandardClassification;supervision;Supervision;Defines the kind of supervision of the parking site.;0..*;EAID_6521B814_729F_4f01_921B_7E41072BD992;;
Situation;Conditions;drivingConditionType;Driving condition type;Description of the driving conditions at the specified location.;0..1;EAID_FA2F93D5_4CAB_4ea8_8473_8B2493935309;;
Situation;NonWeatherRelatedRoadConditions;nonWeatherRelatedRoadConditionType;Non weather related road condition type;The type of road conditions which are not related to the weather.;1..*;EAID_FD58E3E5_77F1_4bff_916E_E4EB1292F00D;;
Situation;PoorEnvironmentConditions;poorEnvironmentType;Poor environment type;The type of environment condition which is affecting driving conditions.;1..*;EAID_E1FE98BB_2680_422d_BD36_532AB800036C;;
Situation;WeatherRelatedRoadConditions;weatherRelatedRoadConditionType;Weather related road condition type;The type of road surface condition that is related to the weather which is affecting the driving conditions.;1..*;EAID_6B1CA617_8B38_4b04_A8F6_E7BFF5BFBDD4;;
Common;ApplicationRateValue;applicationRate;Application rate;A value of the rate of application of a substance expressed in kilogrammes per square metre.;1..1;EAID_75A99E5B_9DA6_48dc_9FE9_D86DE867A57C;;
RoadTrafficData;AxleFlowValue;axleFlowRate;Axle flow rate;A value of the flow rate of vehicle axles expressed in axles per hour.;1..1;EAID_49F071C3_3125_4860_AAE3_AD113EE7A1BE;;
RoadTrafficData;DailyTrafficFlowValue;vehicleFlowRate;Vehicle flow rate;Value of daily vehicle flow in units of vehicles per day;1..1;EAID_02041CCE_AC37_4890_A3B4_E8176D30AE97;;
Common;DirectionBearingValue;directionBearing;Direction bearing;A value of direction expressed in terms of a bearing measured in whole degrees. Unless otherwise specified the reference direction corresponding to 0 degrees is North.;1..1;EAID_AD0F9F63_BEE7_44db_80EA_6ACFBAFED493;;
Common;DirectionCompassValue;directionCompass;Direction compass;A value of direction expressed in terms of points of the compass.;1..1;EAID_CD625834_2DCB_4b5d_9917_70F3C3C59F6A;;
Facilities;DurationValue;duration;Duration;A period of time expressed in seconds.;1..1;EAID_60B31F7C_803F_4351_A52B_B9E11C22B6E6;;
RoadTrafficData;DurationValue;duration;Duration;A period of time expressed in seconds.;1..1;EAID_60B31F7C_803F_4351_A52B_B9E11C22B6E6;;
Common;FloatingPointMetreDistanceValue;distance;Distance;A value of distance expressed in metres in a floating point format.;1..1;EAID_5F90D438_ECAA_4f3c_940B_9FE694BC71FA;;
Common;FrictionValue;friction;Friction;Friction, usually a value between 0 and 1.;1..1;EAID_6D9A1FCE_0D84_4c83_9683_2AE099B41685;;
Common;IntegerMetreDistanceValue;integerMetreDistance;Integer metre distance;A value of distance expressed in metres in a non-negative integer format.;1..1;EAID_16453DDC_C636_432b_A57A_B792035AD9C9;;
Common;KilogramsConcentrationValue;kilogramsConcentration;Kilograms concentration;A value defining the amount of a substance in a given volume (concentration) expressed in kilograms per cubic metre.;1..1;EAID_768723D1_41EC_4d1f_96F0_86FE095B01E6;;
Common;MicrogramsConcentrationValue;microgramsConcentration;Micrograms concentration;A value of the amount of a substance in a given volume (concentration) expressed in µg/m3 (micrograms/cubic metre).;1..1;EAID_C0813C0C_1E4A_420c_B130_6BC3920E662F;;
RoadTrafficData;PcuFlowValue;pcuFlowRate;Pcu flow rate;A value of passenger car unit flow rate expressed in passenger car units per hour.;1..1;EAID_7974C6D1_2723_4f4d_BD8F_9A1529C1F1E4;;
Common;PercentageValue;percentage;Percentage;A value expressed as a percentage.;1..1;EAID_1BCFDF65_6763_431e_A6E6_7DDD466F0FDC;;
Common;PrecipitationIntensityValue;millimetresPerHourIntensity;Millimetres per hour intensity;A value of precipitation intensity expressed in units of millimetres per hour.;1..1;EAID_9A3E3130_E14D_484c_96B1_55445529B6F2;;
Common;PressureValue;pressure;Pressure;Atmospheric pressure.;1..1;EAID_BF1E734B_7E2A_480e_B21B_EF514F491847;;
Common;SpeedValue;speed;Speed;A value of speed expressed in kilometres per hour.;1..1;EAID_0FE37E95_3797_468c_BFF9_B7E72038506A;;
Common;TemperatureValue;temperature;Temperature;A value of temperature expressed in degrees Celsius.;1..1;EAID_D1E5B5C9_F64E_43ff_967A_01DC71CB615B;;
RoadTrafficData;TrafficDensityValue;densityOfVehicles;Density of vehicles;A value of traffic density expressed in the number of vehicles per kilometre of road.;1..1;EAID_7B423F0E_D12E_4122_8159_7B8BFD5C7E18;;
RoadTrafficData;TrafficStatusValue;trafficStatusValue;Traffic status value;A status value of traffic conditions on the identified section of road in the specified direction.;1..1;EAID_1D90B47B_6E67_4f0f_9E92_611FC95F2326;;
Common;VehicleFlowValue;vehicleFlowRate;Vehicle flow rate;A value of vehicle flow rate expressed in vehicles per hour.;1..1;EAID_4E6BDBFC_6A87_45b3_B2B3_A62D0F0B1D72;;
Common;WindSpeedValue;windSpeed;Wind speed;A value of wind speed expressed in metres per second.;1..1;EAID_F47E07FF_CBEA_46e0_A9FD_6AAA9B9D3ACB;;
Facilities;Dimension;height;Height;Height.;0..1;EAID_5F90D438_ECAA_4f3c_940B_9FE694BC71FA;;
Facilities;Dimension;length;Length;Length.;0..1;EAID_5F90D438_ECAA_4f3c_940B_9FE694BC71FA;;
Facilities;Dimension;usableArea;Usable area;The area measured in square metres, that is available for some specific purpose.;0..1;EAID_F4C3CF05_FC41_49cd_A670_AADB661B05D4;;
Facilities;Dimension;width;Width;Width.;0..1;EAID_5F90D438_ECAA_4f3c_940B_9FE694BC71FA;;
RoadTrafficData;ElaboratedDataPublication;forecastDefault;Forecast default;The default value for the publication of whether the elaborated data is a forecast (true = forecast).;0..1;EAID_009D010E_BE3D_49c1_86D8_34478683971E;;
RoadTrafficData;ElaboratedDataPublication;periodDefault;Period default;The default value for the publication of the time elapsed between the beginning and the end of the sampling or measurement period. This item may differ from the unit attribute; e.g. an hourly flow can be estimated from a 5-minute measurement period.;0..1;EAID_60B31F7C_803F_4351_A52B_B9E11C22B6E6;;
RoadTrafficData;ElaboratedDataPublication;timeDefault;Time default;The default for the publication of the time at which the values have been computed/derived.;0..1;EAID_B3DA3E42_F3EC_426b_BE80_37FF4BCB6CBA;;
Facilities;Eligibility;description;Description;Free-text description for the eligibility definition;0..1;EAID_E9FD7AF8_362B_4b36_899F_2F827A73E908;;
Facilities;Eligibility;eligibilityName;Eligibility name;Free-text name for the eligibility definition;0..1;EAID_E9FD7AF8_362B_4b36_899F_2F827A73E908;;
Facilities;Qualification;activeAssignedRight;Active assigned right;Indication of an assigned right.;0..1;EAID_DD0FAA46_EDB3_4ba6_A191_377D87F4D303;;
Facilities;Qualification;memberOfOtherRateTable;Member of other rate table;Indicates if this qualification can be used in combination with the use of another rate table. [TRUE]= member of (i.e., used) another rate table.;0..1;EAID_009D010E_BE3D_49c1_86D8_34478683971E;;
Facilities;Qualification;membershipName;Membership name;Free-text description of the membership;0..*;EAID_E9FD7AF8_362B_4b36_899F_2F827A73E908;;
Facilities;Qualification;noFeeToUse;No fee to use;Specific facility is free or not. [TRUE] (e.g. free to park);0..1;EAID_009D010E_BE3D_49c1_86D8_34478683971E;;
Facilities;Qualification;propulsionEnergyType;Propulsion energy type;Indicates eligible fuel types for applicable vehicles;0..*;EAID_7EED0872_C764_4d3d_89EA_466B61F4ECC5;;
Facilities;Qualification;rateTableMember;Rate table member;Reference to another rate table membership;0..*;EAID_3BA348A2_B96E_4bc1_BF06_A2326B0E81BD;;
Facilities;Qualification;withMembership;With membership;Indicates that a membership is required. [TRUE] membership required;0..1;EAID_009D010E_BE3D_49c1_86D8_34478683971E;;
Facilities;Qualification;withReservation;With reservation;Indicates whether a reservation is required. [TRUE] reservation required;0..1;EAID_009D010E_BE3D_49c1_86D8_34478683971E;;
Facilities;UserQualification;userGroup;User group;Indicates the user-defined user group qualification;1..1;EAID_BB95C332_C75B_480f_8B3F_B4C9D06721CB;;
EnergyInfrastructure;EnergyInfrastructureStatusPublication;tableReference;Table reference;Reference to static tables containing the sites referenced in this publication.;0..*;EAID_3BA348A2_B96E_4bc1_BF06_A2326B0E81BD;;
Facilities;FacilityObjectStatus;reference;Reference;Reference to the corresponding static facility object.;1..1;EAID_3BA348A2_B96E_4bc1_BF06_A2326B0E81BD;;
Common;Fault;faultLastUpdateTime;Fault last update time;The date and time at which the fault information as specified in this instance was last updated.;1..1;EAID_B3DA3E42_F3EC_426b_BE80_37FF4BCB6CBA;;
LocationExtension;Address;city;City;Postal city name of the address.;0..1;EAID_E9FD7AF8_362B_4b36_899F_2F827A73E908;;
LocationExtension;Address;countryCode;Country code;EN ISO 3166-1 two-character country code.;0..1;EAID_31321824_B48F_4b14_8739_481ABEA68F95;;
LocationExtension;Address;postcode;Postcode;Postcode or postal code for the address.;0..1;EAID_DD0FAA46_EDB3_4ba6_A191_377D87F4D303;;
LocationExtension;AddressLine;order;Order;The sequence order that the address line element should be displayed in;1..1;EAID_FBC8547A_BFDA_44df_B881_4F6BF8DA58EF;;
LocationExtension;AddressLine;text;Text;Free-text description for the address line element;1..1;EAID_E9FD7AF8_362B_4b36_899F_2F827A73E908;;
LocationExtension;AddressLine;type;Type;The type for the address line element;1..1;EAID_6FB990D0_3C82_424a_A22A_6FF1E5243DD2;;
CommonExtension;EmissionsExtension;comparisonOperator;Comparison operator;A comparison operator for the applicable emission classifications in correspondence to the specified value. The comparison applies to the Roman- or Arabic-numbered portion (e.g. euro6 > euro5b), but not crosswise (e.g. euro6 cannot be compared to euroV).;1..1;EAID_4013D83C_DA11_4d0c_B4BD_072E4CCC74D2;;
LocationExtension;FacilityLocation;timeZone;Time zone;The time zone the facility is located in.;0..1;EAID_38EFFEAC_F231_48a8_8FBA_A708290DB808;;
LocationExtension;NamedAreaExtended;namedAreaCode;Named area code;Code for the named area, such a postal code or other code assigned for administration.;1..1;EAID_2220A94D_04CE_4ed8_BD80_322E2B8B233D;;
LocationReferencing;GmlLineString;posList;Pos list;List of coordinate tuples define the geometry of this GmlLineString. There must be at least 2 tuples of coordinates. Form depends on coordinate reference system; typical form is space-separated pairs of latitude and longitude.;1..1;EAID_54C506D2_F537_4288_BA08_C5BCABF49ED6;;
LocationReferencing;GmlLineString;srsDimension;SRS dimension;Provides the size of the tuple of coordinates of each point. This number is 2 or 3. By default when omitted the dimension shall be interpreted as 2.;0..1;EAID_FBC8547A_BFDA_44df_B881_4F6BF8DA58EF;;
LocationReferencing;GmlLineString;srsName;SRS name;Specifies the Coordinate Reference System (CRS) used to interpret the coordinates in this GmlLineString;0..1;EAID_DD0FAA46_EDB3_4ba6_A191_377D87F4D303;;
LocationReferencing;GmlMultiPolygon;gmlAreaName;GML area name;Name of the multi-polygon area;0..1;EAID_E9FD7AF8_362B_4b36_899F_2F827A73E908;;
Vms;GddPictogramAttributes;attributes;Attributes;ISO 14823 "attributes" data frame which augments the basic identification of the type of pictogram with further textual or numeric data. The encoding shall follow unaligned packed encoding rules (UPER) [ISO/IEC 8825-2:2015];1..1;EAID_FE0DD564_1AC5_4e7f_9A6F_FCC2C8D9B576;;
Vms;GddPictogramIdentification;country;Country;Country code used to either allow associating a country-specific rendering with the coded pictogram or distinguish nationally-defined pictogram codes.;1..1;EAID_31321824_B48F_4b14_8739_481ABEA68F95;;
Vms;GddPictogramIdentification;pictogramCategoryCode;Pictogram category code;Code that identifies a pictogram for a given country and service category.;1..1;EAID_26A28897_7BD7_4fbd_AB36_9CF5B7F04D72;;
Vms;GddPictogramIdentification;serviceCategory;Service category;Category used to group pictograms for a given usage;1..1;EAID_D01F0F60_7D94_49bf_AD67_847CB98C895E;;
Parking;SupplementalFacility;reference;Reference;A reference on a previously defined SupplementalFacility (from namespace Facilities).;1..1;EAID_3BA348A2_B96E_4bc1_BF06_A2326B0E81BD;;
Situation;Delays;delayBand;Delay band;The time band within which the additional travel time due to adverse travel conditions of any kind falls, when compared to "normal conditions".;0..1;EAID_B2D6AC6A_B480_4e08_85A1_67FF109001A2;;
Situation;Delays;delaysType;Delays type;Coarse classification of the delay.;0..1;EAID_634A1507_B766_4d3c_8663_29C65B1427FF;;
Situation;Delays;delayTimeValue;Delay time value;The value of the additional travel time due to adverse travel conditions of any kind, when compared to "normal conditions", given in seconds.;0..1;EAID_60B31F7C_803F_4351_A52B_B9E11C22B6E6;;
Situation;Impact;capacityRemaining;Capacity remaining;The ratio of current capacity to the normal (free flow) road capacity in the defined direction, expressed as a percentage. Capacity is the maximum number of vehicles that can pass a specified point on the road, in unit time given the specified conditions.;0..1;EAID_1BCFDF65_6763_431e_A6E6_7DDD466F0FDC;;
Situation;Impact;numberOfLanesRestricted;Number of lanes restricted;The number of normally usable lanes on the carriageway which are now restricted either fully or partially (this may include the hard shoulder if it is normally available for operational use, e.g. in hard shoulder running schemes).;0..1;EAID_FBC8547A_BFDA_44df_B881_4F6BF8DA58EF;;
Situation;Impact;numberOfOperationalLanes;Number of operational lanes;The number of usable lanes in the specified direction which remain fully operational (this may include the hard shoulder if it is being used as an operational lane).;0..1;EAID_FBC8547A_BFDA_44df_B881_4F6BF8DA58EF;;
Situation;Impact;residualLaneWidth;Residual lane width;The width of lanes after any lane narrowing;0..1;EAID_5F90D438_ECAA_4f3c_940B_9FE694BC71FA;;
Situation;Impact;residualRoadWidth;Residual road width;The total width of the combined operational lanes in the specified direction.;0..1;EAID_5F90D438_ECAA_4f3c_940B_9FE694BC71FA;;
RoadTrafficData;IndividualVehicleDataValues;arrivalTime;Arrival time;The time of the arrival of an individual vehicle in a detection zone.;0..1;EAID_B3DA3E42_F3EC_426b_BE80_37FF4BCB6CBA;;
RoadTrafficData;IndividualVehicleDataValues;distanceGap;Distance gap;The measured distance between the front of this vehicle and the rear of the preceding one, in metres at the specified measurement site.;0..1;EAID_5F90D438_ECAA_4f3c_940B_9FE694BC71FA;;
RoadTrafficData;IndividualVehicleDataValues;distanceHeadway;Distance headway;The measured distance between one end (normally the front) of this vehicle and the same end of the preceding vehicle at the specified measurement site.;0..1;EAID_5F90D438_ECAA_4f3c_940B_9FE694BC71FA;;
RoadTrafficData;IndividualVehicleDataValues;exitTime;Exit time;The time when an individual vehicle leaves a detection zone.;0..1;EAID_B3DA3E42_F3EC_426b_BE80_37FF4BCB6CBA;;
RoadTrafficData;IndividualVehicleDataValues;passageDuration;Passage duration;The time elapsed between an individual vehicle entering a detection zone and exiting the same detection zone as detected by entry and exit sensors.;0..1;EAID_60B31F7C_803F_4351_A52B_B9E11C22B6E6;;
RoadTrafficData;IndividualVehicleDataValues;presenceDuration;Presence duration;The period of time during which a vehicle activates a presence sensor.;0..1;EAID_60B31F7C_803F_4351_A52B_B9E11C22B6E6;;
RoadTrafficData;IndividualVehicleDataValues;speed;Speed;The measured speed of the individual vehicle at the specified measurement site.;0..1;EAID_0FE37E95_3797_468c_BFF9_B7E72038506A;;
RoadTrafficData;IndividualVehicleDataValues;timeGap;Time gap;The time interval between the arrival of this vehicle's front at a point on the roadway, and that of the departure of the rear of the preceding one.;0..1;EAID_60B31F7C_803F_4351_A52B_B9E11C22B6E6;;
RoadTrafficData;IndividualVehicleDataValues;timeHeadway;Time headway;The measured time interval between this vehicle's arrival at (or departure from) a point on the roadway, and the equivalent event for the preceding vehicle.;0..1;EAID_60B31F7C_803F_4351_A52B_B9E11C22B6E6;;
Parking;JunctionInformation;junctionClassification;Junction classification;Explicit type of junction.;0..1;EAID_8A09433C_4D58_4e33_8B26_9CCC80E28F17;;
Parking;JunctionInformation;junctionName;Junction name;Name of the junction.;1..1;EAID_E9FD7AF8_362B_4b36_899F_2F827A73E908;;
Parking;JunctionInformation;junctionNumber;Junction number;Number of the junction, might also include letters (example: 23A).;0..1;EAID_DD0FAA46_EDB3_4ba6_A191_377D87F4D303;;
Parking;RoadInformationEnhanced;roadOrigination;Road origination;Name of some city, area, compass direction or other identification this road comes from.;0..*;EAID_E9FD7AF8_362B_4b36_899F_2F827A73E908;;
Parking;RoadInformationEnhanced;typeOfRoad;Type of road;Type of the road.;0..1;EAID_822D998D_9624_47d7_8515_0EFE97119D6C;;
LocationReferencing;LinearWithinLinearElement;administrativeAreaOfLinearSection;Administrative area of linear section;Identification of the road administration area which contains the specified linear section.;0..1;EAID_E9FD7AF8_362B_4b36_899F_2F827A73E908;;
LocationReferencing;LinearWithinLinearElement;directionOnLinearSection;Direction on linear section;The direction of traffic flow on the linear section in terms of general destination direction.;0..1;EAID_21079C67_C37F_4608_A1B6_3203D8F4FBF4;;
LocationReferencing;LinearWithinLinearElement;directionRelativeOnLinearSection;Direction relative on linear section;The direction of traffic flow on the linear section relative to the direction in which the linear element is defined.;0..1;EAID_3855110B_58FC_4abc_B24D_F8E0A01CE1DB;;
LocationReferencing;LinearWithinLinearElement;heightGradeOfLinearSection;Height grade of linear section;Identification of whether the linear section that is part of the linear element is at, above or below the normal elevation of a linear element of that type (e.g. road or road section) at that location, typically used to indicate "grade" separation.;0..1;EAID_58DB636F_DC56_4c5b_A6B9_B836009EB0A2;;
LocationReferencing;AreaLocation;areasAtWhichApplicable;Areas at which applicable;Places, in generic terms, at which the corresponding information applies.;0..1;EAID_B3C2F246_36BF_4197_820A_AFED76889E4B;;
LocationReferencing;ExternalReferencing;externalLocationCode;External location code;A code in the external referencing system which defines the location.;1..1;EAID_DD0FAA46_EDB3_4ba6_A191_377D87F4D303;;
LocationReferencing;ExternalReferencing;externalReferencingSystem;External referencing system;Identification of the external/other location referencing system.;1..1;EAID_DD0FAA46_EDB3_4ba6_A191_377D87F4D303;;
LocationReferencing;ItineraryByReference;predefinedItineraryReference;Predefined itinerary reference;A reference to a versioned instance of a predefined itinerary as specified in a PredefinedLocationsPublication.;1..1;EAID_3BA348A2_B96E_4bc1_BF06_A2326B0E81BD;;
LocationReferencing;LocationByReference;predefinedLocationReference;Predefined location reference;A reference to a versioned predefined location.;1..1;EAID_3BA348A2_B96E_4bc1_BF06_A2326B0E81BD;;
LocationReferencing;LocationGroupByReference;predefinedLocationGroupReference;Predefined location group reference;A reference to a versioned instance of a predefined location group as specified in a PredefinedLocationsPublication.;1..1;EAID_3BA348A2_B96E_4bc1_BF06_A2326B0E81BD;;
LocationReferencing;OffsetDistance;offsetDistance;Offset distance;The non-negative offset distance from the ALERT-C referenced point to the actual point. The ALERT-C locations in the primary and secondary locations must always encompass the linear section being specified, thus offset distance is towards the other point.;1..1;EAID_16453DDC_C636_432b_A57A_B792035AD9C9;;
RoadTrafficData;MeasuredDataPublication;measurementSiteTableReference;Measurement site table reference;A reference to a versioned Measurement Site table.;1..*;EAID_3BA348A2_B96E_4bc1_BF06_A2326B0E81BD;;
LocationReferencing;IsoNamedArea;subdivisionCode;Subdivision code;The second part of an ISO 3166-2 subdivision code for the named area, which may be used along with the country attribute from the parent class to make a full ISO 3166-2 subdivision code.;1..1;EAID_B1668226_7D16_403e_9978_8359AFB7F478;;
LocationReferencing;IsoNamedArea;subdivisionType;Subdivision type;The ISO 3166-2 subdivison type for the named area.;1..1;EAID_D31CF2FF_95E4_4bb0_8797_065542939A31;;
LocationReferencing;NamedArea;areaName;Area name;The name of the area.;1..1;EAID_E9FD7AF8_362B_4b36_899F_2F827A73E908;;
LocationReferencing;NamedArea;country;Country;EN ISO 3166-1 two-character country code.;0..1;EAID_31321824_B48F_4b14_8739_481ABEA68F95;;
LocationReferencing;NamedArea;namedAreaType;Named area type;The type of the area.;0..1;EAID_D5824266_AE5D_4182_9471_1BD04D6AE5A3;;
LocationReferencing;NutsNamedArea;nutsCode;NUTS code;The NUTS code for the named area.;1..1;EAID_CC02DBA3_C472_4da8_A229_C3D814726B8E;;
LocationReferencing;NutsNamedArea;nutsCodeType;NUTS code type;The NUTS code type for the named area.;1..1;EAID_E87C5F89_5562_4f72_A515_4346E0398E28;;
Situation;GeneralInstructionOrMessageToRoadUsers;generalInstructionToRoadUsersType;General instruction to road users type;General instruction that is issued by the network/road operator which is applicable to drivers and sometimes passengers.;0..1;EAID_190234CA_6BF4_4c6f_BF65_AB4550B5A884;;
Situation;GeneralInstructionOrMessageToRoadUsers;generalMessageToRoadUsers;General message to road users;General message that is issued by the network/road operator which is applicable to drivers and sometimes passengers, e.g. details about an amber alert (missing or abducted child alert).;0..1;EAID_E9FD7AF8_362B_4b36_899F_2F827A73E908;;
Situation;GeneralNetworkManagement;generalNetworkManagementType;General network management type;The type of traffic management action instigated by the network/road operator.;1..1;EAID_C077F57A_C187_4550_AA1C_1E44BEA12828;;
Situation;GeneralNetworkManagement;trafficManuallyDirectedBy;Traffic manually directed by;Type of person that is manually directing traffic (applicable if generalNetworkManagementType is set to "trafficBeingManuallyDirected").;0..1;EAID_F11DBC61_CA2D_4f0e_8582_BD95041DD101;;
Situation;NetworkManagement;applicableForTrafficDirection;Applicable for traffic direction;The ultimate traffic direction to which the network management is applicable.;0..*;EAID_21079C67_C37F_4608_A1B6_3203D8F4FBF4;;
Situation;NetworkManagement;applicableForTrafficType;Applicable for traffic type;The type of traffic to which the network management is applicable.;0..*;EAID_27EF8926_626E_4109_99D7_A0BFB39A2AB9;;
Situation;NetworkManagement;automaticallyInitiated;Automatically initiated;Defines whether the network management is initiated by an automatic system.;0..1;EAID_009D010E_BE3D_49c1_86D8_34478683971E;;
Situation;NetworkManagement;complianceOption;Compliance option;Defines whether the network management instruction or the control resulting from a network management action is advisory or mandatory.;1..1;EAID_BF6940B6_8455_4b78_923A_A7B17B4CCF8E;;
Situation;NetworkManagement;placesAtWhichApplicable;Places at which applicable;Places, in generic terms, at which the network management applies.;0..*;EAID_A27BB9B1_61C0_412e_9BBE_A1BA3F1CABCB;;
Situation;ReroutingManagement;alternativeRouteIdentifier;Alternative route identifier;Identity used on signs to identify the alternative route, typically a very short sequence of letters and/or digits;0..1;EAID_DD0FAA46_EDB3_4ba6_A191_377D87F4D303;;
Situation;ReroutingManagement;entry;Entry;The specified entry on to another road at which the alternative route commences.;0..1;EAID_DD0FAA46_EDB3_4ba6_A191_377D87F4D303;;
Situation;ReroutingManagement;exit;Exit;The specified exit from the normal route/road at which the alternative route commences.;0..1;EAID_DD0FAA46_EDB3_4ba6_A191_377D87F4D303;;
Situation;ReroutingManagement;reroutingItineraryDescription;Rerouting itinerary description;A description of the rerouting itinerary.;0..1;EAID_E9FD7AF8_362B_4b36_899F_2F827A73E908;;
Situation;ReroutingManagement;reroutingManagementType;Rerouting management type;Type of rerouting management action instigated by operator.;1..*;EAID_D62A78D5_46C5_4910_BC1E_39905542FA47;;
Situation;ReroutingManagement;roadOrJunctionNumber;Road or junction number;The intersecting road or the junction at which the alternative route commences.;0..1;EAID_DD0FAA46_EDB3_4ba6_A191_377D87F4D303;;
Situation;ReroutingManagement;signedRerouting;Signed rerouting;Indication of whether the rerouting is signed.;0..1;EAID_009D010E_BE3D_49c1_86D8_34478683971E;;
Situation;RoadOrCarriagewayOrLaneManagement;minimumCarOccupancy;Minimum car occupancy;The minimum number of persons required in a vehicle in order for it to be allowed to transit the specified road section.;0..1;EAID_FBC8547A_BFDA_44df_B881_4F6BF8DA58EF;;
Situation;RoadOrCarriagewayOrLaneManagement;roadOrCarriagewayOrLaneManagementType;Road or carriageway or lane management type;Type of road, carriageway or lane management action instigated by operator.;1..1;EAID_C76C4E19_C7D9_4938_8BA5_8B5CDD35137A;;
Situation;SpeedManagement;speedManagementType;Speed management type;Type of speed management action instigated by operator.;0..1;EAID_2832B76B_8083_4766_BC98_32897AC63360;;
Situation;SpeedManagement;temporarySpeedLimit;Temporary speed limit;Temporary limit defining the maximum advisory or mandatory speed of vehicles.;0..1;EAID_0FE37E95_3797_468c_BFF9_B7E72038506A;;
Situation;WinterDrivingManagement;winterEquipmentManagementType;Winter equipment management type;Type of winter equipment management action instigated by operator.;1..1;EAID_89946255_EE22_4b00_8785_4C861B96E61C;;
Situation;AnimalPresenceObstruction;alive;Alive;Indicates whether the identified animals are dead (immobile) or alive (potentially mobile).;0..1;EAID_009D010E_BE3D_49c1_86D8_34478683971E;;
Situation;AnimalPresenceObstruction;animalPresenceType;Animal presence type;Indicates the nature of animals present on or near the roadway.;1..1;EAID_85585791_5FA9_4866_9E6B_0241DC4F8D86;;
Situation;EnvironmentalObstruction;depth;Depth;The depth of flooding or of snow on the road.;0..1;EAID_5F90D438_ECAA_4f3c_940B_9FE694BC71FA;;
Situation;EnvironmentalObstruction;environmentalObstructionType;Environmental obstruction type;Characterization of an obstruction on the road resulting from an environmental cause.;1..1;EAID_1383A063_FBEE_4ba5_9408_C2E30134F4BE;;
Situation;GeneralObstruction;obstructionType;Obstruction type;Characterization of the type of general obstruction.;1..*;EAID_C2919DE7_121B_4857_B5C0_1707823BB4C7;;
Situation;InfrastructureDamageObstruction;infrastructureDamageType;Infrastructure damage type;Characterization of an obstruction on the road resulting from the failure or damage of infrastructure on, under, above or close to the road.;1..1;EAID_CB4CE3F6_900F_4724_A212_3B072403A478;;
Situation;Obstruction;numberOfObstructions;Number of obstructions;The number of obstructions that are partly or wholly blocking the road.;0..1;EAID_FBC8547A_BFDA_44df_B881_4F6BF8DA58EF;;
Situation;VehicleObstruction;involvedVehicleType;Involved vehicle type;Type of vehicle involved;0..1;EAID_61FF4543_14D3_4a72_8934_72AECC1EC99C;;
Situation;VehicleObstruction;vehicleObstructionType;Vehicle obstruction type;Characterization of an obstruction on the road caused by one or more vehicles.;1..1;EAID_64FC5DF5_9DA2_48c8_B6FF_A1299DD6EAE5;;
Situation;VehicleObstruction;vehicleProblemCause;Vehicle problem cause;The component of the vehicle that has the problem;0..1;EAID_D0CF2B5E_6EF6_4b7a_959B_E4ED9E302DDD;;
LocationReferencing;OpenlrLineAttributes;openlrBearing;OpenLR bearing;defines the bearing field as an integer value between 0 and 359;1..1;EAID_AD0F9F63_BEE7_44db_80EA_6ACFBAFED493;;
LocationReferencing;OpenlrLineAttributes;openlrFormOfWay;OpenLR form of way;A classification based on the importance of the role that the Road Element (or Ferry Connection) performs in the connectivity of the total road network. (EN ISO 14825 § 7.2.88);1..1;EAID_E404840F_C8A0_4c64_9F82_1924AC176581;;
LocationReferencing;OpenlrLineAttributes;openlrFunctionalRoadClass;OpenLR functional road class;Certain aspects of the physical form that a Road Element takes. It is based on a number of certain physical and traffic properties. (EN ISO 14825 § 7.2.85);1..1;EAID_612A7287_BA39_4e4d_A5D7_F216C1946106;;
LocationReferencing;OpenlrOffsets;openlrNegativeOffset;OpenLR negative offset;The negative offset along the line of the location measured along the line reference path between the end point of the location reference and the ending node of the line reference path.;0..1;EAID_16453DDC_C636_432b_A57A_B792035AD9C9;;
LocationReferencing;OpenlrOffsets;openlrPositiveOffset;OpenLR positive offset;The positive offset along the line of the location measured along the line reference path between the start point of the location reference and the starting node of the line reference path.;0..1;EAID_16453DDC_C636_432b_A57A_B792035AD9C9;;
LocationReferencing;OpenlrPathAttributes;openlrDistanceToNextLRPoint;OpenLR distance to next LR point;The DNP attribute measures the distance in meters between two consecutive location reference-points along the location reference path described in the corresponding enumeration;1..1;EAID_FBC8547A_BFDA_44df_B881_4F6BF8DA58EF;;
LocationReferencing;OpenlrPathAttributes;openlrLowestFrcToNextLRPoint;OpenLR lowest FRC to next LR point;The lowest FRC to the next point indicates the lowest functional road class used in the location reference path to the next LR-point.;1..1;EAID_612A7287_BA39_4e4d_A5D7_F216C1946106;;
LocationReferencing;OpenlrCircleLocationReference;openlrRadius;OpenLR radius;The radius of the corresponding circular area.;1..1;EAID_16453DDC_C636_432b_A57A_B792035AD9C9;;
LocationReferencing;OpenlrGridLocationReference;openlrNumColumns;OpenLR num columns;The number that the base rectangle should be multiplied in the east direction;1..1;EAID_FBC8547A_BFDA_44df_B881_4F6BF8DA58EF;;
LocationReferencing;OpenlrGridLocationReference;openlrNumRows;OpenLR num rows;The number that the base rectangle should be multiplied in the north direction;1..1;EAID_FBC8547A_BFDA_44df_B881_4F6BF8DA58EF;;
LocationReferencing;OpenlrBasePointLocation;openlrOrientation;OpenLR orientation;Orientation of the driving direction in relation with the direction of the underlying linear;1..1;EAID_38042EEB_958F_4d8d_8E78_22EC9464CFC9;;
LocationReferencing;OpenlrBasePointLocation;openlrSideOfRoad;OpenLR side of road;Provides the of road where the corresponding point lies.;1..1;EAID_B542EE57_AF3F_4cc4_B0F3_90C14D4CE3EF;;
Facilities;ClosureInformation;closedFrom;Closed from;Permanently or temporarily closed from the given date on. May lie in the future - in this case the scene is not closed now.;0..1;EAID_B3DA3E42_F3EC_426b_BE80_37FF4BCB6CBA;;
Facilities;ClosureInformation;permananentlyClosed;Permananently closed;Permanently closed, i.e. it is not intended to open again.;0..1;EAID_009D010E_BE3D_49c1_86D8_34478683971E;;
Facilities;ClosureInformation;temporarilyClosed;Temporarily closed;Temporarily closed for an unspecified period.;0..1;EAID_009D010E_BE3D_49c1_86D8_34478683971E;;
Facilities;ClosureInformation;temporarilyClosedUntil;Temporarily closed until;Temporarily closed until the given date (i.e. closure still includes this date).;0..1;EAID_B3DA3E42_F3EC_426b_BE80_37FF4BCB6CBA;;
Facilities;OperatingHoursByReference;operatingHoursReference;Operating hours reference;The reference to an operating hours specification.;1..1;EAID_3BA348A2_B96E_4bc1_BF06_A2326B0E81BD;;
Facilities;OperatingHoursByReference;operatingHoursTableReference;Operating hours table reference;Operation hours table in question defined by a reference.;0..1;EAID_3BA348A2_B96E_4bc1_BF06_A2326B0E81BD;;
Facilities;OperatingHoursSpecification;label;Label;A label, name or identifier for this operating hours specification.;0..1;EAID_DD0FAA46_EDB3_4ba6_A191_377D87F4D303;;
Facilities;OperatingHoursSpecification;lastUpdated;Last updated;The date/time at which this information was last updated.;0..1;EAID_B3DA3E42_F3EC_426b_BE80_37FF4BCB6CBA;;
Facilities;OperatingHoursSpecification;operatingAllYear;Operating all year;The facility or organisation is not closed on a seasonal base.;0..1;EAID_009D010E_BE3D_49c1_86D8_34478683971E;;
Facilities;OperatingHoursSpecification;urlLinkAddress;URL link address;A Uniform Resource Locator (URL) address pointing to a resource available on the Internet from where further relevant information may be obtained.;0..1;EAID_9E8CF17C_B4F8_4f07_BF28_6EAA0295294D;;
Facilities;OperatingHoursTable;name;Name;The name of the operating hours table.;0..1;EAID_E9FD7AF8_362B_4b36_899F_2F827A73E908;;
Facilities;OperatingHoursTable;versionTime;Version time;The date/time that this version of the operating hours table was defined by the supplier. The identity and version of the table are defined by the class stereotype implementation.;1..1;EAID_B3DA3E42_F3EC_426b_BE80_37FF4BCB6CBA;;
Parking;OperatingPattern;operatingPatternIndex;Operating pattern index;An index to link this element between the static and dynamic publications.;1..1;EAID_61F792F0_DD91_4b9e_A736_215CA3A9E8AC;;
Parking;OperatingRestriction;context;Context;Free-text definition of the nature of operating restrictions.;0..1;EAID_E9FD7AF8_362B_4b36_899F_2F827A73E908;;
Parking;OperatingRestriction;type;Type;Defines the type of operating restriction applicable in this case.;1..1;EAID_AC30AFA3_A518_4ef3_BCEA_FAA61234E349;;
Parking;PublicTransportSchedule;destination;Destination;A destination that can be reached from this stop;0..1;EAID_E9FD7AF8_362B_4b36_899F_2F827A73E908;;
Parking;PublicTransportSchedule;interval;Interval;The interval for reaching the destination from this stop;0..1;EAID_60B31F7C_803F_4351_A52B_B9E11C22B6E6;;
Parking;PublicTransportSchedule;lastUpdated;Last updated;The timestamp of the latest update of this information.;1..1;EAID_B3DA3E42_F3EC_426b_BE80_37FF4BCB6CBA;;
Parking;PublicTransportSchedule;line;Line;Line or multiple lines for which this schedule is valid;0..*;EAID_DD0FAA46_EDB3_4ba6_A191_377D87F4D303;;
Parking;PublicTransportSchedule;nextDepartures;Next departures;The next departures for this line / these lines;0..*;EAID_82EFE016_020C_4229_BAAE_422E5074B274;;
Parking;PublicTransportSchedule;ptOperator;Public transport operator;Information about the operator of this public transport.;0..1;EAID_E9FD7AF8_362B_4b36_899F_2F827A73E908;;
Parking;PublicTransportSchedule;ptType;Public transport type;The type of public transport;0..*;EAID_420F0103_498E_47ce_9323_F27F52B8A97E;;
Parking;PublicTransportSchedule;ptVehicleName;Public transport vehicle name;A name of the specific vehicle type, for example "Railjet".;0..1;EAID_E9FD7AF8_362B_4b36_899F_2F827A73E908;;
Parking;PublicTransportSchedule;ptVehicleType;Public transport vehicle type;The type of public transport vehicle.;0..1;EAID_67010B74_A76C_40ec_8E5D_582D7537C243;;
Parking;PublicTransportSchedule;travelTimeToDestination;Travel time to destination;The travel time to reach the destination from this stop;0..1;EAID_60B31F7C_803F_4351_A52B_B9E11C22B6E6;;
Parking;RelatedLocation;description;Description;A description for the point of interest;0..1;EAID_E9FD7AF8_362B_4b36_899F_2F827A73E908;;
Parking;RelatedLocation;name;Name;Name of the point of interest;1..1;EAID_E9FD7AF8_362B_4b36_899F_2F827A73E908;;
Parking;RelatedLocation;specialLocation;Special location;A special location this parking is connected to or part of.;0..1;EAID_12FFEA5B_93AD_4052_83EF_6505DADAFBEA;;
Parking;UsageScenario;description;Description;A description for the usage scenario.;0..1;EAID_E9FD7AF8_362B_4b36_899F_2F827A73E908;;
Parking;UsageScenario;eventParkingType;Event parking type;Parking associated with an event. May only be used for parking scenario 'eventParking'.;0..1;EAID_518C29AF_2350_4697_8AEC_A71E58DFB604;;
Parking;UsageScenario;truckParkingDynamicManagement;Truck parking dynamic management;Two modes for parking lorries in a efficient way according to their departure times. May only be used for parking scenario 'truckParking'.;0..*;EAID_07F939B7_DC80_4fb1_A308_529BA2BB05A3;;
Parking;UsageScenario;type;Type;A special type of usage available for this campus, (sub)place, space or identified area. In the 'ParkingStatusPublication', the operation type (in operation or not) can be defined.;1..*;EAID_4208256F_F79A_4c2c_A52D_89041A7C6E8C;;
Situation;OperatorAction;actionOrigin;Action origin;Indicates whether the actions to be undertaken by the operator are the result of an internal operation or external influence.;0..1;EAID_F99BBDCC_AB29_4f99_ACB4_067E8BD3FD1B;;
Situation;OperatorAction;actionPlanIdentifier;Action plan identifier;The identifier of the traffic management action plan to which this action relates.;0..1;EAID_DD0FAA46_EDB3_4ba6_A191_377D87F4D303;;
Situation;OperatorAction;operatorActionStatus;Operator action status;The status of the defined operator action.;0..1;EAID_65A0CBB4_8981_44cb_900E_BC6FA314719E;;
Situation;RoadsideAssistance;roadsideAssistanceType;Roadside assistance type;Indicates the nature of the road side assistance that will be, is or has been provided.;1..1;EAID_460B7757_E9D8_4957_8870_9A3FCFCC8E99;;
Facilities;ContactInformation;eMail;EMail;E-Mail address, which can be a general mail address or the mail address of a specific contact person.;0..1;EAID_DD0FAA46_EDB3_4ba6_A191_377D87F4D303;;
Facilities;ContactInformation;faxNumber;Fax number;Fax number, which can be a general number or the number of a specific contact person.;0..1;EAID_DD0FAA46_EDB3_4ba6_A191_377D87F4D303;;
Facilities;ContactInformation;language;Language;Language(s) that are supported via telephone or mail.;0..*;EAID_0CF8718C_61C5_4a31_836C_1FBF19DB4EEF;;
Facilities;ContactInformation;telephoneNumber;Telephone number;Telephone number, which can be a general number or the number of a specific contact person.;0..1;EAID_DD0FAA46_EDB3_4ba6_A191_377D87F4D303;;
Facilities;ContactPerson;firstName;First name;The first name of the contact person;0..1;EAID_DD0FAA46_EDB3_4ba6_A191_377D87F4D303;;
Facilities;ContactPerson;name;Name;The (last) name of the contact person;1..1;EAID_DD0FAA46_EDB3_4ba6_A191_377D87F4D303;;
Facilities;ContactPerson;position;Position;The position of the contact person;0..1;EAID_E9FD7AF8_362B_4b36_899F_2F827A73E908;;
Facilities;ContactPerson;title;Title;Title information of the contact person.;0..1;EAID_E9FD7AF8_362B_4b36_899F_2F827A73E908;;
Facilities;OrganisationByReference;organisationReference;Organisation reference;Organisation information provided by a reference.;1..1;EAID_3BA348A2_B96E_4bc1_BF06_A2326B0E81BD;;
Facilities;OrganisationByReference;organisationTableReference;Organisation table reference;Organisation table in question defined by a reference.;0..1;EAID_3BA348A2_B96E_4bc1_BF06_A2326B0E81BD;;
Facilities;OrganisationSpecification;available24hours;Available 24 hours;Specifies if the availability is 24 hours a day. If omitted, this information is unknown or heterogeneous.;0..1;EAID_009D010E_BE3D_49c1_86D8_34478683971E;;
Facilities;OrganisationSpecification;description;Description;A description of the organisation.;0..1;EAID_E9FD7AF8_362B_4b36_899F_2F827A73E908;;
Facilities;OrganisationSpecification;externalCode;External code;An external code to identify the organisation.;0..1;EAID_DD0FAA46_EDB3_4ba6_A191_377D87F4D303;;
Facilities;OrganisationSpecification;lastUpdated;Last updated;The date/time at which this information was last updated.;0..1;EAID_B3DA3E42_F3EC_426b_BE80_37FF4BCB6CBA;;
Facilities;OrganisationSpecification;legalName;Legal name;The legal name of the organisation.;0..1;EAID_E9FD7AF8_362B_4b36_899F_2F827A73E908;;
Facilities;OrganisationSpecification;linkToGeneralInformation;Link to general information;An internet address from where further relevant information about this organisation may be obtained.;0..1;EAID_9E8CF17C_B4F8_4f07_BF28_6EAA0295294D;;
Facilities;OrganisationSpecification;linkToLogo;Link to logo;An internet address from where the logo of this organisation may be obtained.;0..1;EAID_9E8CF17C_B4F8_4f07_BF28_6EAA0295294D;;
Facilities;OrganisationSpecification;linkToWebform;Link to webform;An internet address pointing to a webform, which people can use to send messages to this organisation.;0..1;EAID_9E8CF17C_B4F8_4f07_BF28_6EAA0295294D;;
Facilities;OrganisationSpecification;name;Name;Name of the organisation.;1..1;EAID_E9FD7AF8_362B_4b36_899F_2F827A73E908;;
Facilities;OrganisationSpecification;nationalOrganisationNumber;National organisation number;The national organisation number in the specified national register, if applicable.;0..1;EAID_DD0FAA46_EDB3_4ba6_A191_377D87F4D303;;
Facilities;OrganisationSpecification;nationalRegister;National register;A national register where the organisation is registered.;0..1;EAID_DD0FAA46_EDB3_4ba6_A191_377D87F4D303;;
Facilities;OrganisationSpecification;publishingAgreement;Publishing agreement;Indication whether the organisation accepted publishing its information.;0..1;EAID_009D010E_BE3D_49c1_86D8_34478683971E;;
Facilities;OrganisationSpecification;responsibility;Responsibility;Specification of services or other duties the organisation is responsible for,;0..*;EAID_E9FD7AF8_362B_4b36_899F_2F827A73E908;;
Facilities;OrganisationSpecification;type;Type;Information whether the organisation in question belongs to the public or private sector.;0..1;EAID_82CB83C4_A2FD_4e50_82F4_72DBD9CBDBE1;;
Facilities;OrganisationSpecification;vatIdentificationNumber;Vat identification number;The VAT identification number of the organisation.;0..1;EAID_DD0FAA46_EDB3_4ba6_A191_377D87F4D303;;
Facilities;OrganisationTable;name;Name;The name of the organisation table.;0..1;EAID_E9FD7AF8_362B_4b36_899F_2F827A73E908;;
Facilities;OrganisationTable;versionTime;Version time;The date/time that this version of the organisation table was defined by the supplier. The identity and version of the table are defined by the class stereotype implementation.;1..1;EAID_B3DA3E42_F3EC_426b_BE80_37FF4BCB6CBA;;
Facilities;OrganisationUnit;function;Function;Functions this unit is responsible for or a specific type, e.g. headquarter or sales;0..*;EAID_E9FD7AF8_362B_4b36_899F_2F827A73E908;;
Facilities;OrganisationUnit;name;Name;A name for this organisation unit;0..1;EAID_E9FD7AF8_362B_4b36_899F_2F827A73E908;;
Parking;OperatorDefinedPlace;identifier;Identifier; Identifier for a defined place given by an organisation.;1..1;EAID_DD0FAA46_EDB3_4ba6_A191_377D87F4D303;;
Parking;ResponsibilityRoleAssignment;type;Type;The type of the contact.;1..1;EAID_2F0831B0_E026_4088_A2AF_9A69D216A65F;;
Parking;ParkingRouteByReference;parkingRouteReference;Parking route reference;A reference to a parking route.;1..1;EAID_3BA348A2_B96E_4bc1_BF06_A2326B0E81BD;;
Parking;ParkingRouteDetails;direction;Direction;The direction of traffic, for which the parking route can be used. If not specified, the route can be used in the order of the given locations.;0..1;EAID_21079C67_C37F_4608_A1B6_3203D8F4FBF4;;
Parking;ParkingRouteDetails;dynamicRouteManagement;Dynamic route management;Indicates that there is dynamic route management for truck parking, i.e. a management system concerning several truck parking sites (including this one) along a route.;0..1;EAID_009D010E_BE3D_49c1_86D8_34478683971E;;
Parking;ParkingRouteDetails;iconIndex;Icon index;An index, which can identify some icon for visualisation of the route. Note that form and usage of this index as well as the icons itself are not further determined here.;0..1;EAID_DD0FAA46_EDB3_4ba6_A191_377D87F4D303;;
Parking;ParkingRouteDetails;name;Name;Name of the parking route.;0..1;EAID_E9FD7AF8_362B_4b36_899F_2F827A73E908;;
Parking;ParkingRouteDetails;orientation;Orientation;Orientation of traffic, for which the parking route is specified.;0..2;EAID_17F8351C_FB6C_4609_B3BC_8C7E2EA99545;;
Parking;ParkingRouteDetails;type;Type;The type of parking route. If not specified, the route is designed for any type of vehicles.;0..1;EAID_FF18AB2C_72B8_4fc5_B743_7C94279453DA;;
Parking;ParkingVms;vmsUsedToManageParking;VMS used to manage parking;A reference to a record that contains the metadata for a specific VMS unit that may be used to manage the parking site (e.g. to indicate to drivers the current availability of spaces).;1..1;EAID_3BA348A2_B96E_4bc1_BF06_A2326B0E81BD;;
Parking;AccessStatus;entranceFull;Entrance full;Indicates that this vehicle entrance is full and probably temporarily closed for entering of new vehicles.;0..1;EAID_009D010E_BE3D_49c1_86D8_34478683971E;;
Parking;CampusStatus;status;Status;The status for multiple parking objects (available spaces or not).;0..1;EAID_F4685B84_6C0B_4c52_9D5F_5FC293A007FE;;
Parking;Occupancy;numberOfOccupiedSpaces;Number of occupied spaces;The number of currently occupied spaces in the specified parking site, group of parking sites or assigned parking.;0..1;EAID_FBC8547A_BFDA_44df_B881_4F6BF8DA58EF;;
Parking;Occupancy;numberOfSpacesOverride;Number of spaces override;Possibility to override the static value 'parkingNumberOfSpaces'.;0..1;EAID_FBC8547A_BFDA_44df_B881_4F6BF8DA58EF;;
Parking;Occupancy;numberOfVacantSpaces;Number of vacant spaces;The total number of currently vacant parking spaces available in the specified parking site, group of parking sites or group of parking spaces.;0..1;EAID_FBC8547A_BFDA_44df_B881_4F6BF8DA58EF;;
Parking;Occupancy;numberOfVacantSpacesGraded;Number of vacant spaces graded;Number of vacant spaces by grading (enumeration).;0..1;EAID_CB1C6A08_F137_49e3_B960_BD138583A445;;
Parking;Occupancy;numberOfVacantSpacesHigherThan;Number of vacant spaces higher than;The number of vacant parking spaces is higher than the given value (example: More than 10 spaces are free).;0..1;EAID_FBC8547A_BFDA_44df_B881_4F6BF8DA58EF;;
Parking;Occupancy;numberOfVacantSpacesLowerThan;Number of vacant spaces lower than;The number of vacant parking spaces is lower than the given value (example: Less than 10 spaces are free).;0..1;EAID_FBC8547A_BFDA_44df_B881_4F6BF8DA58EF;;
Parking;Occupancy;numberOfVehicles;Number of vehicles;Number of vehicles (of specified type) on the specified area. Parking too narrow or too wide may affect differences to the 'occupiedSpaces' value. Should not include petrol station traffic.;0..1;EAID_FBC8547A_BFDA_44df_B881_4F6BF8DA58EF;;
Parking;Occupancy;occupancy;Occupancy;The percentage value of parking spaces occupied in the specified parking site, group of parking sites or assigned parking.;0..1;EAID_1BCFDF65_6763_431e_A6E6_7DDD466F0FDC;;
Parking;Occupancy;occupancyGraded;Occupancy graded;Occupied parking spaces by a percentage-grading (enumeration).;0..1;EAID_6AAFF587_F13B_439c_9E6E_EA0BCB34AC5B;;
Parking;Occupancy;occupancyTrend;Occupancy trend;The trend of the occupancy of the parking spaces in the specified parking site, group of parking sites or assigned parking.;0..1;EAID_401D1E32_41A6_4b57_A92C_01E16BB7FD79;;
Parking;Occupancy;parkingNotAllowed;Parking not allowed;In case of 'true', parking is not allowed (e.g. abnormal closure).;0..1;EAID_009D010E_BE3D_49c1_86D8_34478683971E;;
Parking;OperatingPatternStatus;operatingPatternIndex;Operating pattern index;An index to link this element between the static and dynamic publications.;1..1;EAID_61F792F0_DD91_4b9e_A736_215CA3A9E8AC;;
Parking;OperatingPatternStatus;operationStatus;Operation status;The current status for this operating pattern.;1..1;EAID_833683F5_F006_420d_8B34_B017091D1AB5;;
Parking;ParkingRouteStatus;parkingRouteActive;Parking route active;Defines if this parking route is currently active or not.;1..1;EAID_009D010E_BE3D_49c1_86D8_34478683971E;;
Parking;ParkingRouteStatus;parkingRouteReference;Parking route reference;A reference to a parking route.;1..1;EAID_3BA348A2_B96E_4bc1_BF06_A2326B0E81BD;;
Parking;ParkingStatusInformation;blurredAvailability;Blurred availability;When true, availability and occupancy information (free spaces etc.) is withheld or only published roughly, usually because of business competition.;0..1;EAID_009D010E_BE3D_49c1_86D8_34478683971E;;
Parking;ParkingStatusInformation;parkingConditions;Parking conditions;Defines if normal parking conditions are suspended or special parking conditions are in force.;0..1;EAID_5D655C74_98B4_43b5_A2C6_97CDB06F6438;;
Parking;ParkingStatusInformation;parkingFault;Parking fault;A fault indicator for the parking site.;0..*;EAID_F7D35662_847A_466a_BD6D_3353AACDB046;;
Parking;ParkingStatusInformation;queueingTime;Queueing time;The current queuing time (duration) for entering the parking site.;0..1;EAID_60B31F7C_803F_4351_A52B_B9E11C22B6E6;;
Parking;ParkingStatusInformation;winterEquipmentManagementType;Winter equipment management type;Type of winter equipment management action instigated by operator.;0..*;EAID_89946255_EE22_4b00_8785_4C861B96E61C;;
Parking;PlaceStatus;declarationValidNow;Declaration valid now;Specifies, if this place or subplace declaration is valid now. If specified, this overrides any static validity information.;0..1;EAID_009D010E_BE3D_49c1_86D8_34478683971E;;
Parking;PlaceStatus;parkingPlaceFullAtFloor;Parking place full at floor;The parking place is full at the specified floor(s).;0..*;EAID_DD0FAA46_EDB3_4ba6_A191_377D87F4D303;;
Parking;PlaceStatus;status;Status;The status of the parking place or sub-places (spaces available or not) including overcrowding information.;0..*;EAID_FAADC228_179E_431d_9334_2F08208064A5;;
Parking;SpaceStatus;declarationValidNow;Declaration valid now;Override validity of 'ParkingSpace': True = Parking space declaration is valid now; False = Parking space declaration is invalid now; Omitted = Static validity information is significant (if static validity is omitted too, declaration is valid).;0..1;EAID_009D010E_BE3D_49c1_86D8_34478683971E;;
Parking;SpaceStatus;lastCalibration;Last calibration;Date of last calibration of the detection system in question.;0..1;EAID_B3DA3E42_F3EC_426b_BE80_37FF4BCB6CBA;;
Parking;SpaceStatus;measurementOrCalculationTime;Measurement or calculation time;Point in time at which this specific value or set of values has been measured or calculated. It may also be a future time at which a data value is predicted.;0..1;EAID_B3DA3E42_F3EC_426b_BE80_37FF4BCB6CBA;;
Parking;SpaceStatus;occupied;Occupied;True: Parking space is occupied; False: Parking space is free.;1..1;EAID_009D010E_BE3D_49c1_86D8_34478683971E;;
Parking;ValidityByOffset;statusTimeOffsetToOrigin;Status time offset to origin;Only use for forecasts or historical data to express the point of time for which the information of this parking is either reported or forecasted (in form of an offset in seconds to 'lastUpdated'; use negative values for historical data). ;1..1;EAID_60B31F7C_803F_4351_A52B_B9E11C22B6E6;;
Parking;ValidityByTime;statusTime;Status time;Only use for forecasts or historical data to express the point of time for which the information of this parking is either reported or forecasted.;1..1;EAID_B3DA3E42_F3EC_426b_BE80_37FF4BCB6CBA;;
Parking;ParkingStatusPublication;parkingTableReference;Parking table reference;It is possible to limit the publication to one or more ParkingTable and to set a reference to these tables here.;0..*;EAID_3BA348A2_B96E_4bc1_BF06_A2326B0E81BD;;
Parking;ParkingTable;name;Name;The name of the parking table.;0..1;EAID_E9FD7AF8_362B_4b36_899F_2F827A73E908;;
Parking;ParkingTable;versionTime;Version time;The date/time that this version of the parking table was defined by the supplier. The identity and version of the table are defined by the class stereotype implementation.;1..1;EAID_B3DA3E42_F3EC_426b_BE80_37FF4BCB6CBA;;
Facilities;BrandsAcceptedCodeList;brandsAcceptedList;Brands accepted list;List of accepted brands for payment cards.;1..1;EAID_A985FCAF_277E_4d89_AAEA_2EFE799B701E;;
Facilities;BrandsAcceptedText;brandsAccepted;Brands accepted;List of accepted brands for payment cards.;1..1;EAID_DD0FAA46_EDB3_4ba6_A191_377D87F4D303;;
Facilities;PaymentMethod;paymentMeans;Payment means;The means of payment available;0..*;EAID_3494CB43_5FDE_4c15_9E43_FF179D06DC4A;;
Facilities;PaymentMethod;paymentMode;Payment mode;Defines the timing of the parking or other mobility related payment;0..*;EAID_C8089C0A_F5B7_4189_9EA9_D651EB4B5E0E;;
RoadTrafficData;PhysicalQuantity;forecast;Forecast;Indication of whether this quantity data is a forecast (true = forecast).;0..1;EAID_009D010E_BE3D_49c1_86D8_34478683971E;;
RoadTrafficData;PhysicalQuantity;measurementEquipmentTypeUsed;Measurement equipment type used;The type of equipment used to gather the raw information from which the data values are determined, e.g. 'loop', 'ANPR' (automatic number plate recognition) or 'urban traffic management system' (such as SCOOT).;0..1;EAID_E9FD7AF8_362B_4b36_899F_2F827A73E908;;
RoadTrafficData;PhysicalQuantityFault;physicalQuantityFaultType;Physical quantity fault type;The type of fault related to the measurement or calculation of the physical quantity;1..1;EAID_8F163206_301C_4b53_B22F_384EEF4F123F;;
Parking;Place;availableFloors;Available floors;A list of all available floors for this parking place from lowest to highest, seperated by spaces. The numbering or lettering scheme may follow local conventions. Examples: -1 0 1 2 or G 1st 2nd ;0..1;EAID_DD0FAA46_EDB3_4ba6_A191_377D87F4D303;;
Parking;Place;layout;Layout;The layout structure of this place.;0..1;EAID_F4CECE08_D146_4518_85F0_67A8FAD5AC87;;
Parking;HierarchyElementGeneral;childId;Child id;The identity of one or several child node directly related to this hierarchy element.;0..*;EAID_3BA348A2_B96E_4bc1_BF06_A2326B0E81BD;;
Parking;HierarchyElementGeneral;layer;Layer;Indicator of the position of this hierarchy element in the specific hierarchy, with the top of the hierarchy numbered layer 0.;1..1;EAID_FBC8547A_BFDA_44df_B881_4F6BF8DA58EF;;
Parking;HierarchyElementGeneral;operatorDefinedReference;Operator defined reference;Allows a data owner to associate to a data owner internal used location identification;0..1;EAID_3BA348A2_B96E_4bc1_BF06_A2326B0E81BD;;
Parking;HierarchyElementGeneral;parentId;Parent id;The identity of a parent node in the next layer up of the hierarchy - for the hierarchy element at layer 0 no parent id shall be defined.;0..1;EAID_3BA348A2_B96E_4bc1_BF06_A2326B0E81BD;;
Parking;HierarchyElementGeneral;type;Type;Identifies the type of the hierarchy element;1..1;EAID_336D0B73_7769_4c8f_AE60_A0CE40CC240B;;
LocationReferencing;DistanceFromLinearElementReferent;distanceAlong;Distance along;A measure of distance along a linear element.;1..1;EAID_5F90D438_ECAA_4f3c_940B_9FE694BC71FA;;
LocationReferencing;DistanceFromLinearElementStart;distanceAlong;Distance along;A measure of distance along a linear element.;1..1;EAID_5F90D438_ECAA_4f3c_940B_9FE694BC71FA;;
LocationReferencing;LinearElement;linearElementNature;Linear element nature;An indication of the nature of the linear element.;0..1;EAID_12C6E3B8_DD26_41c6_99A0_A4A0D0703834;;
LocationReferencing;LinearElement;linearElementReferenceModel;Linear element reference model;The identifier of a road network reference model which segments the road network according to specific business rules.;0..1;EAID_DD0FAA46_EDB3_4ba6_A191_377D87F4D303;;
LocationReferencing;LinearElement;linearElementReferenceModelVersion;Linear element reference model version;The version of the identified road network reference model.;0..1;EAID_DD0FAA46_EDB3_4ba6_A191_377D87F4D303;;
LocationReferencing;LinearElement;roadName;Road name;Name of the road;0..1;EAID_E9FD7AF8_362B_4b36_899F_2F827A73E908;;
LocationReferencing;LinearElement;roadNumber;Road number;Identifier/number of the road;0..1;EAID_DD0FAA46_EDB3_4ba6_A191_377D87F4D303;;
LocationReferencing;LinearElementByCode;linearElementIdentifier;Linear element identifier;An identifier or code of a linear element (or link) in the road network reference model that is specified in the LinearElement class. ;1..1;EAID_DD0FAA46_EDB3_4ba6_A191_377D87F4D303;;
LocationReferencing;PercentageDistanceAlongLinearElement;percentageDistanceAlong;Percentage distance along;A measure of distance along a linear element from the start of the element expressed as a percentage of the total length of the linear object.;1..1;EAID_1BCFDF65_6763_431e_A6E6_7DDD466F0FDC;;
LocationReferencing;PointAlongLinearElement;administrativeAreaOfPoint;Administrative area of point;Identification of the road administration area which contains the specified point.;0..1;EAID_E9FD7AF8_362B_4b36_899F_2F827A73E908;;
LocationReferencing;PointAlongLinearElement;directionAtPoint;Direction at point;The direction of traffic flow at the specified point in terms of general destination direction.;0..1;EAID_21079C67_C37F_4608_A1B6_3203D8F4FBF4;;
LocationReferencing;PointAlongLinearElement;directionRelativeAtPoint;Direction relative at point;The direction of traffic flow at the specified point relative to the direction in which the linear element is defined.;0..1;EAID_3855110B_58FC_4abc_B24D_F8E0A01CE1DB;;
LocationReferencing;PointAlongLinearElement;heightGradeOfPoint;Height grade of point;Identification of whether the point on the linear element is at, above or below the normal elevation of a linear element of that type (e.g. road or road section) at that location, typically used to indicate "grade" separation.;0..1;EAID_58DB636F_DC56_4c5b_A6B9_B836009EB0A2;;
LocationReferencing;Referent;referentDescription;Referent description;Description of the referent.;0..1;EAID_E9FD7AF8_362B_4b36_899F_2F827A73E908;;
LocationReferencing;Referent;referentIdentifier;Referent identifier;The identifier of the referent, unique on the specified linear element (i.e. road or part of).;1..1;EAID_DD0FAA46_EDB3_4ba6_A191_377D87F4D303;;
LocationReferencing;Referent;referentName;Referent name;The name of the referent, e.g. a junction or intersection name.;0..1;EAID_DD0FAA46_EDB3_4ba6_A191_377D87F4D303;;
LocationReferencing;Referent;referentType;Referent type;The type of the referent.;1..1;EAID_7E595C98_61A9_40e0_9EB9_1A84CCBF4AE2;;
LocationReferencing;AltitudeConfidence;altitudeAccuracyCodedError;Altitude accuracy coded error;Error code in case the altitude confidence is out of range or cannot be determined;0..1;EAID_0ACCA60A_C588_4556_9210_B8E7EF78289D;;
LocationReferencing;AltitudeConfidence;altitudeAccuracyCodedValue;Altitude accuracy coded value;Absolute accuracy of reported value of a geographical point for a confidence level expressed by a coded scale.;0..1;EAID_80CBFBBB_6659_405e_B7A6_0324A580DB60;;
LocationReferencing;HeightCoordinate;heightType;Height type;Type of measured height.When it is omitted it is supposed to be the ellipsoidal height.;0..1;EAID_AF02A938_B1A3_4f84_8778_D865BE22CF3E;;
LocationReferencing;HeightCoordinate;heightValue;Height value;Value in metres for the height measured vertically at to the planar coordinates the point corresponding.;1..1;EAID_5F90D438_ECAA_4f3c_940B_9FE694BC71FA;;
LocationReferencing;PointByCoordinates;bearing;Bearing;A bearing at the point measured in degrees (0 - 359). Unless otherwise specified the reference direction corresponding to 0 degrees is North.;0..1;EAID_AD0F9F63_BEE7_44db_80EA_6ACFBAFED493;;
LocationReferencing;PointCoordinates;latitude;Latitude;Latitude in decimal degrees using the European Terrestrial Reference System 1989 (ETRS89).;1..1;EAID_6D9A1FCE_0D84_4c83_9683_2AE099B41685;;
LocationReferencing;PointCoordinates;longitude;Longitude;Longitude in decimal degrees using the European Terrestrial Reference System 1989 (ETRS89).;1..1;EAID_6D9A1FCE_0D84_4c83_9683_2AE099B41685;;
LocationReferencing;PositionAccuracy;accuracyPercentile50;Accuracy percentile 50;Accuracy defined by the 50th percentile of the cumulative distribution of position errors.;0..1;EAID_5F90D438_ECAA_4f3c_940B_9FE694BC71FA;;
LocationReferencing;PositionAccuracy;accuracyPercentile75;Accuracy percentile 75;Accuracy defined by the 75th percentile of the cumulative distribution of position errors;0..1;EAID_5F90D438_ECAA_4f3c_940B_9FE694BC71FA;;
LocationReferencing;PositionAccuracy;accuracyPercentile95;Accuracy percentile 95;Accuracy defined by the 95th percentile of the cumulative distribution of position errors;0..1;EAID_5F90D438_ECAA_4f3c_940B_9FE694BC71FA;;
LocationReferencing;PositionConfidenceEllipse;semiMajorAxisLength;Semi major axis length;Half of length of the major axis, i.e. distance between the centre point and major axis point of the position accuracy ellipse.;0..1;EAID_5F90D438_ECAA_4f3c_940B_9FE694BC71FA;;
LocationReferencing;PositionConfidenceEllipse;semiMajorAxisLengthCodedError;Semi major axis length coded error;Provides a coded error in case the semi-major axis length is not defined;0..1;EAID_0ACCA60A_C588_4556_9210_B8E7EF78289D;;
LocationReferencing;PositionConfidenceEllipse;semiMajorAxisOrientation;Semi major axis orientation;Orientation direction of the ellipse major axis of the position accuracy ellipse with regards to the geographic north.;0..1;EAID_AD0F9F63_BEE7_44db_80EA_6ACFBAFED493;;
LocationReferencing;PositionConfidenceEllipse;semiMajorAxisOrientationError;Semi major axis orientation error;Indicates whether the ellipse orientation is unavailable (True) or not (False);0..1;EAID_009D010E_BE3D_49c1_86D8_34478683971E;;
LocationReferencing;PositionConfidenceEllipse;semiMinorAxisLength;Semi minor axis length;Half of length of the minor axis, i.e. distance between the centre point and minor axis point of the position accuracy ellipse;0..1;EAID_5F90D438_ECAA_4f3c_940B_9FE694BC71FA;;
LocationReferencing;PositionConfidenceEllipse;semiMinorAxisLengthCodedError;Semi minor axis length coded error;Provides a coded error in case the semi-minor axis length is not defined;0..1;EAID_0ACCA60A_C588_4556_9210_B8E7EF78289D;;
LocationReferencing;PredefinedItinerary;predefinedItineraryName;Predefined itinerary name;A name assigned to the predefined itinerary.;0..1;EAID_E9FD7AF8_362B_4b36_899F_2F827A73E908;;
LocationReferencing;PredefinedLocation;predefinedLocationName;Predefined location name;A name assigned to the predefined location (e.g. extracted out of the network operator's gazetteer).;0..1;EAID_E9FD7AF8_362B_4b36_899F_2F827A73E908;;
LocationReferencing;PredefinedLocationGroup;predefinedLocationGroupName;Predefined location group name;A name assigned to the predefined group of non-ordered locations.;0..1;EAID_E9FD7AF8_362B_4b36_899F_2F827A73E908;;
Facilities;AmountInCurrency;currencyType;Currency type;Code for the specified currency as defined in ISO 4217.;1..1;EAID_AFF9F891_1272_449e_B18C_C12A7EB11F50;;
Facilities;AmountInCurrency;currencyValue;Currency value;The amount of currency specified in the given currency code type.;1..1;EAID_94DA9A81_1920_4239_9B84_0B61B5ED4AA5;;
Facilities;RateEligibility;combinable;Combinable;Boolean attribute that indicates (TRUE) if all RateTables associated to a RightSpecification with a common Eligibility can be combined to establish a lowest cost tariff or (FALSE) they cannot be combined.;0..1;EAID_009D010E_BE3D_49c1_86D8_34478683971E;;
Facilities;RateEligibility;priority;Priority;An integer value, starting at 1, indicating the order in which multiple relevant RateTables shall be considered, with 1 being the highest priority.;0..1;EAID_61F792F0_DD91_4b9e_A736_215CA3A9E8AC;;
Facilities;RateLine;rateLineType;Rate line type;Indicates the nature of the rate line;1..1;EAID_AFB3073C_C0E7_4d58_A33B_541BFFE73E03;;
Facilities;RateLine;sequence;Sequence;The ordered sequence of this RateLine instance within the RateLineCollection;1..1;EAID_61F792F0_DD91_4b9e_A736_215CA3A9E8AC;;
Facilities;RateLine;value;Value;The value of the fee to be charged in respect of this rate line;1..1;EAID_94DA9A81_1920_4239_9B84_0B61B5ED4AA5;;
Facilities;RateLineCollection;applicableCurrency;Applicable currency;The monetary currency that rates are specified in this rate line collection.;0..1;EAID_AFF9F891_1272_449e_B18C_C12A7EB11F50;;
Facilities;RateLineCollection;collectionSequence;Collection sequence;An indicator giving the place in sequence of this rate line collection;1..1;EAID_61F792F0_DD91_4b9e_A736_215CA3A9E8AC;;
Facilities;RateLineCollection;maxTime;Max time;A maximum parking session duration to be applied to this rate line collection.;0..1;EAID_5C398D35_14B1_448c_A771_433B5BB56FB8;;
Facilities;RateLineCollection;maxValueCollection;Max value collection;The maximum monetary amount to be applied in conjunction with use of this rate line collection.;0..1;EAID_94DA9A81_1920_4239_9B84_0B61B5ED4AA5;;
Facilities;RateLineCollection;minTime;Min time;A minimum parking session duration to be applied to this rate line collection.;0..1;EAID_5C398D35_14B1_448c_A771_433B5BB56FB8;;
Facilities;RateLineCollection;minValueCollection;Min value collection;The minimum monetary amount to be applied in conjunction with use of this rate line collection.;0..1;EAID_94DA9A81_1920_4239_9B84_0B61B5ED4AA5;;
Facilities;RateLineCollection;relativeTimes;Relative times;[TRUE] Indicates whether times relative to the start of an external event are used as the basis for rate calculation. [FALSE] indicates that rate calculation definitions are based on local or UTC times (for example the duration of a parking session).;0..1;EAID_009D010E_BE3D_49c1_86D8_34478683971E;;
Facilities;RateLineCollection;resetTime;Reset time;Time that rate resets;0..1;EAID_82EFE016_020C_4229_BAAE_422E5074B274;;
Facilities;RateLineCollection;taxIncluded;Tax included;[TRUE] Indication that tax to be applied is included within the total rate associated with this rate line collection. [FALSE] indicates that the tax is added additionally to the total.;0..1;EAID_009D010E_BE3D_49c1_86D8_34478683971E;;
Facilities;RateLineCollection;taxRate;Tax rate;The percentage rate of tax to be applied.;0..1;EAID_1BCFDF65_6763_431e_A6E6_7DDD466F0FDC;;
Facilities;RateLineCollection;taxValue;Tax value;The monetary amount of tax to be applied.;0..1;EAID_94DA9A81_1920_4239_9B84_0B61B5ED4AA5;;
Facilities;RateLineCollection;validEnd;Valid end;The end time for the validity of this rate line collection;0..1;EAID_B3DA3E42_F3EC_426b_BE80_37FF4BCB6CBA;;
Facilities;RateLineCollection;validStart;Valid start;The start time for the validity of this rate line collection;0..1;EAID_B3DA3E42_F3EC_426b_BE80_37FF4BCB6CBA;;
Facilities;RateMatrix;description;Description;Supplier-defined free-text description for the rate matrix;0..1;EAID_E9FD7AF8_362B_4b36_899F_2F827A73E908;;
Facilities;RateMatrix;name;Name;Supplier-defined name for the rate matrix;0..1;EAID_E9FD7AF8_362B_4b36_899F_2F827A73E908;;
Facilities;RateMatrix;versionTime;Version time;Timestamp indicating the issuance of this rate matrix;1..1;EAID_B3DA3E42_F3EC_426b_BE80_37FF4BCB6CBA;;
Facilities;Rates;applicableCurrency;Applicable currency;A general information on the applicable monetary currency.;0..*;EAID_AFF9F891_1272_449e_B18C_C12A7EB11F50;;
Facilities;RatesByReference;rateMatrixReference;Rate matrix reference;Reference to the corresponding rate matrix.;0..1;EAID_3BA348A2_B96E_4bc1_BF06_A2326B0E81BD;;
Facilities;RatesByReference;rateTableReference;Rate table reference;Reference to rate information specified in a rate table.;1..1;EAID_3BA348A2_B96E_4bc1_BF06_A2326B0E81BD;;
Facilities;RateTable;activeTimes;Active times;Periods when the rate table is to be applied.;0..*;EAID_5C398D35_14B1_448c_A771_433B5BB56FB8;;
Facilities;RateTable;additionalInformation;Additional information;URI locator for supplementary additional information concerning use of the rate table;0..1;EAID_9E8CF17C_B4F8_4f07_BF28_6EAA0295294D;;
Facilities;RateTable;availability;Availability;Availability of Rate to the public.;0..1;EAID_9CF5594D_CC7B_4a58_8D5E_867E91883EE8;;
Facilities;RateTable;lastUpdated;Last updated;The date/time at which this information was last updated.;0..1;EAID_B3DA3E42_F3EC_426b_BE80_37FF4BCB6CBA;;
Facilities;RateTable;rateResponsibleParty;Rate responsible party;Entity responsible for fee collection. Identifies the entity that actually collects payment (e.g. mobile payment provider, online reservation firm, on-site operations);0..1;EAID_3BA348A2_B96E_4bc1_BF06_A2326B0E81BD;;
Facilities;RateTable;rateSupersedeLink;Rate supersede link;Identify the rate table that this rate table supersedes. Temporarily supersedes the identified rate table. Use the Rate expiration times to define duration. ;0..1;EAID_3BA348A2_B96E_4bc1_BF06_A2326B0E81BD;;
Facilities;RateTable;rateTableName;Rate table name;Name of the Rate Table;0..1;EAID_E9FD7AF8_362B_4b36_899F_2F827A73E908;;
Facilities;RateTable;rateType;Rate type;Defines the type of rate in use.;0..1;EAID_53286630_D6C8_48fe_B14B_C49A84F06289;;
Facilities;RateTable;validation;Validation;Are validations accepted when using this rate table? [TRUE] = validations can be applied to transactions using this rate table; [FALSE] validations cannot be applicated to transactions using this rate table.;0..1;EAID_009D010E_BE3D_49c1_86D8_34478683971E;;
Facilities;RateTable;validityEnd;Validity end;Expiration of rate table in date/time.  This is when the rate table and pricing expires and is no longer used.;0..1;EAID_B3DA3E42_F3EC_426b_BE80_37FF4BCB6CBA;;
Facilities;RateTable;validityStart;Validity start;Valid start date/time of rate table.  This is when the rate table and pricing become active;0..1;EAID_B3DA3E42_F3EC_426b_BE80_37FF4BCB6CBA;;
Facilities;RelativeTimeRates;referenceTimeEnd;Reference time end;Event-related reference end time;0..1;EAID_B3DA3E42_F3EC_426b_BE80_37FF4BCB6CBA;;
Facilities;RelativeTimeRates;referenceTimeStart;Reference time start;Event-related reference start time;0..1;EAID_B3DA3E42_F3EC_426b_BE80_37FF4BCB6CBA;;
Facilities;Credential;otherType;Other type;Some other type of credential;0..1;EAID_DD0FAA46_EDB3_4ba6_A191_377D87F4D303;;
Facilities;Credential;type;Type;Type of credential;1..1;EAID_E87FF94F_D926_4574_9DBA_C15D831A5146;;
Facilities;CredentialAssigned;issuer;Issuer;Identity of the credential issuer.;1..1;EAID_3BA348A2_B96E_4bc1_BF06_A2326B0E81BD;;
Facilities;CredentialAssigned;localIdentifier;Local identifier;Identifier issued by credential issuer.;0..1;EAID_DD0FAA46_EDB3_4ba6_A191_377D87F4D303;;
Facilities;RateDiscount;discountRate;Discount rate;Proportionate discount (-) or surcharge (+) to be applied to all values in the referenced RateTable ;0..1;EAID_1BCFDF65_6763_431e_A6E6_7DDD466F0FDC;;
Facilities;RightSpecification;description;Description;Free-text description of a RightSpecification.;0..*;EAID_E9FD7AF8_362B_4b36_899F_2F827A73E908;;
Facilities;RightSpecification;expiry;Expiry;Date/time showing the timestamp for when a RightSpecification ceases to be valid.;0..1;EAID_B3DA3E42_F3EC_426b_BE80_37FF4BCB6CBA;;
Facilities;RightSpecification;financialReference;Financial reference;Creator defined free-text reference to financial transactions associated to the specific Right Specification.;0..1;EAID_DD0FAA46_EDB3_4ba6_A191_377D87F4D303;;
Facilities;RightSpecification;issuer;Issuer;The issuer of this right.;0..1;EAID_3BA348A2_B96E_4bc1_BF06_A2326B0E81BD;;
Facilities;RightSpecification;noFeeToUse;No fee to use;If TRUE Indicates that the related RightSpecification may be used without charge or cost. If FALSE costs and charges apply;0..1;EAID_009D010E_BE3D_49c1_86D8_34478683971E;;
Facilities;RightSpecification;type;Type;Defines the type of Right Specification.;0..1;EAID_3E41C81A_4854_490f_8977_24B1D6555869;;
Situation;ConstructionWorks;constructionWorkType;Construction work type;The type of construction work being performed.;1..1;EAID_9D6F08AF_E84C_4ea2_B541_A2F0FA565FD4;;
Situation;MaintenanceVehicles;maintenanceVehicleActions;Maintenance vehicle actions;The actions of the maintenance vehicles associated with the roadworks activities.;0..*;EAID_7A8518A0_C806_4325_AB28_E9E08EB3EFF1;;
Situation;MaintenanceVehicles;numberOfMaintenanceVehicles;Number of maintenance vehicles;The number of maintenance vehicles associated with the roadworks activities at the specified location.;0..1;EAID_FBC8547A_BFDA_44df_B881_4F6BF8DA58EF;;
Situation;MaintenanceWorks;roadMaintenanceType;Road maintenance type;The type of road maintenance or installation work at the specified location.;1..*;EAID_0E6AA3F1_2E2A_46ee_81DB_2A712623EE05;;
Situation;Roadworks;publicTransportAlternative;Public transport alternative;Describes an available public transport alternative to the normal route;0..1;EAID_E9FD7AF8_362B_4b36_899F_2F827A73E908;;
Situation;Roadworks;roadworksDurationClassification;Roadworks duration classification;Indicates in general terms the expected duration of the roadworks.;0..1;EAID_A97D64A9_35B7_40d2_90CA_A68F28DBA689;;
Situation;Roadworks;roadworksIdentifier;Roadworks identifier;An external identifier for the roadworks;0..1;EAID_DD0FAA46_EDB3_4ba6_A191_377D87F4D303;;
Situation;Roadworks;roadworksScale;Roadworks scale;Grade of complexity of the roadworks according to the responsible road operator. For example determined by size, duration and/or traffic disruption.;0..1;EAID_63066633_F88B_4ede_B6AD_671344C28598;;
Situation;Roadworks;underTraffic;Under traffic;Indicates that the road section where the roadworks are located is under traffic or not under traffic. 'True' indicates the road is under traffic.;0..1;EAID_009D010E_BE3D_49c1_86D8_34478683971E;;
Situation;Roadworks;urgentRoadworks;Urgent roadworks;Indication of whether the roadworks are considered to be urgent whereby emergency work is being, or needs to be, undertaken to mitigate safety concerns. 'True' indicates they are urgent.;0..1;EAID_009D010E_BE3D_49c1_86D8_34478683971E;;
Situation;Subjects;numberOfSubjects;Number of subjects;The number of subjects on which the roadworks (construction or maintenance) are being performed.;0..1;EAID_FBC8547A_BFDA_44df_B881_4F6BF8DA58EF;;
Situation;Subjects;subjectTypeOfWorks;Subject type of works;The subject type of the roadworks (i.e. on what the construction or maintenance work is being performed).;1..1;EAID_74AD87B4_654F_4396_AC76_DB3D8601C988;;
Situation;RoadOperatorServiceDisruption;roadOperatorServiceDisruptionType;Road operator service disruption type;The type of road operator service which is disrupted.;1..*;EAID_2802EC6F_D629_4e24_8E69_26D903BF3EBE;;
Situation;ServiceDisruption;serviceDisruptionType;Service disruption type;The type of service which is disrupted.;1..*;EAID_A5D45882_2346_433c_9444_415689FC888E;;
Situation;TransitInformation;journeyDestination;Journey destination;Indicates the stated termination point of the transit journey.;0..1;EAID_E9FD7AF8_362B_4b36_899F_2F827A73E908;;
Situation;TransitInformation;journeyOrigin;Journey origin;Indicates the stated starting point of the transit journey.;0..1;EAID_E9FD7AF8_362B_4b36_899F_2F827A73E908;;
Situation;TransitInformation;journeyReference;Journey reference;Indicates a transit service journey number.;0..1;EAID_DD0FAA46_EDB3_4ba6_A191_377D87F4D303;;
Situation;TransitInformation;scheduledDepartureTime;Scheduled departure time;Indicates the timetabled departure time of a transit service for a specified location.;0..1;EAID_B3DA3E42_F3EC_426b_BE80_37FF4BCB6CBA;;
Situation;TransitInformation;transitServiceInformation;Transit service information;Information about transit services.;1..1;EAID_4E0A980A_61AD_4dea_812C_F7D464E0854D;;
Situation;TransitInformation;transitServiceType;Transit service type;The type of transit service to which the information relates.;1..1;EAID_AD08E672_AB4B_4d5c_B12F_365C0EB5B156;;
Situation;SituationRecordReference;objectReference;Object reference;A reference to a specific versioned identifiable object, which may be in this publication or an external publication;1..1;EAID_3BA348A2_B96E_4bc1_BF06_A2326B0E81BD;;
Situation;SituationReference;objectReference;Object reference;A reference to a specific versioned identifiable object, which may be in this publication or an external publication;1..1;EAID_3BA348A2_B96E_4bc1_BF06_A2326B0E81BD;;
Parking;SubplaceElement;subplaceType;Subplace type;Hierarchy element type.;0..1;EAID_95AA59FF_2D36_4baa_A5F4_5FA1FF979BAD;;
LocationReferencing;Carriageway;carriageway;Carriageway;Indicates the section of carriageway to which the location relates.;1..1;EAID_2CABB53C_29CF_4ad3_A561_3B8F60C9997C;;
LocationReferencing;Carriageway;originalNumberOfLanes;Original number of lanes;Normal number of lanes, potentially available for moving traffic, before reduction due to situations. Hard shoulder should not be counted unless it is sometimes used operationally for moving traffic.;0..1;EAID_61F792F0_DD91_4b9e_A736_215CA3A9E8AC;;
LocationReferencing;Lane;laneNumber;Lane number;The number of the lane, where 1 is nearest the hard shoulder/verge and the numbers increase towards the central reservation/road axis.;0..1;EAID_61F792F0_DD91_4b9e_A736_215CA3A9E8AC;;
LocationReferencing;Lane;laneUsage;Lane usage;Indicates the specific lane to which the location relates.;0..1;EAID_54E375E2_2F62_4ebe_B81C_1EEBA7EC487F;;
LocationReferencing;RoadInformation;roadDestination;Road destination;A destination associated with this road.;0..1;EAID_DD0FAA46_EDB3_4ba6_A191_377D87F4D303;;
LocationReferencing;RoadInformation;roadName;Road name;The name of the road;0..1;EAID_DD0FAA46_EDB3_4ba6_A191_377D87F4D303;;
LocationReferencing;RoadInformation;roadNumber;Road number;The road number designated by the road authority;0..1;EAID_DD0FAA46_EDB3_4ba6_A191_377D87F4D303;;
LocationReferencing;SupplementaryPositionalDescription;directionPurpose;Direction purpose;Identifies the main purpose of the road at the location;0..1;EAID_80E35C84_624E_44ba_BCE3_CAAD3DB54364;;
LocationReferencing;SupplementaryPositionalDescription;geographicDescriptor;Geographic descriptor;Descriptor which identifies a geographic characteristic to help identify the specific location;0..1;EAID_2349DBC9_9F61_46ce_BEF6_C75FAA8E9899;;
LocationReferencing;SupplementaryPositionalDescription;infrastructureDescriptor;Infrastructure descriptor;Descriptor which identifies infrastructure to help identify the specific location.;0..1;EAID_F070917E_B59F_4a5a_9149_65A8B936DF20;;
LocationReferencing;SupplementaryPositionalDescription;lengthAffected;Length affected;This indicates the length (measured in metres) of carriageway (and lanes) affected by the associated traffic element.;0..1;EAID_5F90D438_ECAA_4f3c_940B_9FE694BC71FA;;
LocationReferencing;SupplementaryPositionalDescription;locationDescription;Location description;Supplementary human-readable description of the location;0..1;EAID_E9FD7AF8_362B_4b36_899F_2F827A73E908;;
LocationReferencing;SupplementaryPositionalDescription;locationPrecision;Location precision;Indicates that the location is given with a precision which is better than the stated value in metres.;0..1;EAID_16453DDC_C636_432b_A57A_B792035AD9C9;;
LocationReferencing;SupplementaryPositionalDescription;positionOnCarriageway;Position on carriageway;Relative position across carriageway;0..1;EAID_C5310840_C270_4f7e_B7E9_9924082BCA7D;;
LocationReferencing;SupplementaryPositionalDescription;sequentialRampNumber;Sequential ramp number;The sequential number of an exit/entrance ramp from a given location in a given direction (normally used to indicate a specific exit/entrance in a complex junction/intersection).;0..1;EAID_FBC8547A_BFDA_44df_B881_4F6BF8DA58EF;;
Parking;DemandSpaceType;actualEnd;Actual end;The actual Time space is vacated.;0..1;EAID_B3DA3E42_F3EC_426b_BE80_37FF4BCB6CBA;;
Parking;DemandSpaceType;actualStart;Actual start;The actual time a space is initially occupied.;0..1;EAID_B3DA3E42_F3EC_426b_BE80_37FF4BCB6CBA;;
Parking;DemandSpaceType;detectionUpdateTime;Detection update time;Time of update, from detector which is typically a space sensor or camera.;1..1;EAID_B3DA3E42_F3EC_426b_BE80_37FF4BCB6CBA;;
Parking;DemandSpaceType;estimatedEnd;Estimated end;The estimated time a space is expected to be vacated, typically based on a reservation.;0..1;EAID_B3DA3E42_F3EC_426b_BE80_37FF4BCB6CBA;;
Parking;DemandSpaceType;estimatedStart;Estimated start;The estimated time a space is expected to be occupied, typically based on a reservation.;0..1;EAID_B3DA3E42_F3EC_426b_BE80_37FF4BCB6CBA;;
Parking;DemandSpaceType;spaceId;Space id;Name of space, specifically identifies each individual space in an area.;0..*;EAID_2F116A16_BB10_47f1_8AA1_CCD87CF38625;;
Parking;DemandTable;frequency;Frequency;How frequently the demand data is revised.;0..1;EAID_5C398D35_14B1_448c_A771_433B5BB56FB8;;
Parking;DemandTable;timestamp;Timestamp;Timestamp when the demand table data was compiled.;1..1;EAID_B3DA3E42_F3EC_426b_BE80_37FF4BCB6CBA;;
Parking;DemandType;count;Count;Number of utilized or occupied spaces.;0..1;EAID_FBC8547A_BFDA_44df_B881_4F6BF8DA58EF;;
Parking;DemandType;creationTime;Creation time;When data in the record was compiled.;1..1;EAID_B3DA3E42_F3EC_426b_BE80_37FF4BCB6CBA;;
Parking;DemandType;occupancyCalculation;Occupancy calculation;Is occupancy based on physical count, derived (calculated), or a verified report (high confidence report);1..*;EAID_A66A5331_07FD_4688_BF7C_E26142AAF994;;
Parking;DemandType;percentage;Percentage;Percent of spaces occupied or utilized.;0..1;EAID_1BCFDF65_6763_431e_A6E6_7DDD466F0FDC;;
Parking;OccupancyLevel;occupanyIndicator;Occupany indicator;User-defined occupancy indicator (e.g. red =  occupied), referencing specified user defined code list;1..1;EAID_6AAFF587_F13B_439c_9E6E_EA0BCB34AC5B;;
Parking;Supply;endValidUsagePeriod;End valid usage period;Valid end date/time for the supply.;0..1;EAID_B3DA3E42_F3EC_426b_BE80_37FF4BCB6CBA;;
Parking;Supply;quantity;Quantity;Indicates the numeric value of available parking or other space uses.;1..1;EAID_61F792F0_DD91_4b9e_A736_215CA3A9E8AC;;
Parking;Supply;spacesReference;Spaces reference;A reference to one or more spaces for which the supply information is valid.;0..*;EAID_3BA348A2_B96E_4bc1_BF06_A2326B0E81BD;;
Parking;Supply;startValidUsagePeriod;Start valid usage period;Valid start date/time for the supply.;0..1;EAID_B3DA3E42_F3EC_426b_BE80_37FF4BCB6CBA;;
Parking;Supply;viewType;View type;Indicates the nature of the supply view that is being provided, as defined by the supply view type.;1..1;EAID_E9EF6671_D814_4985_9B27_981B4777C99C;;
Parking;StatusConfiguration;parkingStatus;Parking status;The status of the parking site (spaces available or not).;1..1;EAID_FAADC228_179E_431d_9334_2F08208064A5;;
Parking;ThresholdConfiguration;lastMaximumOccupancy;Last maximum occupancy;The last known occupancy (number of parked vehicles on the site) under safe conditions.;0..1;EAID_FBC8547A_BFDA_44df_B881_4F6BF8DA58EF;;
Parking;Thresholds;boundaryValuesExcluded;Boundary values excluded;Configures, if the given threshold values itself should be included ("false"; default) or excluded ("true") in the comparison, when evaluating the status.;0..1;EAID_009D010E_BE3D_49c1_86D8_34478683971E;;
Parking;Thresholds;lowerThreshold;Lower threshold;A lower threshold from which the specified parking site status should become active.;0..1;EAID_FBC8547A_BFDA_44df_B881_4F6BF8DA58EF;;
Parking;Thresholds;lowerThresholdInPercent;Lower threshold in percent;A lower threshold in percent from which the specified parking site status should become active.;0..1;EAID_1BCFDF65_6763_431e_A6E6_7DDD466F0FDC;;
Parking;Thresholds;upperThreshold;Upper threshold;An upper threshold up to which the specified parking site status should become active.;0..1;EAID_FBC8547A_BFDA_44df_B881_4F6BF8DA58EF;;
Parking;Thresholds;upperThresholdInPercent;Upper threshold in percent;An upper threshold in percent up to which the specified parking site status should become active.;0..1;EAID_1BCFDF65_6763_431e_A6E6_7DDD466F0FDC;;
LocationReferencing;TpegAreaLocation;tpegAreaLocationType;TPEG area location type;The type of TPEG location.;1..1;EAID_713B1BCA_3636_4d25_B776_0AC4BDAA43F5;;
LocationReferencing;TpegGeometricArea;radius;Radius;The radius of the corresponding circular area;1..1;EAID_16453DDC_C636_432b_A57A_B792035AD9C9;;
LocationReferencing;TpegHeight;height;Height;A measurement of height in metres;0..1;EAID_5F90D438_ECAA_4f3c_940B_9FE694BC71FA;;
LocationReferencing;TpegHeight;heightType;Height type;A descriptive identification of relative height using TPEG-Loc location referencing.;1..1;EAID_A8604D3B_5E14_429e_B51C_723A3410C52A;;
LocationReferencing;TpegAreaDescriptor;tpegAreaDescriptorType;TPEG area descriptor type;The nature of the descriptor used to define the location under consideration (derived from the TPEG Loc table 03).;1..1;EAID_FF857129_085C_45cd_940A_346E964DEB0B;;
LocationReferencing;TpegDescriptor;descriptor;Descriptor;A text string which describes or elaborates the location.;1..1;EAID_E9FD7AF8_362B_4b36_899F_2F827A73E908;;
LocationReferencing;TpegIlcPointDescriptor;tpegIlcPointDescriptorType;TPEG ILC point descriptor type;The nature of the descriptor used to define the location under consideration (derived from the TPEG Loc table 03).;1..1;EAID_16237482_E64C_4dbf_AC11_F95E32484B9E;;
LocationReferencing;TpegJunctionPointDescriptor;tpegJunctionPointDescriptorType;TPEG junction point descriptor type;The nature of the descriptor used to define the location under consideration (derived from the TPEG Loc table 03).;1..1;EAID_FEE188C4_5EA3_46d3_9EFF_32C03AE26715;;
LocationReferencing;TpegOtherPointDescriptor;tpegOtherPointDescriptorType;TPEG other point descriptor type;The nature of the descriptor used to define the location under consideration (derived from the TPEG Loc table 03).;1..1;EAID_8E849879_612C_44c7_A3AC_F00A0BE84F03;;
LocationReferencing;TpegLinearLocation;tpegDirection;TPEG direction;The direction of traffic flow.;1..1;EAID_21079C67_C37F_4608_A1B6_3203D8F4FBF4;;
LocationReferencing;TpegLinearLocation;tpegLinearLocationType;TPEG linear location type;The type of TPEG location.;1..1;EAID_3CF93CD5_3A52_4373_9C91_015BB008FC8C;;
LocationReferencing;TpegFramedPoint;tpegFramedPointLocationType;TPEG framed point location type;The type of TPEG location.;1..1;EAID_7397277B_BDCB_4d70_B192_B3C8B1D1F2B7;;
LocationReferencing;TpegPointLocation;tpegDirection;TPEG direction;The direction of traffic flow.;1..1;EAID_21079C67_C37F_4608_A1B6_3203D8F4FBF4;;
LocationReferencing;TpegSimplePoint;tpegSimplePointLocationType;TPEG simple point location type;The type of TPEG location.;1..1;EAID_95085915_26F3_4248_BC76_63982B53A6E4;;
Situation;AbnormalTraffic;abnormalTrafficType;Abnormal traffic type;A characterization of the nature of abnormal traffic flow, i.e. specifically relating to the nature of the traffic movement, implying a level of service.;0..1;EAID_5171B7C7_4F55_4526_B4C2_F173BF203431;;
Situation;AbnormalTraffic;numberOfVehiclesWaiting;Number of vehicles waiting;The number of vehicles waiting in a queue.;0..1;EAID_FBC8547A_BFDA_44df_B881_4F6BF8DA58EF;;
Situation;AbnormalTraffic;queueLength;Queue length;The length of a queue or the average length of queues in separate lanes due to a situation.;0..1;EAID_16453DDC_C636_432b_A57A_B792035AD9C9;;
Situation;AbnormalTraffic;relativeTrafficFlow;Relative traffic flow;Assessment of the traffic flow conditions relative to normally expected conditions at this date/time.;0..1;EAID_AD279047_414C_45a6_B184_68D3B1FC275D;;
Situation;AbnormalTraffic;trafficFlowCharacteristics;Traffic flow characteristics;The consistency (steadiness) of the traffic flow.;0..1;EAID_D3AAC8D1_D9DC_41e9_BA30_A409EBEBA639;;
Situation;AbnormalTraffic;trafficTrendType;Traffic trend type;A characterization of the trend in the traffic conditions at the specified location and direction.;0..1;EAID_F1ABFDD4_1E88_4f1c_A49D_7B504ADF4669;;
Situation;EquipmentOrSystemFault;equipmentOrSystemFaultType;Equipment or system fault type;Failure, malfunction or non operational condition of equipment or system.;1..1;EAID_DE4E0BE5_6E80_4cf8_A0F4_BEF93A05BDD0;;
Situation;EquipmentOrSystemFault;faultyEquipmentOrSystemType;Faulty equipment or system type;The type of equipment or system which is faulty, malfunctioning or not in a fully operational state.;1..1;EAID_B77B0A3E_B8B3_4f41_BC6B_338086E5E995;;
Situation;TrafficElement;trafficConstrictionType;Traffic constriction type;The type of constriction to which traffic is subjected as a result of an unplanned event;0..1;EAID_AEEB7BF9_9838_4c71_9655_C8AA50BC0845;;
RoadTrafficData;TrafficStatus;trafficTrendType;Traffic trend type;A characterization of the trend in the traffic conditions at the specified location and direction.;0..1;EAID_F1ABFDD4_1E88_4f1c_A49D_7B504ADF4669;;
RoadTrafficData;TravelTimeData;travelTimeTrendType;Travel time trend type;The current trend in the travel time between the defined locations in the specified direction.;0..1;EAID_ED4D2DBC_B8F7_49e8_BB85_9A9417921A56;;
RoadTrafficData;TravelTimeData;travelTimeType;Travel time type;Indication of the way in which the travel time is derived.;0..1;EAID_93069BA7_D464_4946_B6F7_CB61F6F1A6F2;;
RoadTrafficData;TravelTimeData;vehicleType;Vehicle type;Vehicle type.;0..*;EAID_61FF4543_14D3_4a72_8934_72AECC1EC99C;;
Common;CalendarWeekWithinMonth;applicableCalenderWeekWithinMonth;Applicable calender week within month;Calender week in month. See ISO8601.  "All weeks of the month" is expressed by not using the CalendarWeekOfMonth class. Note: Calendar weeks start with Monday. First week is the week containing the first of the month.;1..6;EAID_F472DC6A_8D11_45ff_B7D7_7F0D9011D5A5;;
Common;DayWeekMonth;applicableDay;Applicable day;Applicable day of the week. "All days of the week" is expressed by non-inclusion of this attribute.;0..7;EAID_B988FF79_9C45_4448_9527_A7C652DD1B16;;
Common;DayWeekMonth;applicableMonth;Applicable month;Applicable month of the year.  "All months of the year" is expressed by non-inclusion of this attribute.;0..12;EAID_FE23E933_175E_4bf4_8A6B_F8C447A8F1F8;;
Common;InstanceOfDayWithinMonth;applicableInstanceOfDayWithinMonth;Applicable instance of day within month;The specified integer instance of the specified applicable day within a month.;1..5;EAID_2B78ACF2_3D68_4ca3_B4F7_D20C62921618;;
Common;OverallPeriod;overallEndTime;Overall end time;End of bounding period of validity defined by date and time.;0..1;EAID_B3DA3E42_F3EC_426b_BE80_37FF4BCB6CBA;;
Common;OverallPeriod;overallStartTime;Overall start time;Start of bounding period of validity defined by date and time.;1..1;EAID_B3DA3E42_F3EC_426b_BE80_37FF4BCB6CBA;;
Common;Period;endOfPeriod;End of period;End of a period.;0..1;EAID_B3DA3E42_F3EC_426b_BE80_37FF4BCB6CBA;;
Common;Period;periodName;Period name;The name of the period.;0..1;EAID_E9FD7AF8_362B_4b36_899F_2F827A73E908;;
Common;Period;startOfPeriod;Start of period;Start of period.;0..1;EAID_B3DA3E42_F3EC_426b_BE80_37FF4BCB6CBA;;
Common;PublicHoliday;publicHolidayName;Public holiday name;Specification of a specific public holiday by its name.;1..1;EAID_E9FD7AF8_362B_4b36_899F_2F827A73E908;;
Common;SpecialDay;intersectWithApplicableDays;Intersect with applicable days;When true, the period is the intersection of applicable days and this special day. When false, the period is the union of applicable days and this special day.;1..1;EAID_009D010E_BE3D_49c1_86D8_34478683971E;;
Common;SpecialDay;publicEvent;Public event;Type of public event on this special day.;0..1;EAID_518C29AF_2350_4697_8AEC_A71E58DFB604;;
Common;SpecialDay;specialDayType;Special day type;Specification of a special day, for example schoolDay, publicHoliday, ...;1..1;EAID_A7036726_70EB_4b67_9E33_4CDC87E6A10D;;
Common;TimePeriodOfDay;endTimeOfPeriod;End time of period;End of time period.;1..1;EAID_82EFE016_020C_4229_BAAE_422E5074B274;;
Common;TimePeriodOfDay;startTimeOfPeriod;Start time of period;Start of time period.;1..1;EAID_82EFE016_020C_4229_BAAE_422E5074B274;;
Common;Validity;overrunning;Overrunning;The activity or action described by the SituationRecord is still in progress, overrunning its planned duration as indicated in a previous version of this record or even in current version.;0..1;EAID_009D010E_BE3D_49c1_86D8_34478683971E;;
Common;Validity;validityStatus;Validity status;Specification of validity, either explicitly overriding the validity time specification or confirming it.;1..1;EAID_B071CFA6_4318_4638_92B6_A58A29022D23;;
Common;AxleSpacing;axleSpacing;Axle spacing;The spacing interval, indicated by the axleSpacingSequenceIdentifier, between the axles of an individual vehicle from front to back of the vehicle. ;1..1;EAID_5F90D438_ECAA_4f3c_940B_9FE694BC71FA;;
Common;AxleSpacing;axleSpacingSequenceIdentifier;Axle spacing sequence identifier;Indicates the sequence number of the interval between the axles of the individual vehicle from front to back (e.g. 1, 2, 3...). This cannot exceed (numberOfAxles -1) if the numberOfAxles is also given as part of the VehicleCharacteristics.;1..1;EAID_FBC8547A_BFDA_44df_B881_4F6BF8DA58EF;;
Common;AxleWeight;axlePositionIdentifier;Axle position identifier;Indicates the position of the axle on the vehicle numbered from front to back (i.e. 1, 2, 3...). This cannot exceed the numberOfAxles if provided as part of VehicleCharacteristics.;1..1;EAID_FBC8547A_BFDA_44df_B881_4F6BF8DA58EF;;
Common;AxleWeight;axleWeight;Axle weight;The weight of the specific axle, indicated by the axleSequenceIdentifier, on the vehicle numbered from front to back of the vehicle. ;0..1;EAID_18215DD2_0F5E_4c31_976A_BA16FF6F8CBE;;
Common;AxleWeight;maximumPermittedAxleWeight;Maximum permitted axle weight;The maximum permitted weight of this specific axle on the vehicle.;0..1;EAID_18215DD2_0F5E_4c31_976A_BA16FF6F8CBE;;
Common;Vehicle;anonymizedVehicleReference;Anonymized vehicle reference;A reference for a vehicle derived from vehicle properties such as registration number but encoded so that it does not allow a human to identify the vehicle directly from the encoded value;0..1;EAID_DD0FAA46_EDB3_4ba6_A191_377D87F4D303;;
Common;Vehicle;vehicleColour;Vehicle colour;The colour of the vehicle.;0..1;EAID_E9FD7AF8_362B_4b36_899F_2F827A73E908;;
Common;Vehicle;vehicleCountryOfOrigin;Vehicle country of origin;Specification of the country in which the vehicle is registered. The code is the 2-alpha code as given in EN ISO 3166-1 which is updated by the ISO 3166 Maintenance Agency.;0..1;EAID_31321824_B48F_4b14_8739_481ABEA68F95;;
Common;Vehicle;vehicleIdentifier;Vehicle identifier;A vehicle identification number (VIN) comprising 17 characters that is based on either ISO 3779 or ISO 3780 and uniquely identifies the individual vehicle. This is normally securely attached to the vehicle chassis.;0..1;EAID_DD0FAA46_EDB3_4ba6_A191_377D87F4D303;;
Common;Vehicle;vehicleManufacturer;Vehicle manufacturer;Indicates the stated manufacturer of the vehicle, e.g. Ford.;0..1;EAID_DD0FAA46_EDB3_4ba6_A191_377D87F4D303;;
Common;Vehicle;vehicleModel;Vehicle model;Indicates the model (or range name) of the vehicle, e.g. Mondeo.;0..1;EAID_DD0FAA46_EDB3_4ba6_A191_377D87F4D303;;
Common;Vehicle;vehicleRegistrationPlateIdentifier;Vehicle registration plate identifier;An identifier or code displayed on a vehicle registration plate attached to the vehicle used for official identification purposes. The registration identifier is numeric or alphanumeric and is unique within the issuing authority's region.;0..1;EAID_DD0FAA46_EDB3_4ba6_A191_377D87F4D303;;
Common;Vehicle;vehicleStatus;Vehicle status;Vehicle status.;0..1;EAID_8A84894F_80A5_4088_A946_78775E17664E;;
Common;Emissions;emissionClassificationEuro;Emission classification euro;The minimum Euro emission classification the vehicle(s) have to comply with according to the 1970 Directive 70/220/EEC and its several amendments. Note that vehicleType and fuelType need to be provided in order to make this classification explicit.;0..1;EAID_DEEE3710_D194_4573_A36B_676555AE1B03;;
Common;Emissions;emissionClassificationOther;Emission classification other;Some other (probably locally defined) value(s) for emission classification.;0..*;EAID_DD0FAA46_EDB3_4ba6_A191_377D87F4D303;;
Common;Emissions;emissionLevel;Emission level;The low emission level of a vehicle.;0..1;EAID_4C0F286A_B692_436b_B498_2706B5475505;;
Common;GrossWeightCharacteristic;comparisonOperator;Comparison operator;The operator to be used in the vehicle characteristic comparison operation.;1..1;EAID_4013D83C_DA11_4d0c_B4BD_072E4CCC74D2;;
Common;GrossWeightCharacteristic;grossVehicleWeight;Gross vehicle weight;The gross weight of the vehicle and its load, including any trailers.;1..1;EAID_18215DD2_0F5E_4c31_976A_BA16FF6F8CBE;;
Common;GrossWeightCharacteristic;typeOfWeight;Type of weight;The meaning of the weight value;1..1;EAID_24EC9188_E53D_47b2_AB55_8BD8242C60CE;;
Common;HeaviestAxleWeightCharacteristic;comparisonOperator;Comparison operator;The operator to be used in the vehicle characteristic comparison operation.;1..1;EAID_4013D83C_DA11_4d0c_B4BD_072E4CCC74D2;;
Common;HeaviestAxleWeightCharacteristic;heaviestAxleWeight;Heaviest axle weight;The weight of the heaviest axle on the vehicle.;1..1;EAID_18215DD2_0F5E_4c31_976A_BA16FF6F8CBE;;
Common;HeightCharacteristic;comparisonOperator;Comparison operator;The operator to be used in the vehicle characteristic comparison operation.;1..1;EAID_4013D83C_DA11_4d0c_B4BD_072E4CCC74D2;;
Common;HeightCharacteristic;vehicleHeight;Vehicle height;The height of the highest part, excluding antennae, of an individual vehicle above the road surface, in metres.;1..1;EAID_5F90D438_ECAA_4f3c_940B_9FE694BC71FA;;
Common;LengthCharacteristic;comparisonOperator;Comparison operator;The operator to be used in the vehicle characteristic comparison operation.;1..1;EAID_4013D83C_DA11_4d0c_B4BD_072E4CCC74D2;;
Common;LengthCharacteristic;vehicleLength;Vehicle length;The overall distance between the front and back of an individual vehicle, including the length of any trailers, couplings, embedded features etc.;1..1;EAID_5F90D438_ECAA_4f3c_940B_9FE694BC71FA;;
Common;NumberOfAxlesCharacteristic;comparisonOperator;Comparison operator;The operator to be used in the vehicle characteristic comparison operation.;1..1;EAID_4013D83C_DA11_4d0c_B4BD_072E4CCC74D2;;
Common;NumberOfAxlesCharacteristic;numberOfAxles;Number of axles;The total number of axles of an individual vehicle.;1..1;EAID_FBC8547A_BFDA_44df_B881_4F6BF8DA58EF;;
Common;VehicleCharacteristics;fuelType;Fuel type;The type of fuel used by the vehicle.;0..*;EAID_8F754A80_0133_47c2_A2E5_6DC872C3F4BE;;
Common;VehicleCharacteristics;loadType;Load type;The type of load carried by the vehicle, especially in respect of hazardous loads.;0..1;EAID_1C112154_300E_4645_A522_E6FA0D29AB51;;
Common;VehicleCharacteristics;vehicleEquipment;Vehicle equipment;The type of equipment in use or on board the vehicle.;0..1;EAID_08CCC1C0_8CA8_403c_AAD4_682A731FA3CD;;
Common;VehicleCharacteristics;vehicleType;Vehicle type;Vehicle type.;0..*;EAID_61FF4543_14D3_4a72_8934_72AECC1EC99C;;
Common;VehicleCharacteristics;vehicleUsage;Vehicle usage;The type of usage of the vehicle (i.e. for what purpose is the vehicle being used).;0..1;EAID_90DDE5F1_B273_4918_9BA3_BD93BA6823B9;;
Common;VehicleCharacteristics;yearOfFirstRegistration;Year of first registration;Year of first registration of the vehicle;0..1;EAID_0CC0FA6C_C622_40c4_8067_99270717FFDB;;
Common;WidthCharacteristic;comparisonOperator;Comparison operator;The operator to be used in the vehicle characteristic comparison operation.;1..1;EAID_4013D83C_DA11_4d0c_B4BD_072E4CCC74D2;;
Common;WidthCharacteristic;vehicleWidth;Vehicle width;The maximum width of an individual vehicle, including any features embedded or fixed on it, in metres.;1..1;EAID_5F90D438_ECAA_4f3c_940B_9FE694BC71FA;;
Parking;OccupancyChangeValue;occupancyChange;Occupancy change;A measured or calculated absolute change of occupied parking spaces within a specified time expressed as integer.;1..1;EAID_61F792F0_DD91_4b9e_A736_215CA3A9E8AC;;
Parking;VehicleCountAndRate;coveringPetrolStationArea;Covering petrol station area;Indication, if this detector also covers the area of a petrol station.;0..1;EAID_009D010E_BE3D_49c1_86D8_34478683971E;;
Parking;VehicleCountAndRate;dedicatedAccess;Dedicated access;Specifies a reference to an access, object (i.e. an entrance, an exit or both). A Point location and further characteristics can be specified for those objects.;0..1;EAID_3BA348A2_B96E_4bc1_BF06_A2326B0E81BD;;
Parking;VehicleCountAndRate;lastCalibration;Last calibration;Date of last calibration of the detection system in question.;0..1;EAID_B3DA3E42_F3EC_426b_BE80_37FF4BCB6CBA;;
Parking;VehicleCountAndRate;measuredValueIndex;Measured value index;If a measurement site is specified, the index of the measured value can be specified here.;0..1;EAID_FBC8547A_BFDA_44df_B881_4F6BF8DA58EF;;
Parking;VehicleCountAndRate;measurementSiteReference;Measurement site reference;A reference to a versioned measurement site record defined in a Measurement Site table.;0..1;EAID_3BA348A2_B96E_4bc1_BF06_A2326B0E81BD;;
Parking;VehicleCountValue;vehicleCount;Vehicle count;A measured or calculated absolute count of vehicles within a specified period of time expressed as non-negative integer.;1..1;EAID_FBC8547A_BFDA_44df_B881_4F6BF8DA58EF;;
Parking;VehicleCountWithinInterval;measurementInterval;Measurement interval;The interval for the vehicle measurement in seconds.;0..1;EAID_60B31F7C_803F_4351_A52B_B9E11C22B6E6;;
Vms;DisplayArea;maxNumberOfSequentialPages;Max number of sequential pages;Maximum number of pages which the VMS is capable of scrolling through sequentially (2 to n).;0..1;EAID_FBC8547A_BFDA_44df_B881_4F6BF8DA58EF;;
Vms;DisplayArea;positionXAbsolute;Position x absolute;The horizontal position of the area in which the pictogram is displayed, i.e. at the left, or right of the VMS display.;0..1;EAID_0C3CC63D_E13F_433b_A265_62E34C2FF6D3;;
Vms;DisplayArea;positionXRelativeToPrevious;Position x relative to previous;The horizontal position of the area in which the pictogram is displayed relative to the previous display in the collection (e.g. to the left, to the right ....).;0..1;EAID_A3B17A35_206E_418f_9EE7_4AFBD8753380;;
Vms;DisplayArea;positionYAbsolute;Position y absolute;The vertical position of the area in which the area is displayed, i.e. at the top or bottom of the VMS display.;0..1;EAID_9E28A9B6_1904_4469_A621_B77A7F3B8C65;;
Vms;DisplayArea;positionYRelativeToPrevious;Position y relative to previous;The horizontal position of the area in which the pictogram is displayed relative to the previous display area in the collection (i.e.above or below).;0..1;EAID_115502FE_1178_4e46_BB56_2E1A0099F455;;
Vms;DisplayArea;sequencingCapable;Sequencing capable;Indicates whether the display area on the VMS is capable of sequencing through multiple pages. True = capable.;0..1;EAID_009D010E_BE3D_49c1_86D8_34478683971E;;
Vms;DisplayGeometry;displayHeight;Display height;The vertical height measured in metres of the display area.;0..1;EAID_5F90D438_ECAA_4f3c_940B_9FE694BC71FA;;
Vms;DisplayGeometry;displayWidth;Display width;The horizontal width measured in metres of the display area.;0..1;EAID_5F90D438_ECAA_4f3c_940B_9FE694BC71FA;;
Vms;DisplayGeometry;pixelsAcross;Pixels across;Number of pixels horizontally across the display area.;0..1;EAID_FBC8547A_BFDA_44df_B881_4F6BF8DA58EF;;
Vms;DisplayGeometry;pixelsDown;Pixels down;Number of pixels vertically down the display area.;0..1;EAID_FBC8547A_BFDA_44df_B881_4F6BF8DA58EF;;
Vms;DisplayGeometry;positionX;Position x;The X-coordinate (horizontal) position of this specific display area measured from the top left of the sign's overall display area to the top left of this specific display area;0..1;EAID_5F90D438_ECAA_4f3c_940B_9FE694BC71FA;;
Vms;DisplayGeometry;positionY;Position y;The Y-coordinate (vertical) position of this specific display area measured from the top left of the sign's overall display area to the top left of this specific display area;0..1;EAID_5F90D438_ECAA_4f3c_940B_9FE694BC71FA;;
Vms;PictogramDisplayArea;pictogramCodeListIdentifier;Pictogram code list identifier;Indicates which pictogram code list is referenced. This may be ISO 14823 or a custom list.;0..1;EAID_DD0FAA46_EDB3_4ba6_A191_377D87F4D303;;
Vms;PictogramDisplayArea;pictogramNumberOfColours;Pictogram number of colours;The number of colours the pictogram display area is capable of rendering.;0..1;EAID_FBC8547A_BFDA_44df_B881_4F6BF8DA58EF;;
Vms;SupplementaryPanelArea;relatedPictogramArea;Related pictogram area;The displayAreaIndex associated with the pictogram display area that this supplementary display area is designed to supplement.;0..1;EAID_61F792F0_DD91_4b9e_A736_215CA3A9E8AC;;
Vms;SupplementaryPanelArea;supplementaryPictogramCodeListIdentifier;Supplementary pictogram code list identifier;Indicates which supplementary pictogram code list is referenced. This may be ISO 14823 or a custom list.;0..1;EAID_DD0FAA46_EDB3_4ba6_A191_377D87F4D303;;
Vms;TextDisplayArea;maxFontHeight;Max font height;Maximum font height in pixels.;0..1;EAID_FBC8547A_BFDA_44df_B881_4F6BF8DA58EF;;
Vms;TextDisplayArea;maxFontSpacing;Max font spacing;Maximum font spacing in pixels.;0..1;EAID_FBC8547A_BFDA_44df_B881_4F6BF8DA58EF;;
Vms;TextDisplayArea;maxFontWidth;Max font width;Maximum font width in pixels.;0..1;EAID_FBC8547A_BFDA_44df_B881_4F6BF8DA58EF;;
Vms;TextDisplayArea;maxNumberOfCharacters;Max number of characters;Maximum number of displayable characters on a single line in the textual display area of the VMS.;0..1;EAID_FBC8547A_BFDA_44df_B881_4F6BF8DA58EF;;
Vms;TextDisplayArea;maxNumberOfRows;Max number of rows;Maximum number of rows of displayable characters in the textual display area of the VMS.;0..1;EAID_FBC8547A_BFDA_44df_B881_4F6BF8DA58EF;;
Vms;TextDisplayArea;minFontHeight;Min font height;Minimum font height in pixels.;0..1;EAID_FBC8547A_BFDA_44df_B881_4F6BF8DA58EF;;
Vms;TextDisplayArea;minFontSpacing;Min font spacing;Minimum font spacing in pixels.;0..1;EAID_FBC8547A_BFDA_44df_B881_4F6BF8DA58EF;;
Vms;TextDisplayArea;minFontWidth;Min font width;Minimum font width in pixels.;0..1;EAID_FBC8547A_BFDA_44df_B881_4F6BF8DA58EF;;
Vms;TextDisplayArea;proportionalFont;Proportional font;Whether the VMS supports proportional fonts;0..1;EAID_009D010E_BE3D_49c1_86D8_34478683971E;;
Vms;TextDisplayArea;textCodeListIdentifier;Text code list identifier;Indicates which textual message code list is referenced. This may be specific to the VMS type defined by vmsTypeCode.;0..1;EAID_DD0FAA46_EDB3_4ba6_A191_377D87F4D303;;
Vms;VmsConfiguration;numberOfDisplayAreas;Number of display areas;Number of display areas which the VMS contains.;0..1;EAID_FBC8547A_BFDA_44df_B881_4F6BF8DA58EF;;
Vms;VmsControllerFault;vmsControllerFault;VMS controller fault;The type of fault which is being reported for the VMS unit.;1..1;EAID_123932AF_54CD_43a8_B134_870B2916A716;;
Vms;VmsFault;vmsFault;VMS fault;The type of fault which is being reported for the specified variable message sign panel.;1..1;EAID_1EFC32BD_F84D_492a_BD65_3A0F47694143;;
Vms;CompositePictogram;pictogramDescription;Pictogram description;Description of the displayed composed pictogram.;1..1;EAID_3EEE1E72_479E_45b1_98AC_63B376836BA2;;
Vms;DisplayAreaSettings;isBlank;Is blank;Identifies whether this display area is blank. The absence of this attribute has no semantics.;0..1;EAID_009D010E_BE3D_49c1_86D8_34478683971E;;
Vms;DisplayAreaSettings;legalBasis;Legal basis;Identifies any legal basis for the elements displayed;0..1;EAID_E9FD7AF8_362B_4b36_899F_2F827A73E908;;
Vms;DisplayAreaSettings;legallyBinding;Legally binding;The semantics of this display are legally binding for road users;0..1;EAID_009D010E_BE3D_49c1_86D8_34478683971E;;
Vms;DisplayedNumericalInformation;numericalInformationType;Numerical information type;Type of numerical information displayed;1..1;EAID_F4489ACB_2BF0_49fd_BF11_3357C81BDE71;;
Vms;DisplayedNumericalInformation;numericValue;Numeric value;The value displayed. In the special case where the unit of measure is feet and inches, the part of the number after the decimal separator is the number of inches.;1..1;EAID_6594CF20_4A46_49cf_8682_CDF7A3370A8B;;
Vms;DisplayedNumericalInformation;unitOfMeasure;Unit of measure;The unit of measure for the numeric value. This may be displayed or predefined for a type of sign.;1..1;EAID_69A9537C_2E8A_4859_B457_1B0BF161D9B3;;
Vms;Image;imageData;Image data;Encoded image data;1..1;EAID_FE0DD564_1AC5_4e7f_9A6F_FCC2C8D9B576;;
Vms;Image;imageFormat;Image format;Identifies the image format of the associated image data;1..1;EAID_CC66338E_9F95_4f22_A152_3089F7B4E710;;
Vms;MultiPageDisplay;sequenceGroupNumber;Sequence group number;Where MultiPageDisplay instances have the same sequenceGroupNumber, the timed progression through their pages is synchronised.;0..1;EAID_FBC8547A_BFDA_44df_B881_4F6BF8DA58EF;;
Vms;Pictogram;additionalDescription;Additional description;Additional description of the pictogram.;0..1;EAID_E9FD7AF8_362B_4b36_899F_2F827A73E908;;
Vms;Pictogram;customPictogramCode;Custom pictogram code;If a custom code list (not based on GDD) is being used, this is the code of the pictogram using the pictogram code list identified in the corresponding PictogramDisplayArea object;0..1;EAID_DD0FAA46_EDB3_4ba6_A191_377D87F4D303;;
Vms;Pictogram;pictogramFlashing;Pictogram flashing;Indication of whether the pictogram is flashing.;0..1;EAID_009D010E_BE3D_49c1_86D8_34478683971E;;
Vms;Pictogram;pictogramInformationType;Pictogram information type;Allows characterising the type of displayed information;0..1;EAID_7A84D658_1046_40a2_8CFB_A5D27829EE47;;
Vms;Pictogram;pictogramInInverseColour;Pictogram in inverse colour;The pictogram is displayed in inverse colour (i.e. the colours are the inverse of normal).;0..1;EAID_009D010E_BE3D_49c1_86D8_34478683971E;;
Vms;Pictogram;viennaConventionCompliant;Vienna convention compliant;Indicates that the displayed pictogram conforms with the Vienna Convention defined pictogram list as modified by "UNECE Consolidated Resolution on Road Signs and Signals".;0..1;EAID_009D010E_BE3D_49c1_86D8_34478683971E;;
Vms;PictogramDisplay;isPrimaryPictogram;Is primary pictogram;Indicates if the given pictogram display area is considered as the primary pictogram (= True) or not (= False).;0..1;EAID_009D010E_BE3D_49c1_86D8_34478683971E;;
Vms;PictogramDisplay;pictogramDisplayUrl;Pictogram display URL;Reference to a URL from where an image of the displayed pictogram can be be obtained.;0..1;EAID_9E8CF17C_B4F8_4f07_BF28_6EAA0295294D;;
Vms;RegularPictogram;pictogramDescription;Pictogram description;Description of the pictogram.;0..*;EAID_BB611B32_9216_4251_97EF_86CB487A3CD2;;
Vms;RegularPictogram;presenceOfRedTriangle;Presence of red triangle;Indication of the presence of a red triangle around the pictogram, often used to indicate imminence, typically within 2 km, of signed danger.;0..1;EAID_009D010E_BE3D_49c1_86D8_34478683971E;;
Vms;SupplementaryPictogram;additionalDescription;Additional description;Additional free text description of the supplementary pictogram.;0..1;EAID_E9FD7AF8_362B_4b36_899F_2F827A73E908;;
Vms;SupplementaryPictogram;pictogramCode;Pictogram code;The code of the supplementary pictogram from the supplementary pictogram code list referenced in the corresponding SupplementaryPanelArea.;0..1;EAID_DD0FAA46_EDB3_4ba6_A191_377D87F4D303;;
Vms;SupplementaryPictogram;pictogramDescription;Pictogram description;Description of the displayed supplementary pictogram.;0..1;EAID_A2FF7E3F_8FC6_4a18_8C14_9C5ED2BBEA03;;
Vms;SupplementaryPictogram;pictogramFlashing;Pictogram flashing;Indication of whether the pictogram is flashing.;0..1;EAID_009D010E_BE3D_49c1_86D8_34478683971E;;
Vms;SupplementaryPictogram;pictogramInformationType;Pictogram information type;Allows characterising the type of displayed information;0..1;EAID_7A84D658_1046_40a2_8CFB_A5D27829EE47;;
Vms;SupplementaryPictogram;pictogramUrl;Pictogram URL;Reference to a URL from where an image of the displayed supplementary pictogram can be obtained.;0..1;EAID_9E8CF17C_B4F8_4f07_BF28_6EAA0295294D;;
Vms;TextDisplay;textCode;Text code;The code of the specific text, from the defined code list.;0..1;EAID_DD0FAA46_EDB3_4ba6_A191_377D87F4D303;;
Vms;TextDisplay;textImageUrl;Text image URL;Reference to a URL from where an image of the displayed text can be obtained.;0..1;EAID_9E8CF17C_B4F8_4f07_BF28_6EAA0295294D;;
Vms;TextLine;isExactTextOnSign;Is exact text on sign;Confirms whether the specified text is exactly as displayed, or whether it is just a semantic equivalent.;0..1;EAID_009D010E_BE3D_49c1_86D8_34478683971E;;
Vms;TextLine;lineColour;Line colour;The colour of the displayed text.;0..1;EAID_916E63FE_62BB_4a12_9CAF_750E78BE0190;;
Vms;TextLine;lineFlashing;Line flashing;Indication of whether the displayed text is flashing.;0..1;EAID_009D010E_BE3D_49c1_86D8_34478683971E;;
Vms;TextLine;lineHtml;Line HTML;The displayed line of text defined by an HTML string showing text formatting tags.;0..1;EAID_DD0FAA46_EDB3_4ba6_A191_377D87F4D303;;
Vms;TextLine;lineLanguage;Line language;The language of the displayed text, specified by an ISO 639-1 language code.;0..1;EAID_0CF8718C_61C5_4a31_836C_1FBF19DB4EEF;;
Vms;TextLine;textInformationType;Text information type;Allows characterising the type of displayed information;0..*;EAID_7A84D658_1046_40a2_8CFB_A5D27829EE47;;
Vms;TextLine;textLine;Text line;A free-text string that is displayed on a single line on the text display area. It may correspond to the entire text in the case that text segmentation in lines is not available.;1..1;EAID_DD0FAA46_EDB3_4ba6_A191_377D87F4D303;;
Vms;VmsMessage;associatedTrafficManagementPlan;Associated traffic management plan;The identification of the traffic management plan or diversion plan with which the message is associated.;0..1;EAID_DD0FAA46_EDB3_4ba6_A191_377D87F4D303;;
Vms;VmsMessage;codedReasonForSetting;Coded reason for setting;The reason, in terms of a high-level coded classification, why the sign has been set. ;0..1;EAID_3FF82B6A_4229_4fdb_B77A_BE3AD88FCAF2;;
Vms;VmsMessage;distanceFromClosestSituationRecord;Distance from closest situation record;Distance of the VMS from the location of the closest situation record. If the VMS is located within the extent of the situation record this should be set to zero.;0..1;EAID_5F90D438_ECAA_4f3c_940B_9FE694BC71FA;;
Vms;VmsMessage;mareNostrumCompliant;Mare nostrum compliant;Indication that the displayed message (text and pictogram) conforms with the formulation recommended by the Mare Nostrum project.;0..1;EAID_009D010E_BE3D_49c1_86D8_34478683971E;;
Vms;VmsMessage;messageInformationType;Message information type;Type of information being displayed.;0..*;EAID_36166532_5688_400b_B667_22D597AFBC17;;
Vms;VmsMessage;messageSetBy;Message set by;The organisation or authority which set the message currently being displayed. ;0..1;EAID_E9FD7AF8_362B_4b36_899F_2F827A73E908;;
Vms;VmsMessage;primarySetting;Primary setting;Identifies whether the message setting is primary (explicitly requested) or is secondary (derived according to an algorithm as the result of setting other signs). True = a primary setting.;0..1;EAID_009D010E_BE3D_49c1_86D8_34478683971E;;
Vms;VmsMessage;reasonForSetting;Reason for setting;The reason why the sign has been set.;0..1;EAID_E9FD7AF8_362B_4b36_899F_2F827A73E908;;
Vms;VmsMessage;relatedSituation;Related situation;A reference to the managed situation to which the set message relates.;0..*;EAID_3BA348A2_B96E_4bc1_BF06_A2326B0E81BD;;
Vms;VmsMessage;relatedSituationRecord;Related situation record;A reference to the situation record within a managed situation to which the set message relates.;0..*;EAID_3BA348A2_B96E_4bc1_BF06_A2326B0E81BD;;
Vms;VmsMessage;requestedBy;Requested by;The authority, organisation or system which requested the setting of the message. This may be different from the authority or system which actually set the message on behalf of the requestor.;0..1;EAID_E9FD7AF8_362B_4b36_899F_2F827A73E908;;
Vms;VmsMessage;sequencingInterval;Sequencing interval;The time duration that each text page or pictogram within a message is displayed for before the VMS displays the next text page and/or pictogram in the message.;0..1;EAID_60B31F7C_803F_4351_A52B_B9E11C22B6E6;;
Vms;VmsMessage;setBySystem;Set by system;Indicates whether the message has been set automatically by a system. True =  automatically set.;0..1;EAID_009D010E_BE3D_49c1_86D8_34478683971E;;
Vms;VmsMessage;timeLastSet;Time last set;The date/time at which the sign was last set.;1..1;EAID_B3DA3E42_F3EC_426b_BE80_37FF4BCB6CBA;;
Vms;VmsControllerStatus;statusUpdateTime;Status update time;Time at which this VMS controller unit status was updated;0..1;EAID_B3DA3E42_F3EC_426b_BE80_37FF4BCB6CBA;;
Vms;VmsControllerStatus;vmsControllerReference;VMS controller reference;A reference to a versioned VMS controller record in a VMS controller table which defines the characteristics of the VMS controller unit.;1..1;EAID_3BA348A2_B96E_4bc1_BF06_A2326B0E81BD;;
Vms;VmsControllerStatus;vmsControllerTableReference;VMS controller table reference;A reference to a versioned VMS controller unit table.;1..1;EAID_3BA348A2_B96E_4bc1_BF06_A2326B0E81BD;;
Vms;VmsStatus;flashingLightsOn;Flashing lights on;Indicates if lights outside display areas (called lanterns in some countries) are turned on.;0..1;EAID_009D010E_BE3D_49c1_86D8_34478683971E;;
Vms;VmsStatus;remainingPowerCapacity;Remaining power capacity;The estimated length of time for which the VMS will have power to continue operating;0..1;EAID_60B31F7C_803F_4351_A52B_B9E11C22B6E6;;
Vms;VmsStatus;sequencingInterval;Sequencing interval;The time duration that each message is displayed for before the VMS displays the next message in the sequence.;0..1;EAID_60B31F7C_803F_4351_A52B_B9E11C22B6E6;;
Vms;VmsStatus;statusUpdateTime;Status update time;Time at which this VMS status was updated;0..1;EAID_B3DA3E42_F3EC_426b_BE80_37FF4BCB6CBA;;
Vms;VmsStatus;workingStatus;Working status;Indicates whether the VMS is usable. Note it can still be usable with minor faults.;0..1;EAID_2324A760_9E70_47b8_86CF_E96D06CE2DA5;;
RoadTrafficData;PrecipitationInformation;noPrecipitation;No precipitation;Indication of whether precipitation is present or not. True indicates that there is no precipitation.;0..1;EAID_009D010E_BE3D_49c1_86D8_34478683971E;;
RoadTrafficData;RoadSurfaceConditionInformation;weatherRelatedRoadConditionType;Weather related road condition type;The type of road surface condition that is related to the weather which is affecting the driving conditions.;0..*;EAID_6B1CA617_8B38_4b04_A8F6_E7BFF5BFBDD4;;
Common;Pollution;pollutantType;Pollutant type;The type of pollutant in the air.;1..1;EAID_F7FCC64A_0A74_44b1_9CD2_CBE6020D1CC4;;
Common;PrecipitationDetail;precipitationIntensityGrade;Precipitation intensity grade;The intensity of precipitation expressed by enumerated value,;0..1;EAID_D2A2DD66_3C77_41c5_9377_7E9DAC493A1F;;
Common;PrecipitationDetail;precipitationType;Precipitation type;The type of precipitation which is affecting the driving conditions.;0..1;EAID_088A58B9_C9A1_4060_A634_418000B768A5;;
Common;TemperatureBelowOrAboveRoadSurface;heightBelowOrAboveRoadSurface;Height below or above road surface;The height of the measurement either below (negative value) or above (positive value) the road surface.;1..1;EAID_5F90D438_ECAA_4f3c_940B_9FE694BC71FA;;
Common;Wind;windMeasurementHeight;Wind measurement height;The height in metres above the road surface at which the wind is measured.;0..1;EAID_16453DDC_C636_432b_A57A_B792035AD9C9;;

