Namespace;Enumeration name;Enumeration literal;Designation;Definition;Origin;Original code
Situation;AbnormalTrafficTypeEnum;heavyTraffic;Heavy traffic;Traffic is heavy at the specified location (i.e. average speed is between 75% and 90% of its free-flow level).;;
Situation;AbnormalTrafficTypeEnum;other;Other;Other than as defined in this enumeration.;;
Situation;AbnormalTrafficTypeEnum;queuingTraffic;Queuing traffic;Traffic is queuing at the specified location, although there is still some traffic movement (i.e. average speed is between 10% and 25% of its free-flow level).;;
Situation;AbnormalTrafficTypeEnum;slowTraffic;Slow traffic;Traffic is slow moving at the specified location, but not yet forming queues (i.e. average speed is between 25% and 75% of its free-flow level).;;
Situation;AbnormalTrafficTypeEnum;stationaryTraffic;Stationary traffic;Traffic is stationary, or very near stationary, at the specified location (i.e. average speed is less than 10% of its free-flow level).;;
Situation;AbnormalTrafficTypeEnum;unspecifiedAbnormalTraffic;Unspecified abnormal traffic;There are abnormal traffic conditions of an unspecified nature at the specified location.;;
Parking;AccessEquipmentEnum;barrier;Barrier;There is a barrier on this entrance or exit. Usually access is granted through tickets, buttons or electronic systems.;;
Parking;AccessEquipmentEnum;elevator;Elevator;There is an elevator associated with this access.;;
Parking;AccessEquipmentEnum;other;Other;Other.;;
Parking;AccessEquipmentEnum;payAndExitMachine;Pay and exit machine;A machine at this exit enables payment directly by inserting a payment or identity card.;;
Parking;AccessEquipmentEnum;staircase;Staircase;There is a staircase associated with this access.;;
Parking;AccessEquipmentEnum;ticketButtonMachine;Ticket button machine;A machine at this entrance provides a parking ticket by pressing a button.;;
Parking;AccessEquipmentEnum;ticketCardMachine;Ticket card machine;A machine at this entrance provides a parking ticket by inserting some payment or identity card.;;
Parking;AccessEquipmentEnum;trafficSignal;Traffic signal;There is a traffic signal installation controlling this access.;;
Parking;AccessLaneTypeEnum;entryOnly;Entry only;Lane used for entry to facility only.;;
Parking;AccessLaneTypeEnum;exitOnly;Exit only;Lane used for exit from facility only.;;
Parking;AccessLaneTypeEnum;reversibleLane;Reversible lane;Lane used for both entry and exit to/from facility, depending on operational conditions.;;
Parking;AccessLaneTypeEnum;serviceVehicleLane;Service vehicle lane;Lane used by parking operator service vehicle, not for public use.;;
Parking;AccessTypeEnum;entryAndExit;Entry and exit;A zone or area that is a place for access to or egress from a facility. ;;
Parking;AccessTypeEnum;entryOnly;Entry only;A zone or area that is a place for access into a facility.;;
Parking;AccessTypeEnum;exitOnly;Exit only;A zone or area that is a place for egress from a facility.;;
Parking;AccessTypeEnum;reversible;Reversible;A zone or area that is a place for access to or egress from a facility. Conditions may be changed by operation circumstances, such as time of day.;;
Situation;AccidentCauseEnum;avoidanceOfObstacles;Avoidance of obstacles;Avoidance of obstacles on the roadway.;;
Situation;AccidentCauseEnum;driverDistraction;Driver distraction;Driver distraction.;;
Situation;AccidentCauseEnum;driverDrugAbuse;Driver drug abuse;Driver under the influence of drugs.;;
Situation;AccidentCauseEnum;driverIllness;Driver illness;Driver illness.;;
Situation;AccidentCauseEnum;exceedingSpeedsLimits;Exceeding speeds limits;Loss of vehicle control due to excessive vehicle speed.;;
Situation;AccidentCauseEnum;excessAlcohol;Excess alcohol;Driver abilities reduced due to driving under the influence of alcohol.  Alcohol levels above nationally accepted limit. ;;
Situation;AccidentCauseEnum;excessiveDriverTiredness;Excessive driver tiredness;Excessive tiredness of the driver.;;
Situation;AccidentCauseEnum;impermissibleManoeuvre;Impermissible manoeuvre;A driving manoeuvre which was not permitted.;;
Situation;AccidentCauseEnum;limitedVisibility;Limited visibility;Limited or impaired visibility.;;
Situation;AccidentCauseEnum;notKeepingASafeDistance;Not keeping a safe distance;Not keeping a safe distance from the vehicle in front.;;
Situation;AccidentCauseEnum;onTheWrongSideOfTheRoad;On the wrong side of the road;Driving on the wrong side of the road.;;
Situation;AccidentCauseEnum;other;Other;Other than as defined in this enumeration.;;
Situation;AccidentCauseEnum;pedestrianInRoad;Pedestrian in road;Pedestrian in the roadway.;;
Situation;AccidentCauseEnum;poorLaneAdherence;Poor lane adherence;Not keeping to lane.;;
Situation;AccidentCauseEnum;poorMergeEntryOrExitJudgement;Poor merge entry or exit judgement;Poor judgement when merging at an entry or exit point of a carriageway or junction.;;
Situation;AccidentCauseEnum;poorRoadSurfaceCondition;Poor road surface condition;Poor road surface condition.;;
Situation;AccidentCauseEnum;poorSurfaceAdherence;Poor surface adherence;Poor road surface adherence.;;
Situation;AccidentCauseEnum;undisclosed;Undisclosed;Undisclosed cause.;;
Situation;AccidentCauseEnum;unknown;Unknown;Unknown cause.;;
Situation;AccidentCauseEnum;vehicleFailure;Vehicle failure;Malfunction or failure of vehicle function.;;
Situation;AccidentTypeEnum;accident;Accident;Accidents are situations in which one or more vehicles lose control and do not recover.  They include collisions between vehicle(s) or other road user(s), between vehicle(s) and fixed obstacle(s), or they result from a vehicle running off the road.;;
Situation;AccidentTypeEnum;accidentInvolvingHazardousMaterials;Accident involving hazardous materials;Includes all accidents involving at least one vehicle believed to be carrying materials, which could present an additional hazard to road users.;;
Situation;AccidentTypeEnum;accidentInvolvingHeavyLorries;Accident involving heavy lorries;Includes all accidents involving at least one heavy goods vehicle.;;
Situation;AccidentTypeEnum;accidentInvolvingMassTransitVehicle;Accident involving mass transit vehicle;Includes all accidents involving at least one mass transit vehicle.;;
Situation;AccidentTypeEnum;accidentInvolvingPublicTransport;Accident involving public transport;Includes all accidents involving public transport;;
Situation;AccidentTypeEnum;accidentInvolvingRadioactiveMaterial;Accident involving radioactive material;Accident involving radioactive material.;;
Situation;AccidentTypeEnum;accidentInvolvingTrain;Accident involving train;Includes all accidents involving collision with a train.;;
Situation;AccidentTypeEnum;collision;Collision;Collision of vehicle with another object of unspecified type.;;
Situation;AccidentTypeEnum;multipleVehicleAccident;Multiple vehicle accident;Includes all accidents involving three or more vehicles.;;
Situation;AccidentTypeEnum;other;Other;Other than as defined in this enumeration.;;
Situation;AccidentTypeEnum;secondaryAccident;Secondary accident;Includes all situations resulting from vehicles avoiding or being distracted by earlier accidents.;;
Situation;AccidentTypeEnum;seriousInjuryOrFatalAccident;Serious injury or fatal accident;Includes all accidents believed to involve fatality or injury expected to require overnight hospitalisation.;;
Situation;AccidentTypeEnum;vehicleStuckUnderBridge;Vehicle stuck under bridge;A vehicle is stuck under a bridge.;;
Parking;ActivityEnum;barbecue;Barbecue;Barbeque.;;
Parking;ActivityEnum;camping;Camping;Camping.;;
Parking;ActivityEnum;handlingHazardousMaterial;Handling hazardous material;Handling with hazardous material.;;
Parking;ActivityEnum;openFire;Open fire;Open fire.;;
Parking;ActivityEnum;other;Other;Other.;;
Parking;ActivityEnum;overnightParking;Overnight parking;Overnight parking.;;
Parking;ActivityEnum;picnic;Picnic;Picnic.;;
Parking;ActivityEnum;smoking;Smoking;Smoking.;;
LocationExtension;AddressLineTypeEnum;apartment;Apartment;Element indicating a discrete element of a building forming the address;;
LocationExtension;AddressLineTypeEnum;building;Building;Element identifying the number or name and type of the edifice or construction relevant for the address [derived from ISO19160-4];;
LocationExtension;AddressLineTypeEnum;districtTerritory;District territory;Element specifying the geographic or administrative area of the country for the address [Source: 19160-4];;
LocationExtension;AddressLineTypeEnum;floor;Floor;Element indicating the floor or level on which a delivery point is located in a multi-storey building [Source:ISO19160-4];;
LocationExtension;AddressLineTypeEnum;generalTextLine;General text line;A non-predefined text line for general purpose.;;
LocationExtension;AddressLineTypeEnum;houseNumber;House number;Element indicating a house number;;
LocationExtension;AddressLineTypeEnum;poBox;PO box;A postal delivery location identifier, not necessarily a physical location.;;
LocationExtension;AddressLineTypeEnum;region;Region;Element indicating the name of the area within or adjacent to the town in which delivery address is.;;
LocationExtension;AddressLineTypeEnum;street;Street;Element indicating road or street identifier or name ;;
LocationExtension;AddressLineTypeEnum;town;Town;Element indicating the name of the populated place in which a delivery point is located, or near to or via which the delivery point is accessed. [Source: ISO19160-4];;
LocationExtension;AddressLineTypeEnum;unit;Unit;An element representing a section of a building or organisation.;;
LocationReferencing;AlertCDirectionEnum;negative;Negative;The direction of navigation in an ALERT-C table that corresponds to the negative offset usage to go from the secondary location to the primary location within the ALERT-C location table.;;
LocationReferencing;AlertCDirectionEnum;positive;Positive;The direction of navigation in an ALERT-C table that corresponds to the positive offset usage to go from the secondary location to the primary location within the ALERT-C location table.;;
LocationReferencing;AltitudeAccuracyEnum;equalToOrLessThan100Metres;Equal to or less than 100 metres;Indicates if the altitude accuracy is equal to or less than 100 metres;;
LocationReferencing;AltitudeAccuracyEnum;equalToOrLessThan10Centimetres;Equal to or less than 10 centimetres;Indicates if the altitude accuracy is equal to or less than 10 centimetres;;
LocationReferencing;AltitudeAccuracyEnum;equalToOrLessThan10Metres;Equal to or less than 10 metres;Indicates if the altitude accuracy is equal to or less than 10 metres;;
LocationReferencing;AltitudeAccuracyEnum;equalToOrLessThan1Centimetre;Equal to or less than 1 centimetre;Indicates if the altitude accuracy is equal to or less than 1 centimetre;;
LocationReferencing;AltitudeAccuracyEnum;equalToOrLessThan1Metre;Equal to or less than 1 metre;Indicates if the altitude accuracy is equal to or less than 1 metre;;
LocationReferencing;AltitudeAccuracyEnum;equalToOrLessThan200Metres;Equal to or less than 200 metres;Indicates if the altitude accuracy is equal to or less than 200 metres;;
LocationReferencing;AltitudeAccuracyEnum;equalToOrLessThan20Centimetres;Equal to or less than 20 centimetres;Indicates if the altitude accuracy is equal to or less than 20 centimetres;;
LocationReferencing;AltitudeAccuracyEnum;equalToOrLessThan20Metres;Equal to or less than 20 metres;Indicates if the altitude accuracy is equal to or less than 20 metres;;
LocationReferencing;AltitudeAccuracyEnum;equalToOrLessThan2Centimetres;Equal to or less than 2 centimetres;Indicates if the altitude accuracy is equal to or less than 2 centimetres;;
LocationReferencing;AltitudeAccuracyEnum;equalToOrLessThan2Metres;Equal to or less than 2 metres;Indicates if the altitude accuracy is equal to or less than 2 metres;;
LocationReferencing;AltitudeAccuracyEnum;equalToOrLessThan50Centimetres;Equal to or less than 50 centimetres;Indicates if the altitude accuracy is equal to or less than 50 centimetres;;
LocationReferencing;AltitudeAccuracyEnum;equalToOrLessThan50Metres;Equal to or less than 50 metres;Indicates if the altitude accuracy is equal to or less than 50 metres;;
LocationReferencing;AltitudeAccuracyEnum;equalToOrLessThan5Centimetres;Equal to or less than 5 centimetres;Indicates if the altitude accuracy is equal to or less than 5 centimetres;;
LocationReferencing;AltitudeAccuracyEnum;equalToOrLessThan5Metres;Equal to or less than 5 metres;Indicates if the altitude accuracy is equal to or less than 5 metres;;
Situation;AnimalPresenceTypeEnum;animalsOnTheRoad;Animals on the road;Traffic may be disrupted due to animals on the roadway.;;
Situation;AnimalPresenceTypeEnum;herdOfAnimalsOnTheRoad;Herd of animals on the road;Traffic may be disrupted due to a herd of animals on the roadway.;;
Situation;AnimalPresenceTypeEnum;largeAnimalsOnTheRoad;Large animals on the road;Traffic may be disrupted due to large animals on the roadway.;;
Situation;AnimalPresenceTypeEnum;smallAnimalsOnTheRoad;Small animals on the road;Small animals (that may fit underneath vehicle frames) are on the road;;
Situation;AnimalPresenceTypeEnum;wildAnimalsOnTheRoad;Wild animals on the road;Wild animals (not controlled by humans) are on the road;;
LocationReferencing;AreaPlacesEnum;atBorders;At borders;At national borders;;
LocationReferencing;AreaPlacesEnum;atHighAltitudes;At high altitudes;At high altitudes;;
LocationReferencing;AreaPlacesEnum;inBuiltUpAreas;In built up areas;In built up areas, i.e. villages, towns and cities;;
LocationReferencing;AreaPlacesEnum;inForestedAreas;In forested areas;On sections of the road where it runs through or adjacent to forested areas;;
LocationReferencing;AreaPlacesEnum;inGalleries;In galleries;In galleries;;
LocationReferencing;AreaPlacesEnum;inLowLyingAreas;In low lying areas;In low-lying areas;;
LocationReferencing;AreaPlacesEnum;inRuralAreas;In rural areas;In rural areas, i.e. outside villages, towns and cities;;
LocationReferencing;AreaPlacesEnum;inShadedAreas;In shaded areas;In shaded areas;;
LocationReferencing;AreaPlacesEnum;inTheInnerCityAreas;In the inner city areas;In the city centre areas;;
LocationReferencing;AreaPlacesEnum;inTunnels;In tunnels;In tunnels;;
LocationReferencing;AreaPlacesEnum;onBridges;On bridges;On bridges;;
LocationReferencing;AreaPlacesEnum;onDownhillSections;On downhill sections;On downhill sections of the road;;
LocationReferencing;AreaPlacesEnum;onElevatedSections;On elevated sections;On elevated sections of the road;;
LocationReferencing;AreaPlacesEnum;onEnteringOrLeavingTunnels;On entering or leaving tunnels;On entering or leaving tunnels;;
LocationReferencing;AreaPlacesEnum;onFlyovers;On flyovers;On flyover sections of the road, i.e. sections of the road which pass over another road;;
LocationReferencing;AreaPlacesEnum;onPasses;On passes;On mountain passes;;
LocationReferencing;AreaPlacesEnum;onUndergroundSections;On underground sections;On underground sections of the road;;
LocationReferencing;AreaPlacesEnum;onUnderpasses;On underpasses;On underpasses, i.e. sections of the road which pass under another road;;
EnergyInfrastructure;AuthenticationAndIdentificationEnum;activeRFIDChip;Active RFID chip;Phone (active RFID chip);;
EnergyInfrastructure;AuthenticationAndIdentificationEnum;apps;Apps;Apps;;
EnergyInfrastructure;AuthenticationAndIdentificationEnum;calypso;Calypso;RFID Calypso;;
EnergyInfrastructure;AuthenticationAndIdentificationEnum;cashPayment;Cash payment;No specific authentication by using cash;;
EnergyInfrastructure;AuthenticationAndIdentificationEnum;creditCard;Credit card;Credit card;;
EnergyInfrastructure;AuthenticationAndIdentificationEnum;debitCard;Debit card;Debit card;;
EnergyInfrastructure;AuthenticationAndIdentificationEnum;mifareClassic;Mifare Classic;RFID Card / Phone NFC - Mifare Classic;;
EnergyInfrastructure;AuthenticationAndIdentificationEnum;mifareDesfire;Mifare DESFire;RFID Card / Phone NFC - Mifare Desfire;;
EnergyInfrastructure;AuthenticationAndIdentificationEnum;nfc;NFC;Nearfield communication;;
EnergyInfrastructure;AuthenticationAndIdentificationEnum;noAccess;No access;No access granted;;
EnergyInfrastructure;AuthenticationAndIdentificationEnum;overTheAir;Over the air;Over the air according to ISO 15118;;
EnergyInfrastructure;AuthenticationAndIdentificationEnum;phoneDialog;Phone dialog;phone (dialog with platform);;
EnergyInfrastructure;AuthenticationAndIdentificationEnum;phoneSMS;Phone SMS;Phone (SMS);;
EnergyInfrastructure;AuthenticationAndIdentificationEnum;pinpad;Pinpad;PINPAD;;
EnergyInfrastructure;AuthenticationAndIdentificationEnum;plc;PLC;PLC according to ISO 15118;;
EnergyInfrastructure;AuthenticationAndIdentificationEnum;prepaidCard;Prepaid card;Pre-Paid card;;
EnergyInfrastructure;AuthenticationAndIdentificationEnum;rfid;RFID;RFID;;
EnergyInfrastructure;AuthenticationAndIdentificationEnum;unlimitedAccess;Unlimited access;No authentication/identification required.;;
EnergyInfrastructure;AuthenticationAndIdentificationEnum;website;Website;Using a website;;
Situation;AuthorityOperationTypeEnum;accidentInvestigationWork;Accident investigation work;An operation involving authorised investigation work connected to an earlier reported accident.;;
Situation;AuthorityOperationTypeEnum;bombSquadInAction;Bomb squad in action;An operation where a bomb squad is in action to deal with suspected or actual explosive or incendiary devices which may cause disruption to traffic.;;
Situation;AuthorityOperationTypeEnum;civilEmergency;Civil emergency;A situation, perceived or actual, relating to a civil emergency which could disrupt traffic.  This includes large scale destruction, through events such as earthquakes, insurrection, and civil disobedience.;;
Situation;AuthorityOperationTypeEnum;customsOperation;Customs operation;A permanent or temporary operation established by customs and excise authorities on or adjacent to the carriageway.;;
Situation;AuthorityOperationTypeEnum;juridicalReconstruction;Juridical reconstruction;An operation involving the juridical reconstruction of events for the purposes of judicial or legal proceedings.;;
Situation;AuthorityOperationTypeEnum;other;Other;Other than as defined in this enumeration.;;
Situation;AuthorityOperationTypeEnum;policeCheckPoint;Police check point;A permanent or temporary operation established on or adjacent to the carriageway for use by police or other authorities.;;
Situation;AuthorityOperationTypeEnum;policeInvestigation;Police investigation;A temporary operation established on or adjacent to the carriageway by the police associated with an ongoing investigation.;;
Situation;AuthorityOperationTypeEnum;roadOperatorCheckPoint;Road operator check point;A permanent or temporary operation established on or adjacent to the carriageway for use by the road operator, such as for survey or inspection purposes, but not for traffic management purposes.;;
Situation;AuthorityOperationTypeEnum;snowChainOnBoardOrSnowTyresMountedCheck;Snow chain on board or snow tyres mounted check;the police are checking if snow chains are on board vehicles or vehicles have snow tyres mounted;;
Situation;AuthorityOperationTypeEnum;snowChainOrSnowTyresMountedCheck;Snow chain or snow tyres mounted check;the police are checking if snow chains or snow tyres are mounted on vehicles;;
Situation;AuthorityOperationTypeEnum;survey;Survey;A permanent or temporary operation established by authorities on or adjacent to the carriageway for the purpose of gathering statistics or other traffic related information.;;
Situation;AuthorityOperationTypeEnum;transportOfVip;Transport of VIP;An operation to transport one or more VIPs.;;
Situation;AuthorityOperationTypeEnum;undefinedAuthorityActivity;Undefined authority activity;An authority activity of undefined type.;;
Situation;AuthorityOperationTypeEnum;vehicleInspectionCheckPoint;Vehicle inspection check point;A permanent or temporary operation established on or adjacent to the carriageway for inspection of vehicles by authorities (e.g. vehicle safety checks and tachograph checks).;;
Situation;AuthorityOperationTypeEnum;vehicleWeighing;Vehicle weighing;A permanent or temporary operation established on or adjacent to the carriageway for weighing of vehicles by authorities.;;
Situation;AuthorityOperationTypeEnum;weighInMotion;Weigh in motion;A permanent or temporary facility established by authorities on the carriageway for weighing vehicles while in motion.;;
EnergyInfrastructure;BioethanolTypeEnum;other;Other;Other, less common, types of Petrol with bioethanol.;;
EnergyInfrastructure;BioethanolTypeEnum;superE10;Super E10;Petrol with 10% bioethanol;;
EnergyInfrastructure;BioethanolTypeEnum;superE5;Super E5;Petrol with 5% bioethanol;;
EnergyInfrastructure;BioethanolTypeEnum;unknown;Unknown;The share of bioethanol is unknown.;;
Parking;CalculationTypeEnum;counted;Counted;Physical determination if a space is occupied;;
Parking;CalculationTypeEnum;derived;Derived;Space occupancy is estimated by using related data such as active payments or sold permits.;;
Parking;CalculationTypeEnum;expected;Expected;Future prediction of occupancy levels.;;
Parking;CalculationTypeEnum;verified;Verified;Defines an occupancy report that is considered a verified report.;;
Common;CalendarWeekWithinMonthEnum;fifthWeek;Fifth week;Fifth week of the month.;;
Common;CalendarWeekWithinMonthEnum;firstWeek;First week;Calendar week containing the first of the month. Several days of the first week of the month may occur in the previous calendar month. By construction, the last week of a preceding month can also be the first week of a subsequent month.;;
Common;CalendarWeekWithinMonthEnum;fourthWeek;Fourth week;Fourth week of the month.;;
Common;CalendarWeekWithinMonthEnum;lastWeek;Last week;Last calendar week within month, regardless of its actual number. The last calendar week is the week beginning with Monday and containing the last of the month.;;
Common;CalendarWeekWithinMonthEnum;secondWeek;Second week;Second week of the month.;;
Common;CalendarWeekWithinMonthEnum;sixthWeek;Sixth week;Sixth week of the month.;;
Common;CalendarWeekWithinMonthEnum;thirdWeek;Third week;Third week of the month.;;
Parking;CampusStatusEnum;allParkingsFull;All parkings full;All parking places within the specified area are full.;;
Parking;CampusStatusEnum;enoughSpacesAvailable;Enough spaces available;There are enough spaces available within the specified area.;;
Parking;CampusStatusEnum;multiStoreyParkingsFull;Multi storey parkings full;All multi storey parking sites within the specified area are full.;;
Parking;CampusStatusEnum;noMoreParkingSpacesAvailable;No more parking spaces available;There are no more parking spaces available within the specified area.;;
Parking;CampusStatusEnum;other;Other;Other.;;
Parking;CampusStatusEnum;unknown;Unknown;The status of the group of parking sites is unknown.;;
LocationReferencing;CarriagewayEnum;connectingCarriageway;Connecting carriageway;On the connecting carriageway.;;
LocationReferencing;CarriagewayEnum;cycleTrack;Cycle track;Independent road or part of a road designated for cycles, signposted as such. A cycle track is separated from other roads or other parts of the same road by structural means.;;
LocationReferencing;CarriagewayEnum;entrySlipRoad;Entry slip road;On the entry slip road.;;
LocationReferencing;CarriagewayEnum;exitSlipRoad;Exit slip road;On the exit slip road.;;
LocationReferencing;CarriagewayEnum;flyover;Flyover;On the flyover, i.e. the section of road passing over another.;;
LocationReferencing;CarriagewayEnum;footpath;Footpath;On the footpath;;
LocationReferencing;CarriagewayEnum;leftHandFeederRoad;Left hand feeder road;On the left hand feeder road.;;
LocationReferencing;CarriagewayEnum;leftHandParallelCarriageway;Left hand parallel carriageway;On the left hand parallel carriageway.;;
LocationReferencing;CarriagewayEnum;mainCarriageway;Main carriageway;On the main carriageway.;;
LocationReferencing;CarriagewayEnum;oppositeCarriageway;Opposite carriageway;On the opposite carriageway.;;
LocationReferencing;CarriagewayEnum;parallelCarriageway;Parallel carriageway;On the adjacent external parallel carriageway.;;
LocationReferencing;CarriagewayEnum;rightHandFeederRoad;Right hand feeder road;On the right hand feeder road.;;
LocationReferencing;CarriagewayEnum;rightHandParallelCarriageway;Right hand parallel carriageway;On the right hand parallel carriageway.;;
LocationReferencing;CarriagewayEnum;roundabout;Roundabout;On the roundabout.;;
LocationReferencing;CarriagewayEnum;serviceRoad;Service road;On the adjacent service road.;;
LocationReferencing;CarriagewayEnum;slipRoads;Slip roads;On the slip roads.;;
LocationReferencing;CarriagewayEnum;underpass;Underpass;On the underpass, i.e. the section of road passing under another.;;
LocationReferencing;CarriagewayEnum;unspecifiedCarriageway;Unspecified carriageway;On an unspecified carriageway;;
Situation;CauseTypeEnum;abnormalTraffic;Abnormal traffic;A traffic condition that is not normal.;;
Situation;CauseTypeEnum;accident;Accident;Accident.;;
Situation;CauseTypeEnum;animalPresence;Animal presence;An obstruction on the road resulting from the presence of animals;;
Situation;CauseTypeEnum;authorityOperation;Authority operation;Authority initiated operation or activity;;
Situation;CauseTypeEnum;constructionWork;Construction work;Roadworks involving the construction of new infrastructure.;;
Situation;CauseTypeEnum;disturbance;Disturbance;Deliberate human action of either a public disorder nature or of a situation alert type which could disrupt traffic.;;
Situation;CauseTypeEnum;drivingConditions;Driving conditions;Degraded driving conditions.;;
Situation;CauseTypeEnum;earlierEvent;Earlier event;An earlier event.;;
Situation;CauseTypeEnum;earlierIncident;Earlier incident;An earlier incident.;;
Situation;CauseTypeEnum;environmentalObstruction;Environmental obstruction;An obstruction on the road resulting from an environmental cause;;
Situation;CauseTypeEnum;equipmentOrSystemFault;Equipment or system fault;Equipment or system which is faulty, malfunctioning or not in a fully operational state;;
Situation;CauseTypeEnum;holidayTraffic;Holiday traffic;Holiday traffic.;;
Situation;CauseTypeEnum;infrastructureDamageObstruction;Infrastructure damage obstruction;An obstruction on the road resulting from the failure or damage of infrastructure on, under, above or close to the road;;
Situation;CauseTypeEnum;instructionToRoadUsers;Instruction to road users;Instruction and/or message issued by the network/road operator;;
Situation;CauseTypeEnum;networkManagement;Network management;Network management action which is applicable to the road network and its users.;;
Situation;CauseTypeEnum;nonWeatherRelatedRoadConditions;Non weather related road conditions;Road surface conditions that are not related to the weather;;
Situation;CauseTypeEnum;obstruction;Obstruction;Obstruction on the roadway.;;
Situation;CauseTypeEnum;other;Other;Other than as defined in this enumeration.;;
Situation;CauseTypeEnum;poorEnvironment;Poor environment;Poor environmental conditions;;
Situation;CauseTypeEnum;problemsAtBorderPost;Problems at border post;Problems at the border crossing.;;
Situation;CauseTypeEnum;problemsAtCustomPost;Problems at custom post;Problems at the customs post on the border.;;
Situation;CauseTypeEnum;problemsOnLocalRoads;Problems on local roads;Problems (of an unspecified nature) on the local roads.;;
Situation;CauseTypeEnum;publicEvent;Public event;Organised public event;;
Situation;CauseTypeEnum;rerouting;Rerouting;Rerouting management action issued by the network/road operator;;
Situation;CauseTypeEnum;roadMaintenance;Road maintenance;Roadworks involving the maintenance or installation of infrastructure;;
Situation;CauseTypeEnum;roadOperatorServiceDisruption;Road operator service disruption;Disruption to normal road operator services;;
Situation;CauseTypeEnum;roadOrCarriagewayOrLaneManagement;Road or carriageway or lane management;Road, carriageway or lane management action instigated by the network/road operator;;
Situation;CauseTypeEnum;roadsideAssistance;Roadside assistance;Road side assistance;;
Situation;CauseTypeEnum;roadsideEvent;Roadside event;A roadside event (of unspecified nature) whether planned or not.;;
Situation;CauseTypeEnum;roadsideServiceDisruption;Roadside service disruption;Disruption to normal roadside services;;
Situation;CauseTypeEnum;rubberNecking;Rubber necking;Drivers being distracted and turning to look at an accident or other roadside event.;;
Situation;CauseTypeEnum;speedManagement;Speed management;Speed management action instigated by the network/road operator;;
Situation;CauseTypeEnum;technicalProblems;Technical problems;Technical problems.;;
Situation;CauseTypeEnum;transitServiceDisruption;Transit service disruption;Disruption to transit services of direct relevance to road users, e.g. connecting rail or ferry services;;
Situation;CauseTypeEnum;vandalism;Vandalism;A vandalism incident.;;
Situation;CauseTypeEnum;vehicleObstruction;Vehicle obstruction;An obstruction on the road caused by one or more vehicles.;;
Situation;CauseTypeEnum;weatherRelatedRoadConditions;Weather related road conditions;Road surface conditions related to the weather;;
Situation;CauseTypeEnum;winterEquipmentManagement;Winter equipment management;Winter driving management action instigated by the network/road operator;;
EnergyInfrastructure;ChargingModeEnum;ccs;CCS;Charging with a combined charging solution (CCS). AC and DC are used simultaneously.;;
EnergyInfrastructure;ChargingModeEnum;legacyInductive;Legacy inductive;Legacy-Inductive;;
EnergyInfrastructure;ChargingModeEnum;mode1AC1p;Mode 1, AC 1 phase;Mode 1, AC 1 phase;;
EnergyInfrastructure;ChargingModeEnum;mode1AC3p;Mode 1, AC 3 phase;Mode 1, AC 3 phases;;
EnergyInfrastructure;ChargingModeEnum;mode2AC1p;Mode 2, AC 1 phase;Mode 2, AC 1 phase;;
EnergyInfrastructure;ChargingModeEnum;mode2AC3p;Mode 2, AC 3 phase;Mode 2, AC 3 phases;;
EnergyInfrastructure;ChargingModeEnum;mode3AC3p;Mode 3, AC 3 phase;Mode 3, AC 3 phases;;
EnergyInfrastructure;ChargingModeEnum;mode4DC; Mode 4, DC;Mode 4, DC;;
EnergyInfrastructure;ChargingModeEnum;other;Other;Some other charging mode;;
EnergyInfrastructure;ChargingModeEnum;unknown;Unknown;The type of the charging mode is unknown;;
EnergyInfrastructure;ChargingPointUsageTypeEnum;electricalDevices;Electrical devices;Provides a plug for electrical devices (e.g. shaver, mobile phones, hair dryer, ...);;
EnergyInfrastructure;ChargingPointUsageTypeEnum;electricBike;Electric bike;Charging of E-Bikes;;
EnergyInfrastructure;ChargingPointUsageTypeEnum;electricBoat;Electric boat;Charging of electric boats;;
EnergyInfrastructure;ChargingPointUsageTypeEnum;electricMotorcycle;Electric motorcycle;Charging of E-Motorcycles;;
EnergyInfrastructure;ChargingPointUsageTypeEnum;electricVehicle;Electric vehicle;Charging of electric vehicles;;
EnergyInfrastructure;ChargingPointUsageTypeEnum;lorryPowerConsumption;Lorry power consumption;Supply for lorries with power consumption, e.g. for refrigerated goods transports.;;
EnergyInfrastructure;ChargingPointUsageTypeEnum;motorhomeOrCaravanSupply;Motorhome or caravan supply;Supply for motorhomes or caravans;;
EnergyInfrastructure;ChargingPointUsageTypeEnum;other;Other;Other usage for the electric charging stations.;;
EnergyInfrastructure;ChargingPointUsageTypeEnum;overheadLineDrivenVehicles;Overhead line driven vehicles;The charging point supplies a overhead line, usually connected via pantographs;;
Situation;CollisionTypeEnum;collisionWithAnimal;Collision with animal;Collision of vehicle with one or more animals.;;
Situation;CollisionTypeEnum;collisionWithObstacle;Collision with obstacle;Collision of vehicle with an object of a stationary nature.;;
Situation;CollisionTypeEnum;collisionWithPerson;Collision with person;Collision of vehicle with one or more pedestrians.;;
Situation;CollisionTypeEnum;headOnCollision;Head on collision;Collision of vehicle with another vehicle head on.;;
Situation;CollisionTypeEnum;headOnOrSideCollision;Head on or side collision;Collision of vehicle with another vehicle either head on or sideways.;;
Situation;CollisionTypeEnum;multipleVehicleCollision;Multiple vehicle collision;Collision involving multiple vehicles;;
Situation;CollisionTypeEnum;rearCollision;Rear collision;Includes all accidents where one or more vehicles have collided with the rear of one or more other vehicles.;;
Situation;CollisionTypeEnum;sideCollision;Side collision;Includes all accidents where one or more vehicles have collided with the side of one or more other vehicles.;;
Vms;ColourEnum;amber;Amber;The colour amber.;;
Vms;ColourEnum;blue;Blue;The colour blue.;;
Vms;ColourEnum;green;Green;The colour green.;;
Vms;ColourEnum;red;Red;The colour red.;;
Vms;ColourEnum;white;White;The colour white.;;
Vms;ColourEnum;whiteYellow;White yellow;The colour white-yellow.;;
Situation;CommentTypeEnum;abnormalLoadMovementNote;Abnormal load movement note;A free text human oriented note describing details of abnormal load movements associated with the SituationRecord.;;
Situation;CommentTypeEnum;dataProcessingNote;Data processing note;A free text human oriented note describing the way the information in the SituationRecord has been or should be processed.;;
Situation;CommentTypeEnum;description;Description;A free text human oriented description of the situation element defined by the SituationRecord.;;
Situation;CommentTypeEnum;internalNote;Internal note;A free text human oriented note that supports internal traffic control operations relating to the situation element defined by the SituationRecord.;;
Situation;CommentTypeEnum;other;Other;Other than as defined in this enumeration.;;
Situation;CommentTypeEnum;roadworksName;Roadworks name;Human-readable name by which the associated roadworks is known;;
Situation;CommentTypeEnum;warning;Warning;A free text human oriented warning relating to the SituationRecord, such as advising the recipient that an advanced warning on VMS should be activated.;;
Common;ComparisonOperatorEnum;equalTo;Equal to;Logical comparison operator of "equal to".;;
Common;ComparisonOperatorEnum;greaterThan;Greater than;Logical comparison operator of "greater than".;;
Common;ComparisonOperatorEnum;greaterThanOrEqualTo;Greater than or equal to;Logical comparison operator of "greater than or equal to".;;
Common;ComparisonOperatorEnum;lessThan;Less than;Logical comparison operator of "less than".;;
Common;ComparisonOperatorEnum;lessThanOrEqualTo;Less than or equal to;Logical comparison operator of "less than or equal to".;;
Situation;ComplianceOptionEnum;advisory;Advisory;Advisory compliance.;;
Situation;ComplianceOptionEnum;mandatory;Mandatory;Mandatory compliance.;;
Vms;CompositePictogramEnum;conditionAtNextExit;Condition at next exit;Deals with condition at next exit.;;
Vms;CompositePictogramEnum;conditionAtSecondExit;Condition at second exit;Deals with condition on current section at second exit.;;
Vms;CompositePictogramEnum;conditionOnCurrentSectionAfterNextExit;Condition on current section after next exit;Deals with condition on current section after next exit.;;
Vms;CompositePictogramEnum;conditionOnCurrentSectionAfterSecondtExit;Condition on current section after secondt exit;Deals with condition on current section after second exit.;;
Vms;CompositePictogramEnum;restrictionAtNextExit;Restriction at next exit;Deals with restriction at next exit.;;
Vms;CompositePictogramEnum;restrictionAtSecondtExit;Restriction at secondt exit;Deals with restriction after second exit.;;
Vms;CompositePictogramEnum;restrictionOnCurrentSectionAfterNextExit;Restriction on current section after next exit;Deals with restriction on current section after next exit.;;
Vms;CompositePictogramEnum;restrictionOnCurrentSectionAfterSecondExit;Restriction on current section after second exit;Deals with restriction on current section after second exit.;;
Common;ComputationMethodEnum;arithmeticAverageOfSamplesBasedOnAFixedNumberOfSamples;Arithmetic average of samples based on a fixed number of samples;Arithmetic average of sample values based on a fixed number of samples.;;
Common;ComputationMethodEnum;arithmeticAverageOfSamplesInATimePeriod;Arithmetic average of samples in a time period;Arithmetic average of sample values in a time period.;;
Common;ComputationMethodEnum;harmonicAverageOfSamplesInATimePeriod;Harmonic average of samples in a time period;Harmonic average of sample values in a time period.;;
Common;ComputationMethodEnum;medianOfSamplesInATimePeriod;Median of samples in a time period;Median of sample values taken over a time period.;;
Common;ComputationMethodEnum;movingAverageOfSamples;Moving average of samples;Moving average of sample values.;;
Common;ConfidentialityValueEnum;internalUse;Internal use;For internal use only of the recipient organisation.;;
Common;ConfidentialityValueEnum;noRestriction;No restriction;No restriction on usage.;;
Common;ConfidentialityValueEnum;restrictedToAuthorities;Restricted to authorities;Restricted for use only by authorities.;;
Common;ConfidentialityValueEnum;restrictedToAuthoritiesAndTrafficOperators;Restricted to authorities and traffic operators;Restricted for use only by authorities and traffic operators.;;
EnergyInfrastructure;ConnectorFormatTypeEnum;cableMode2;Cable mode 2;The connector is an attached cable; the EV users car needs to have a fitting inlet for a mode 2 cable, common for most domestic sockets;;
EnergyInfrastructure;ConnectorFormatTypeEnum;cableMode3;Cable mode 3;The connector is an attached cable; the EV users car needs to have a fitting inlet for a mode 3 cable, can be used for Type 1 and Type 2 sockets.;;
EnergyInfrastructure;ConnectorFormatTypeEnum;otherCable;Other cable;The connector is an attached cable; the EV users car needs to have a fitting inlet.;;
EnergyInfrastructure;ConnectorFormatTypeEnum;socket;Socket;The connector is a socket; the EV user needs to bring a fitting plug;;
EnergyInfrastructure;ConnectorTypeEnum;cee3;CEE3;CEE3, 230 V, 16 A;;
EnergyInfrastructure;ConnectorTypeEnum;cee5;CEE5;CEE5, 400 V, 16-63 A;;
EnergyInfrastructure;ConnectorTypeEnum;chademo;CHAdeMO;CHAdeMO, 600 V DC. Used mostly in Japan.;;
EnergyInfrastructure;ConnectorTypeEnum;domestic;Domestic;A domestic socket of unspecified type. Applicable countries should be specified in separate attribute.;;
EnergyInfrastructure;ConnectorTypeEnum;domesticA;Domestic socket type A;Domestic socket type A (mainly used in the USA, Canada, Mexico & Japan);;
EnergyInfrastructure;ConnectorTypeEnum;domesticB;Domestic socket type B;Domestic socket type B (mainly used in the USA, Canada & Mexico);;
EnergyInfrastructure;ConnectorTypeEnum;domesticC;Domestic socket type C;Domestic socket type C (commonly used in Europe, South America & Asia);;
EnergyInfrastructure;ConnectorTypeEnum;domesticD;Domestic socket type D;Domestic socket type D (mainly used in India);;
EnergyInfrastructure;ConnectorTypeEnum;domesticE;Domestic socket type E;Domestic socket type E (primarily used in France, Belgium, Poland, Slovakia & Czechia);;
EnergyInfrastructure;ConnectorTypeEnum;domesticF;Domestic socket type F;Domestic socket type F (used almost everywhere in Europe & Russia, except for the UK & Ireland);;
EnergyInfrastructure;ConnectorTypeEnum;domesticG;Domestic socket type G;Domestic socket type G (mainly used in the United Kingdom, Ireland, Malta, Malaysia, Singapore & the Arabian Peninsula);;
EnergyInfrastructure;ConnectorTypeEnum;domesticH;Domestic socket type H;Domestic socket type H (used exclusively in Israel, the West Bank & the Gaza Strip);;
EnergyInfrastructure;ConnectorTypeEnum;domesticI;Domestic socket type I;Domestic socket type I (mainly used in Australia, New Zealand, China & Argentina);;
EnergyInfrastructure;ConnectorTypeEnum;domesticJ;Domestic socket type J;Domestic socket type J (used almost exclusively in Switzerland & Liechtenstein);;
EnergyInfrastructure;ConnectorTypeEnum;domesticK;Domestic socket type K;Domestic socket type K (used almost exclusively in Denmark & Greenland);;
EnergyInfrastructure;ConnectorTypeEnum;domesticL;Domestic socket type L;Domestic socket type L (used almost exclusively in Italy & Chile);;
EnergyInfrastructure;ConnectorTypeEnum;domesticM;Domestic socket type M;Domestic socket type M (mainly used in South Africa);;
EnergyInfrastructure;ConnectorTypeEnum;domesticN;Domestic socket type N;Domestic socket type N (used in Brazil and South Africa);;
EnergyInfrastructure;ConnectorTypeEnum;domesticO;Domestic socket type O;Domestic socket type O (used exclusively in Thailand);;
EnergyInfrastructure;ConnectorTypeEnum;iec60309x2single16;IEC 60309-2 1/16A; IEC 60309-2 Industrial Connector single phase 16 amperes (usually blue);;
EnergyInfrastructure;ConnectorTypeEnum;iec60309x2three16;IEC 60309-2 3/16A;IEC 60309-2 Industrial Connector three phase 16 amperes (usually red);;
EnergyInfrastructure;ConnectorTypeEnum;iec60309x2three32;IEC 60309-2 3/32A;IEC 60309-2 Industrial Connector three phase 32 amperes (usually red);;
EnergyInfrastructure;ConnectorTypeEnum;iec60309x2three64;IEC 60309-2 3/64A;IEC 60309-2 Industrial Connector three phase 64 amperes (usually red);;
EnergyInfrastructure;ConnectorTypeEnum;iec62196T1;IEC 62196 Type 1;IEC 62196 Type 1 "SAE J1772".  Mostly used in USA and Asia.;;
EnergyInfrastructure;ConnectorTypeEnum;iec62196T1COMBO;CCS1 / Combo Type 1;Combo Type 1 based, DC;;
EnergyInfrastructure;ConnectorTypeEnum;iec62196T2;IEC 62196 Type 2 "Mennekes";IEC 62196 Type 2 "Mennekes" - 400 V, 16-63 A. Mandatory in Europe; EN 17186 identifier "C";;
EnergyInfrastructure;ConnectorTypeEnum;iec62196T2COMBO;CCS2 / Combo Type 2;Combo Type 2 based, DC, Type 2 connector with extension for simultaneous DC-charging;;
EnergyInfrastructure;ConnectorTypeEnum;iec62196T3A;IEC 62196 Type 3A;IEC 62196 Type 3A; EN 17186 identifier "D";;
EnergyInfrastructure;ConnectorTypeEnum;iec62196T3C;IEC 62196 Type 3C "Scame"; IEC 62196 Type 3C "Scame"; EN 17186 identifier "E";;
EnergyInfrastructure;ConnectorTypeEnum;other;Other;Other charging interface.;;
EnergyInfrastructure;ConnectorTypeEnum;pantographBottomUp;Pantograph bottom up;On-board Bottom-up-Pantograph typically for bus charging;;
EnergyInfrastructure;ConnectorTypeEnum;pantographTopDown;Pantograph top down;Off-board Top-down-Pantograph typically for bus charging;;
EnergyInfrastructure;ConnectorTypeEnum;teslaConnectorAmerica;Tesla connector America;Tesla connector used in America (Tesla specific);;
EnergyInfrastructure;ConnectorTypeEnum;teslaConnectorEurope;Tesla connector Europe;Tesla Connector EU (modification of the Type 2 connector);;
EnergyInfrastructure;ConnectorTypeEnum;teslaR;Tesla R;Tesla Connector "Roadster"-type (round, 4 pin);;
EnergyInfrastructure;ConnectorTypeEnum;teslaS;Tesla S;Tesla Connector "Model-S"-type (oval, 5 pin);;
EnergyInfrastructure;ConnectorTypeEnum;yazaki;Yazaki;Yazaki, 400 VDC, 125 A, Asian standard.;;
Situation;ConstructionWorkTypeEnum;blastingWork;Blasting work;Blasting or quarrying work at the specified location.;;
Situation;ConstructionWorkTypeEnum;constructionWork;Construction work;Construction work of a general nature at the specified location.;;
Situation;ConstructionWorkTypeEnum;demolitionWork;Demolition work;Demolition work associated with the construction work.;;
Situation;ConstructionWorkTypeEnum;roadImprovementOrUpgrading;Road improvement or upgrading;Construction work associated with improvements to the road or its layout or with it upgrading.;;
Situation;ConstructionWorkTypeEnum;roadWideningWork;Road widening work;Road widening work at the specified location.;;
Parking;ContactTypeEnum;customerService;Customer service;Contact details for parking customer support for a facility or specific entity.;;
Parking;ContactTypeEnum;emergencyContact;Emergency contact;Contact details for emergency assistance or support for a facility or specific entity specifically related to parking operations;;
Parking;ContactTypeEnum;operator;Operator;Contact details for the parking operator for a facility or specific entity;;
Parking;ContactTypeEnum;owner;Owner;Contact details for the owner of a facility or specific entity.;;
Parking;ContactTypeEnum;propertyManager;Property manager;Contact details for the property manager of a facility or related facility.;;
Parking;ContactTypeEnum;reservationService;Reservation service;Contact details for a reservation service of a facility or related facility.;;
Parking;ContactTypeEnum;responsibleAuthority;Responsible authority;Contact details for a responsible authority of a facility or related facility.;;
Parking;ContactTypeEnum;securityService;Security service;Contact details for security services for a facility or specific entity.;;
Parking;ContactTypeEnum;servicePartner;Service partner;Contact details for a service partner of a facility or related facility.;;
Parking;CoveredEnum;covered;Covered;Indicates that the facility or specific entity has a roof to provide protection from direct overhead sun or adverse weather;;
Parking;CoveredEnum;notCovered;Not covered;Indicates that the facility or specific entity has no roof to provide protection from direct overhead sun or adverse weather;;
Parking;CoveredEnum;partiallyCovered;Partially covered;Indicates that the facility or specific entity has a roof offering partial coverage to provide protection from direct overhead sun or adverse weather;;
Parking;CoveredEnum;topLevelNotCovered;Top level not covered;Indicates that in a multi-level facility or specific entity the top level(s) have no roof to provide protection from direct overhead sun or adverse weather;;
Facilities;CredentialTypeEnum;barcode;Barcode;Barcode or QR digital print pattern held on any physical media.;;
Facilities;CredentialTypeEnum;bluetooth;Bluetooth;Specific bluetooth or BLE identification chip used to associate a BLE receiver to a specific user.  Used for both one time and permit uses.;;
Facilities;CredentialTypeEnum;eticket;Eticket;Digital equivalent of a paper ticket, often presentable via smartphone or similar device for control.;;
Facilities;CredentialTypeEnum;hangtag;Hangtag;Visible, often removable, credential indicator, with visible markings;;
Facilities;CredentialTypeEnum;licensePlate;License plate;Fixed plate, in a defined format, used to identify a specific vehicle. Normally a permanent fixture.;;
Facilities;CredentialTypeEnum;other;Other;Some other credential;;
Facilities;CredentialTypeEnum;permit;Permit;Issued credential, often in the form of an adhesive label, often placed on the windscreen, credential indicator, with visible markings;;
Facilities;CredentialTypeEnum;qrCode;QR code;Quick Reference (QR) code;;
Facilities;CredentialTypeEnum;rfid;RFID;Specific RF identification associated to an RFID-related account.  Used for permit uses.;;
Facilities;CredentialTypeEnum;ticket;Ticket;Typically issued paper with printed details, often with magnetic strips; typically single use disposable.;;
Common;DangerousGoodsRegulationsEnum;adr;ADR;European agreement on the international carriage of dangerous goods on road.;;
Common;DangerousGoodsRegulationsEnum;iataIcao;IATA ICAO;Regulations covering the international transportation of dangerous goods issued by the International Air Transport Association and the International Civil Aviation Organisation.;;
Common;DangerousGoodsRegulationsEnum;imoImdg;IMO IMDG;Regulations regarding the transportation of dangerous goods on ocean-going vessels issued by the International Maritime Organisation.;;
Common;DangerousGoodsRegulationsEnum;railroadDangerousGoodsBook;Railroad dangerous goods book;International regulations concerning the international carriage of dangerous goods by rail.;;
Common;DayEnum;friday;Friday;Friday.;;
Common;DayEnum;monday;Monday;Monday.;;
Common;DayEnum;saturday;Saturday;Saturday.;;
Common;DayEnum;sunday;Sunday;Sunday.;;
Common;DayEnum;thursday;Thursday;Thursday.;;
Common;DayEnum;tuesday;Tuesday;Tuesday.;;
Common;DayEnum;wednesday;Wednesday;Wednesday.;;
Vms;DedicatedUsageEnum;energyInformation;Energy information;Dedicated to displaying energy information;;
Vms;DedicatedUsageEnum;inspectionArea;Inspection area;Dedicated to an inspection area;;
Vms;DedicatedUsageEnum;laneControlSystem;Lane control system;Dedicated to the purpose of lane control;;
Vms;DedicatedUsageEnum;other;Other;Other dedicated usage;;
Vms;DedicatedUsageEnum;parkingInformation;Parking information;Dedicated to displaying parking information;;
Vms;DedicatedUsageEnum;rampMetering;Ramp metering;Dedicated to ramp metering;;
Vms;DedicatedUsageEnum;tunnelManagement;Tunnel management;Dedicated to tunnel management;;
Situation;DelayBandEnum;betweenOneHourAndThreeHours;Between one hour and three hours;Delay between one hour and three hours.;;
Situation;DelayBandEnum;betweenTenMinutesAndThirtyMinutes;Between ten minutes and thirty minutes;Delay between ten minutes and thirty minutes.;;
Situation;DelayBandEnum;betweenThirtyMinutesAndOneHour;Between thirty minutes and one hour;Delay between thirty minutes and one hour.;;
Situation;DelayBandEnum;betweenThreeHoursAndSixHours;Between three hours and six hours;Delay between three hours and six hours.;;
Situation;DelayBandEnum;longerThanSixHours;Longer than six hours;Delay longer than six hours.;;
Situation;DelayBandEnum;negligible;Negligible;Negligible delay.;;
Situation;DelayBandEnum;upToTenMinutes;Up to ten minutes;Delay up to ten minutes.;;
Situation;DelaysTypeEnum;delays;Delays;Delays on the road network as a result of any situation which causes hold-ups.;;
Situation;DelaysTypeEnum;delaysOfUncertainDuration;Delays of uncertain duration;Delays on the road network whose predicted duration cannot be estimated.;;
Situation;DelaysTypeEnum;longDelays;Long delays;Delays on the road network of unusual severity.;;
Situation;DelaysTypeEnum;veryLongDelays;Very long delays;Delays on the road network of abnormally unusual severity.;;
EnergyInfrastructure;DeliveryUnitEnum;gasGallonEquivalent;Gas gallon equivalent;The amount of alternative fuel it takes to equal the energy content of one liquid gallon of gasoline. Used mostly in the US.;;
EnergyInfrastructure;DeliveryUnitEnum;imperialGallon;Imperial gallon;Imperial gallon (4.54609 litres);;
EnergyInfrastructure;DeliveryUnitEnum;kg;kg;kilogram;;
EnergyInfrastructure;DeliveryUnitEnum;kWh;kWh;kilowatt hour;;
EnergyInfrastructure;DeliveryUnitEnum;litre;Litre;Litre;;
EnergyInfrastructure;DeliveryUnitEnum;m3;m3;cubic metre;;
EnergyInfrastructure;DeliveryUnitEnum;usGallon;US gallon;US gallon (3.785411784 litres);;
EnergyInfrastructure;DieselTypeEnum;bioDiesel;Bio diesel;Vegetable oil or animal fat-based diesel fuel.;;
EnergyInfrastructure;DieselTypeEnum;carDiesel;Car diesel;Diesel for cars;;
EnergyInfrastructure;DieselTypeEnum;truckDiesel;Truck diesel;Diesel for trucks;;
EnergyInfrastructure;DieselTypeEnum;unknown;Unknown;The type of diesel is unknown.;;
Common;DirectionCompassEnum;east;East;East.;;
Common;DirectionCompassEnum;eastNorthEast;East north east;East north east.;;
Common;DirectionCompassEnum;eastSouthEast;East south east;East south east.;;
Common;DirectionCompassEnum;north;North;North.;;
Common;DirectionCompassEnum;northEast;North east;North east.;;
Common;DirectionCompassEnum;northNorthEast;North north east;North north east.;;
Common;DirectionCompassEnum;northNorthWest;North north west;North north west.;;
Common;DirectionCompassEnum;northWest;North west;North west.;;
Common;DirectionCompassEnum;south;South;South.;;
Common;DirectionCompassEnum;southEast;South east;South east.;;
Common;DirectionCompassEnum;southSouthEast;South south east;South south east.;;
Common;DirectionCompassEnum;southSouthWest;South south west;South south west.;;
Common;DirectionCompassEnum;southWest;South west;South west.;;
Common;DirectionCompassEnum;west;West;West.;;
Common;DirectionCompassEnum;westNorthWest;West north west;West north west.;;
Common;DirectionCompassEnum;westSouthWest;West south west;West south west.;;
LocationReferencing;DirectionEnum;aligned;Aligned;Same direction as the normal direction of flow at this point on the road network.;;
LocationReferencing;DirectionEnum;allDirections;All directions;All directions (where more than two are applicable) at this point on the road network.;;
LocationReferencing;DirectionEnum;anticlockwise;Anticlockwise;Anti-clockwise.;;
LocationReferencing;DirectionEnum;bothWays;Both ways;Both directions that are applicable at this point on the road network.;;
LocationReferencing;DirectionEnum;clockwise;Clockwise;Clockwise.;;
LocationReferencing;DirectionEnum;eastBound;East bound;East bound general direction.;;
LocationReferencing;DirectionEnum;inboundTowardsTown;Inbound towards town;Heading towards town centre direction of travel.;;
LocationReferencing;DirectionEnum;innerRing;Inner ring;Inner ring direction.;;
LocationReferencing;DirectionEnum;northBound;North bound;North bound general direction.;;
LocationReferencing;DirectionEnum;northEastBound;North east bound;North east bound general direction.;;
LocationReferencing;DirectionEnum;northWestBound;North west bound;North west bound general direction.;;
LocationReferencing;DirectionEnum;opposite;Opposite;Opposite direction to the normal direction of flow at this point on the road network.;;
LocationReferencing;DirectionEnum;other;Other;Other than as defined in this enumeration.;;
LocationReferencing;DirectionEnum;outboundFromTown;Outbound from town;Heading out of or away from the town centre direction of travel.;;
LocationReferencing;DirectionEnum;outerRing;Outer ring;Outer ring direction.;;
LocationReferencing;DirectionEnum;southBound;South bound;South bound general direction.;;
LocationReferencing;DirectionEnum;southEastBound;South east bound;South east bound general direction.;;
LocationReferencing;DirectionEnum;southWestBound;South west bound;South west bound general direction.;;
LocationReferencing;DirectionEnum;unknown;Unknown;Direction is unknown.;;
LocationReferencing;DirectionEnum;westBound;West bound;West bound general direction.;;
LocationReferencing;DirectionPurposeEnum;inbound;Inbound;On the carriageway or lane which is inbound towards the centre of the town or city.;;
LocationReferencing;DirectionPurposeEnum;outbound;Outbound;On the carriageway or lane which is outbound from the centre of the town or city.;;
Vms;DisplayedNumericalInformationTypeEnum;distance;Distance;A distance;;
Vms;DisplayedNumericalInformationTypeEnum;height;Height;A height e.g. for a vehicle height restriction;;
Vms;DisplayedNumericalInformationTypeEnum;length;Length;A length e.g. for a vehicle length restriction;;
Vms;DisplayedNumericalInformationTypeEnum;rateOfIncline;Rate of incline;A rate of incline;;
Vms;DisplayedNumericalInformationTypeEnum;sectionLength;Section length;A road section length;;
Vms;DisplayedNumericalInformationTypeEnum;speed;Speed;A speed e.g. for a vehicle speed limit;;
Vms;DisplayedNumericalInformationTypeEnum;weight;Weight;A weight e.g. for a vehicle weight restriction;;
Vms;DisplayedNumericalInformationTypeEnum;weightPerAxle;Weight per axle;An axle weight e.g. for an axle weight restriction;;
Vms;DisplayedNumericalInformationTypeEnum;width;Width;A width e.g. for a vehicle width restriction;;
Situation;DisturbanceActivityTypeEnum;airRaid;Air raid;A situation relating to any threat from foreign air power.;;
Situation;DisturbanceActivityTypeEnum;altercationOfVehicleOccupants;Altercation of vehicle occupants;An altercation (argument, dispute or fight) between two or more vehicle occupants.;;
Situation;DisturbanceActivityTypeEnum;assault;Assault;A situation where an assault has taken place on one or more persons.;;
Situation;DisturbanceActivityTypeEnum;assetDestruction;Asset destruction;A situation where assets of one or more persons or authorities have been destroyed.;;
Situation;DisturbanceActivityTypeEnum;attack;Attack;A situation where an attack on a group of people or properties has taken place.;;
Situation;DisturbanceActivityTypeEnum;attackOnVehicle;Attack on vehicle;A situation where an attack on a vehicle or its occupants has taken place.;;
Situation;DisturbanceActivityTypeEnum;blockadeOrBarrier;Blockade or barrier;A manned blockade or barrier across a road stopping vehicles passing.;;
Situation;DisturbanceActivityTypeEnum;bombAlert;Bomb alert;An alert to a situation where suspected or actual explosive or incendiary devices may cause disruption to traffic.;;
Situation;DisturbanceActivityTypeEnum;crowd;Crowd;A major gathering of people that could disrupt traffic.;;
Situation;DisturbanceActivityTypeEnum;demonstration;Demonstration;A public protest with the potential to disrupt traffic.;;
Situation;DisturbanceActivityTypeEnum;evacuation;Evacuation;A situation where a definite area is being cleared due to dangerous conditions or for security reasons.;;
Situation;DisturbanceActivityTypeEnum;filterBlockade;Filter blockade;A manned blockade of a road where only certain vehicles are allowed through.;;
Situation;DisturbanceActivityTypeEnum;goSlowOperation;Go slow operation;As a form of protest, several vehicles are driving in a convoy at a low speed which is affecting the normal traffic flow.;;
Situation;DisturbanceActivityTypeEnum;gunfireOnRoadway;Gunfire on roadway;A situation involving gunfire, perceived or actual, on or near the roadway through an act of terrorism or crime, which could disrupt traffic.;;
Situation;DisturbanceActivityTypeEnum;illVehicleOccupants;Ill vehicle occupants;One or more occupants of a vehicle are seriously ill, possibly requiring specialist services or assistance. This may disrupt normal traffic flow.;;
Situation;DisturbanceActivityTypeEnum;march;March;A situation where people are walking together in large groups for a common purpose, with potential to disrupt traffic.;;
Situation;DisturbanceActivityTypeEnum;other;Other;Other than as defined in this enumeration.;;
Situation;DisturbanceActivityTypeEnum;peopleThrowingObjectsOnTheRoad;People throwing objects on the road;People throwing objects on the road;;
Situation;DisturbanceActivityTypeEnum;publicDisturbance;Public disturbance;A situation of public disorder, with potential to disrupt traffic.;;
Situation;DisturbanceActivityTypeEnum;radioactiveLeakAlert;Radioactive leak alert;An alert to a radioactive leak which may endanger the public and hence may cause traffic disruption.;;
Situation;DisturbanceActivityTypeEnum;riot;Riot;A situation of public disorder involving violent behaviour and/or destruction of property with the potential to disrupt traffic.;;
Situation;DisturbanceActivityTypeEnum;sabotage;Sabotage;A situation resulting from any act of sabotage.;;
Situation;DisturbanceActivityTypeEnum;securityAlert;Security alert;An official alert to a perceived or actual threat of crime or terrorism, which could disrupt traffic.;;
Situation;DisturbanceActivityTypeEnum;securityIncident;Security incident;A situation related to a perceived or actual threat of crime or terrorism, which could disrupt traffic.;;
Situation;DisturbanceActivityTypeEnum;sightseersObstructingAccess;Sightseers obstructing access;Attendees or sightseers to reported event(s) causing obstruction to access.;;
Situation;DisturbanceActivityTypeEnum;strike;Strike;A situation resulting from industrial action that could disrupt traffic.;;
Situation;DisturbanceActivityTypeEnum;terroristIncident;Terrorist incident;A situation related to a perceived or actual threat of terrorism, which could disrupt traffic.;;
Situation;DisturbanceActivityTypeEnum;theft;Theft;A situation where assets of one or more persons or authorities have been stolen.;;
Situation;DisturbanceActivityTypeEnum;toxicCloudAlert;Toxic cloud alert;An alert to a toxic release of gases and/or particulates into the environment which may endanger the public and hence may cause traffic disruption.;;
Situation;DisturbanceActivityTypeEnum;unspecifiedAlert;Unspecified alert;An alert to a perceived or actual threat of an unspecified nature, which could disrupt traffic.;;
Situation;DrivingConditionTypeEnum;hazardous;Hazardous;Driving conditions are hazardous due to environmental conditions.;;
Situation;DrivingConditionTypeEnum;impossible;Impossible;Current conditions are making driving impossible.;;
Situation;DrivingConditionTypeEnum;normal;Normal;Driving conditions are normal.;;
Situation;DrivingConditionTypeEnum;other;Other;Other than as defined in this enumeration.;;
Situation;DrivingConditionTypeEnum;passableWithCare;Passable with care;The roadway is passable to vehicles with driver care.;;
Situation;DrivingConditionTypeEnum;unknown;Unknown;Driving conditions are unknown.;;
Situation;DrivingConditionTypeEnum;veryHazardous;Very hazardous;Driving conditions are very hazardous due to environmental conditions.;;
Situation;DrivingConditionTypeEnum;winterConditions;Winter conditions;Driving conditions are consistent with those expected in winter.;;
EnergyInfrastructure;ElectricEnergySourceTypeEnum;biogas;Biogas;Biogas energy source;;
EnergyInfrastructure;ElectricEnergySourceTypeEnum;coal;Coal;Coal energy source;;
EnergyInfrastructure;ElectricEnergySourceTypeEnum;gas;Gas;Gas energy source;;
EnergyInfrastructure;ElectricEnergySourceTypeEnum;generalFossil;General fossil;All kinds of fossil power sources;;
EnergyInfrastructure;ElectricEnergySourceTypeEnum;generalGreen;General green;All kinds of green energy sources.;;
EnergyInfrastructure;ElectricEnergySourceTypeEnum;nuclear;Nuclear;Nuclear power sources;;
EnergyInfrastructure;ElectricEnergySourceTypeEnum;other;Other;Any other energy source;;
EnergyInfrastructure;ElectricEnergySourceTypeEnum;solar;Solar;Solar energy source;;
EnergyInfrastructure;ElectricEnergySourceTypeEnum;water;Water;Water energy source;;
EnergyInfrastructure;ElectricEnergySourceTypeEnum;wind;Wind;Wind energy source;;
Parking;ElementDescriptorEnum;building;Building;A description for a building.;;
Parking;ElementDescriptorEnum;floorOrLevel;Floor or level;describes a place identified as a "floor", with typical use to describe a floor or level in a multi-level structure;;
Parking;ElementDescriptorEnum;logicalStructure;Logical structure;Some other logical or operational structure of parking spaces or parking areas.;;
Parking;ElementDescriptorEnum;mixedUsage;Mixed usage;A definition for mixed usage for this area (e.g. by time). This means there are more definitions for this area or for sub- or supersets of it.;;
Parking;ElementDescriptorEnum;other;Other;Some other kind of subplace element.;;
Parking;ElementDescriptorEnum;row;Row;describes a place identified as a "row", with typical use to describe a quasi-line parking or other feature of common characteristics;;
Parking;ElementDescriptorEnum;singleParameters;Single parameters;This area provides some single features for a selected number of spaces. For example, you can define all spaces, where electric charging stations are provided. It is not a complete description of the parking spaces.;;
Parking;ElementDescriptorEnum;statisticsOnly;Statistics only;This area provides statistical figures only, for example 60 spaces for lorries in total. Usually, this kind of group does not use georeference information.  It is not a complete description of parking spaces.;;
Parking;ElementDescriptorEnum;street;Street;describes a place identified as a "street", with typical use to describe a part of a road sharing a common given name.;;
Common;EmissionClassificationEuroEnum;euro5;Euro 5;Euro 5.;;
Common;EmissionClassificationEuroEnum;euro5a;Euro 5a;Euro 5a.;;
Common;EmissionClassificationEuroEnum;euro5b;Euro 5b;Euro 5b.;;
Common;EmissionClassificationEuroEnum;euro6;Euro 6;Euro 6.;;
Common;EmissionClassificationEuroEnum;euro6a;Euro 6a;Euro 6a.;;
Common;EmissionClassificationEuroEnum;euro6b;Euro 6b;Euro 6b.;;
Common;EmissionClassificationEuroEnum;euro6c;Euro 6c;Euro 6c.;;
Common;EmissionClassificationEuroEnum;euroV;Euro V;Euro V.;;
Common;EmissionClassificationEuroEnum;euroVI;Euro VI;Euro VI.;;
Common;EmissionClassificationEuroEnum;other;Other;Any other level.;;
CommonExtension;EmissionClassificationEuroEnumExtended;euro0;Euro 0;Euro 0.;;
CommonExtension;EmissionClassificationEuroEnumExtended;euro1;Euro 1;Euro1.;;
CommonExtension;EmissionClassificationEuroEnumExtended;euro2;Euro 2;Euro2.;;
CommonExtension;EmissionClassificationEuroEnumExtended;euro3;Euro 3;Euro3.;;
CommonExtension;EmissionClassificationEuroEnumExtended;euro4;Euro 4;Euro 4.;;
CommonExtension;EmissionClassificationEuroEnumExtended;euro6d;Euro 6d;Euro 6d.;;
CommonExtension;EmissionClassificationEuroEnumExtended;euro6dTemp;Euro 6d-TEMP;Euro 6d-TEMP.;;
CommonExtension;EmissionClassificationEuroEnumExtended;euroI;Euro I;euro 1;;
CommonExtension;EmissionClassificationEuroEnumExtended;euroII;Euro II;euro 2;;
CommonExtension;EmissionClassificationEuroEnumExtended;euroIII;Euro III;euro 3;;
CommonExtension;EmissionClassificationEuroEnumExtended;euroIV;Euro IV;Euro IV.;;
CommonExtension;EmissionClassificationEuroEnumExtended;euroUnknown;Euro unknown;euro qualification of engine unknown;;
EnergyInfrastructure;EnergyInfrastructureSiteTypeEnum;inBuilding;In building;The energy infrastructure site is located inside some building for example in a car park.;;
EnergyInfrastructure;EnergyInfrastructureSiteTypeEnum;onCompanySite;On company site;The energy infrastructure site is located on a company site.;;
EnergyInfrastructure;EnergyInfrastructureSiteTypeEnum;onstreet;Onstreet;The energy infrastructure site is located alongside a street, for example some singular charging stations.;;
EnergyInfrastructure;EnergyInfrastructureSiteTypeEnum;openSpace;Open space;The energy infrastructure site is an open space, for example a parking site.;;
EnergyInfrastructure;EnergyInfrastructureSiteTypeEnum;other;Other;Other types of energy infrastructure sites.;;
EnergyInfrastructure;EnergyInfrastructureSiteTypeEnum;roofedStation;Roofed station;The site has got a roof.;;
Facilities;EnergySourceEnum;all;All;All sort of fuel is accepted.;;
Facilities;EnergySourceEnum;battery;Battery;Battery.;;
Facilities;EnergySourceEnum;biodiesel;Biodiesel;Biodiesel.;;
Facilities;EnergySourceEnum;diesel;Diesel;Fuel used for compression-ignition (CI) engines.;;
Facilities;EnergySourceEnum;dieselBatteryHybrid;Diesel battery hybrid;Diesel and battery hybrid.;;
Facilities;EnergySourceEnum;ethanol;Ethanol;Ethanol.;;
Facilities;EnergySourceEnum;hydrogen;Hydrogen;Hydrogen.;;
Facilities;EnergySourceEnum;liquidGas;Liquid gas;Liquid gas of any type including LPG.;;
Facilities;EnergySourceEnum;lpg;LPG;Liquid petroleum gas.;;
Facilities;EnergySourceEnum;methane;Methane;Methane gas.;;
Facilities;EnergySourceEnum;other;Other;Other.;;
Facilities;EnergySourceEnum;petrol;Petrol;Fuel used for positive-ignition (PI) engines.;;
Facilities;EnergySourceEnum;petrol95Octane;Petrol 95 octane;Petrol with 95 octane.;;
Facilities;EnergySourceEnum;petrol98Octane;Petrol 98 octane;Petrol with 98 octane.;;
Facilities;EnergySourceEnum;petrolBatteryHybrid;Petrol battery hybrid;Petrol and battery hybrid.;;
Facilities;EnergySourceEnum;petrolLeaded;Petrol leaded;Leaded petrol.;;
Facilities;EnergySourceEnum;petrolUnleaded;Petrol unleaded;Unleaded petrol.;;
Facilities;EnergySourceEnum;unknown;Unknown;The sort of fuel is not known.;;
Situation;EnvironmentalObstructionTypeEnum;avalanches;Avalanches;The road may be obstructed or partially obstructed due to snow slides.;;
Situation;EnvironmentalObstructionTypeEnum;earthquakeDamage;Earthquake damage;The road may be obstructed or partially obstructed because of damage caused by an earthquake.;;
Situation;EnvironmentalObstructionTypeEnum;fallenTrees;Fallen trees;The road is obstructed or partially obstructed by one or more fallen trees.;;
Situation;EnvironmentalObstructionTypeEnum;fallingIce;Falling ice;Falling ice off trees, power lines or structures which may cause traffic disruption.;;
Situation;EnvironmentalObstructionTypeEnum;fallingLightIceOrSnow;Falling light ice or snow;Falling light ice or snow off trees, power lines or structures which may cause traffic disruption.;;
Situation;EnvironmentalObstructionTypeEnum;flashFloods;Flash floods;The road may become quickly inundated by powerful floodwaters due to heavy rain nearby.;;
Situation;EnvironmentalObstructionTypeEnum;flooding;Flooding;The road is obstructed or partially obstructed by flood water.;;
Situation;EnvironmentalObstructionTypeEnum;forestFire;Forest fire;Traffic may be disrupted due to a forest fire adjacent to the roadway.;;
Situation;EnvironmentalObstructionTypeEnum;grassFire;Grass fire;Traffic may be disrupted due to a grass fire adjacent to the roadway.;;
Situation;EnvironmentalObstructionTypeEnum;landslips;Landslips;The road may be obstructed or partially obstructed due to landslides.;;
Situation;EnvironmentalObstructionTypeEnum;mudSlide;Mud slide;The road may be obstructed or partially obstructed due to mudslides.;;
Situation;EnvironmentalObstructionTypeEnum;other;Other;Other than as defined in this enumeration.;;
Situation;EnvironmentalObstructionTypeEnum;rockfalls;Rockfalls;The road may be obstructed or partially obstructed due to fallen rocks.;;
Situation;EnvironmentalObstructionTypeEnum;seriousFire;Serious fire;Traffic may be disrupted due to a fire (other than a vehicle fire) adjacent to the roadway.;;
Situation;EnvironmentalObstructionTypeEnum;sewerOverflow;Sewer overflow;The road is obstructed or partially obstructed by overflows from one or more sewers.;;
Situation;EnvironmentalObstructionTypeEnum;smokeOrFumes;Smoke or fumes;Smoke or fumes which may hinder driving conditions or distract drivers.;;
Situation;EnvironmentalObstructionTypeEnum;stormDamage;Storm damage;The road may be obstructed or partially obstructed by debris caused by strong winds.;;
Situation;EnvironmentalObstructionTypeEnum;subsidence;Subsidence;The road surface has sunken or collapsed in places.;;
Situation;EquipmentOrSystemFaultTypeEnum;notWorking;Not working;Not working or functioning.;;
Situation;EquipmentOrSystemFaultTypeEnum;outOfService;Out of service;Out of service (usually for operational reasons).;;
Situation;EquipmentOrSystemFaultTypeEnum;workingIncorrectly;Working incorrectly;Working incorrectly.;;
Situation;EquipmentOrSystemFaultTypeEnum;workingIntermittently;Working intermittently;Working intermittently.;;
Situation;EquipmentOrSystemTypeEnum;anprCameras;ANPR cameras;Automatic number plate recognition cameras.;;
Situation;EquipmentOrSystemTypeEnum;automatedTollSystem;Automated toll system;Automated toll system.;;
Situation;EquipmentOrSystemTypeEnum;cctvCameras;CCTV cameras;Closed-circuit television cameras.;;
Situation;EquipmentOrSystemTypeEnum;emergencyRoadsideTelephones;Emergency roadside telephones;Emergency roadside telephones.;;
Situation;EquipmentOrSystemTypeEnum;fireDetectionEquipment;Fire detection equipment;Fire detection equipment;;
Situation;EquipmentOrSystemTypeEnum;galleryLights;Gallery lights;Gallery lights.;;
Situation;EquipmentOrSystemTypeEnum;laneControlSigns;Lane control signs;Signs used to control lane usage (e.g. in tidal flow systems or hard shoulder running).;;
Situation;EquipmentOrSystemTypeEnum;levelCrossing;Level crossing;Level crossing (barriers and signals).;;
Situation;EquipmentOrSystemTypeEnum;matrixSigns;Matrix signs;Matrix signs. These normally comprise a symbol display area surrounded by four lights (usually amber) which flash when a symbol is displayed. ;;
Situation;EquipmentOrSystemTypeEnum;other;Other;Other than as defined in this enumeration.;;
Situation;EquipmentOrSystemTypeEnum;rampControls;Ramp controls;Ramp control equipment.;;
Situation;EquipmentOrSystemTypeEnum;roadsideCommunicationsSystem;Roadside communications system;Roadside communications system which is used by one or more roadside equipments or systems.;;
Situation;EquipmentOrSystemTypeEnum;roadsidePowerSystem;Roadside power system;Roadside power system which is used by one or more roadside equipments or systems.;;
Situation;EquipmentOrSystemTypeEnum;speedControlSigns;Speed control signs;Signs used to control traffic speed.;;
Situation;EquipmentOrSystemTypeEnum;streetLighting;Street lighting;Street or road lighting.;;
Situation;EquipmentOrSystemTypeEnum;temporaryTrafficLights;Temporary traffic lights;Temporary traffic lights.;;
Situation;EquipmentOrSystemTypeEnum;tollGates;Toll gates;Toll gates.;;
Situation;EquipmentOrSystemTypeEnum;trafficLightSets;Traffic light sets;Sets of traffic lights.;;
Situation;EquipmentOrSystemTypeEnum;trafficSignals;Traffic signals;Traffic signals.;;
Situation;EquipmentOrSystemTypeEnum;tunnelEmergencyPhones;Tunnel emergency phones;Tunnel emergency telephones;;
Situation;EquipmentOrSystemTypeEnum;tunnelFireFightingEquipment;Tunnel fire fighting equipment;Tunnel fire fighting equipment;;
Situation;EquipmentOrSystemTypeEnum;tunnelLights;Tunnel lights;Tunnel lights.;;
Situation;EquipmentOrSystemTypeEnum;tunnelMobileCommunication;Tunnel mobile communication;Tunnel mobile coverage communication equipment;;
Situation;EquipmentOrSystemTypeEnum;tunnelRadioCommunication;Tunnel radio communication;Tunnel radio communication equipment;;
Situation;EquipmentOrSystemTypeEnum;tunnelSafetySystem;Tunnel safety system;Any tunnel safety system;;
Situation;EquipmentOrSystemTypeEnum;tunnelVentilation;Tunnel ventilation;Tunnel ventilation system.;;
Situation;EquipmentOrSystemTypeEnum;variableMessageSigns;Variable message signs;Variable message signs.;;
Parking;EsporgStandardLevelEnum;bronze;Bronze;ESPORG Bronze Level;;
Parking;EsporgStandardLevelEnum;gold;Gold;ESPORG Gold Level;;
Parking;EsporgStandardLevelEnum;platinum;Platinum;ESPORG Platinum Level;;
Parking;EsporgStandardLevelEnum;silver;Silver;ESPORG Silver Level;;
Common;FuelTypeEnum;all;All;All sort of fuel is accepted.;;
Common;FuelTypeEnum;battery;Battery;Battery.;;
Common;FuelTypeEnum;biodiesel;Biodiesel;Biodiesel.;;
Common;FuelTypeEnum;diesel;Diesel;Fuel used for compression-ignition (CI) engines.;;
Common;FuelTypeEnum;dieselBatteryHybrid;Diesel battery hybrid;Diesel and battery hybrid.;;
Common;FuelTypeEnum;ethanol;Ethanol;Ethanol.;;
Common;FuelTypeEnum;hydrogen;Hydrogen;Hydrogen.;;
Common;FuelTypeEnum;liquidGas;Liquid gas;Liquid gas of any type including LPG.;;
Common;FuelTypeEnum;lpg;LPG;Liquid petroleum gas.;;
Common;FuelTypeEnum;methane;Methane;Methane gas.;;
Common;FuelTypeEnum;other;Other;Other.;;
Common;FuelTypeEnum;petrol;Petrol;Fuel used for positive-ignition (PI) engines.;;
Common;FuelTypeEnum;petrol95Octane;Petrol 95 octane;Petrol with 95 octane.;;
Common;FuelTypeEnum;petrol98Octane;Petrol 98 octane;Petrol with 98 octane.;;
Common;FuelTypeEnum;petrolBatteryHybrid;Petrol battery hybrid;Petrol and battery hybrid.;;
Common;FuelTypeEnum;petrolLeaded;Petrol leaded;Leaded petrol.;;
Common;FuelTypeEnum;petrolUnleaded;Petrol unleaded;Unleaded petrol.;;
Common;FuelTypeEnum;unknown;Unknown;The sort of fuel is not known.;;
Vms;GddServiceCategoryEnum;ambientConditions;Ambient conditions;Notifying of road-related ambient conditions and events on route (GDD service category 31).;;
Vms;GddServiceCategoryEnum;dangerWarning;Danger warning;Danger warning sign information (GDD service category 11).;;
Vms;GddServiceCategoryEnum;informative;Informative;Informative, advisory, or guiding (GDD service category 13).;;
Vms;GddServiceCategoryEnum;publicFacilities;Public facilities;Informing of a certain public facility and its service (GDD service category 21).;;
Vms;GddServiceCategoryEnum;regulatory;Regulatory;Informing of special obligations, restrictions or prohibitions (GDD service category 12).;;
Vms;GddServiceCategoryEnum;roadConditions;Road conditions;Notifying of road-related conditions and events on route (GDD service category 32).;;
Situation;GeneralInstructionToRoadUsersTypeEnum;allowEmergencyVehiclesToPass;Allow emergency vehicles to pass;Allow emergency vehicles to pass.;;
Situation;GeneralInstructionToRoadUsersTypeEnum;approachWithCare;Approach with care;Approach with care.;;
Situation;GeneralInstructionToRoadUsersTypeEnum;avoidTheArea;Avoid the area;Drivers are to avoid the area.;;
Situation;GeneralInstructionToRoadUsersTypeEnum;closeAllWindowsTurnOffHeaterAndVents;Close all windows turn off heater and vents;Close all windows and turn off heater and vents.;;
Situation;GeneralInstructionToRoadUsersTypeEnum;crossJunctionWithCare;Cross junction with care;Cross junction with care.;;
Situation;GeneralInstructionToRoadUsersTypeEnum;doNotAllowUnnecessaryGaps;Do not allow unnecessary gaps;Do not allow unnecessary gaps.;;
Situation;GeneralInstructionToRoadUsersTypeEnum;doNotLeaveYourVehicle;Do not leave your vehicle;Do not leave your vehicle.;;
Situation;GeneralInstructionToRoadUsersTypeEnum;doNotThrowOutAnyBurningObjects;Do not throw out any burning objects;Do not throw out any burning objects.;;
Situation;GeneralInstructionToRoadUsersTypeEnum;doNotUseNavigationSystems;Do not use navigation systems;Do not use navigation systems to determine routing.;;
Situation;GeneralInstructionToRoadUsersTypeEnum;driveCarefully;Drive carefully;Drive carefully.;;
Situation;GeneralInstructionToRoadUsersTypeEnum;driveWithExtremeCaution;Drive with extreme caution;Drive with extreme caution.;;
Situation;GeneralInstructionToRoadUsersTypeEnum;flashYourLights;Flash your lights;Flash your lights to warn oncoming traffic of hazard ahead.;;
Situation;GeneralInstructionToRoadUsersTypeEnum;followTheVehicleInFrontSmoothly;Follow the vehicle in front smoothly;Follow the vehicle in front, smoothly.;;
Situation;GeneralInstructionToRoadUsersTypeEnum;increaseNormalFollowingDistance;Increase normal following distance;Increase normal following distance.;;
Situation;GeneralInstructionToRoadUsersTypeEnum;inEmergencyWaitForPatrolService;In emergency wait for patrol service;In emergency, wait for patrol service (either road operator or police patrol service).;;
Situation;GeneralInstructionToRoadUsersTypeEnum;keepYourDistance;Keep your distance;Keep your distance.;;
Situation;GeneralInstructionToRoadUsersTypeEnum;leaveYourVehicleProceedToNextSafePlace;Leave your vehicle proceed to next safe place;Leave your vehicle and proceed to next safe place.;;
Situation;GeneralInstructionToRoadUsersTypeEnum;noNakedFlames;No naked flames;No naked flames.;;
Situation;GeneralInstructionToRoadUsersTypeEnum;noOvertaking;No overtaking;No overtaking on the specified section of road.;;
Situation;GeneralInstructionToRoadUsersTypeEnum;noSmoking;No smoking;No smoking.;;
Situation;GeneralInstructionToRoadUsersTypeEnum;noStopping;No stopping;No stopping.;;
Situation;GeneralInstructionToRoadUsersTypeEnum;noUturns;No U-turns;No U-turns.;;
Situation;GeneralInstructionToRoadUsersTypeEnum;observeAmberAlert;Observe amber alert;Observe current amber alert (an emergency alert issued for a missing or abducted child).;;
Situation;GeneralInstructionToRoadUsersTypeEnum;observeSignals;Observe signals;Observe signals.;;
Situation;GeneralInstructionToRoadUsersTypeEnum;observeSigns;Observe signs;Observe signs.;;
Situation;GeneralInstructionToRoadUsersTypeEnum;onlyTravelIfAbsolutelyNecessary;Only travel if absolutely necessary;Only travel if absolutely necessary.;;
Situation;GeneralInstructionToRoadUsersTypeEnum;other;Other;Other than as defined in this enumeration.;;
Situation;GeneralInstructionToRoadUsersTypeEnum;overtakeWithCare;Overtake with care;Overtake with care.;;
Situation;GeneralInstructionToRoadUsersTypeEnum;pullOverToTheEdgeOfTheRoadway;Pull over to the edge of the roadway;Pull over to the edge of the roadway.;;
Situation;GeneralInstructionToRoadUsersTypeEnum;stopAtNextSafePlace;Stop at next safe place;Stop at next safe place.;;
Situation;GeneralInstructionToRoadUsersTypeEnum;stopAtNextServiceArea;Stop at next service area;Stop at next rest service area or car park.;;
Situation;GeneralInstructionToRoadUsersTypeEnum;switchOffEngine;Switch off engine;Switch off engine.;;
Situation;GeneralInstructionToRoadUsersTypeEnum;switchOffMobilePhonesAndTwoWayRadios;Switch off mobile phones and two way radios;Switch off mobile phones and two-way radios.;;
Situation;GeneralInstructionToRoadUsersTypeEnum;testYourBrakes;Test your brakes;Test your brakes.;;
Situation;GeneralInstructionToRoadUsersTypeEnum;useBusService;Use bus service;Use bus service.;;
Situation;GeneralInstructionToRoadUsersTypeEnum;useFogLights;Use fog lights;Use fog lights.;;
Situation;GeneralInstructionToRoadUsersTypeEnum;useHazardWarningLights;Use hazard warning lights;Use hazard warning lights.;;
Situation;GeneralInstructionToRoadUsersTypeEnum;useHeadlights;Use headlights;Use headlights.;;
Situation;GeneralInstructionToRoadUsersTypeEnum;useRailService;Use rail service;Use rail service.;;
Situation;GeneralInstructionToRoadUsersTypeEnum;useTramService;Use tram service;Use tram service.;;
Situation;GeneralInstructionToRoadUsersTypeEnum;useUndergroundService;Use underground service;Use underground service.;;
Situation;GeneralInstructionToRoadUsersTypeEnum;waitForEscortVehicle;Wait for escort vehicle;Wait for escort vehicle.;;
Situation;GeneralNetworkManagementTypeEnum;bridgeSwingInOperation;Bridge swing in operation;The bridge at the specified location has swung or lifted and is therefore temporarily closed to traffic.;;
Situation;GeneralNetworkManagementTypeEnum;convoyService;Convoy service;A vehicle convoy service is in operation, for example with a snowplough running ahead due to bad weather conditions.;;
Situation;GeneralNetworkManagementTypeEnum;obstacleSignalling;Obstacle signalling;Signs are being put out before or around an obstacle to protect drivers.;;
Situation;GeneralNetworkManagementTypeEnum;other;Other;Other than as defined in this enumeration.;;
Situation;GeneralNetworkManagementTypeEnum;rampMeteringInOperation;Ramp metering in operation;Ramp metering is now active at the specified location.;;
Situation;GeneralNetworkManagementTypeEnum;temporaryTrafficLights;Temporary traffic lights;Traffic is being controlled by temporary traffic lights (red-yellow-green or red-green).;;
Situation;GeneralNetworkManagementTypeEnum;tollGatesOpen;Toll gates open;Toll gates are open with no fee collection at the specified location.;;
Situation;GeneralNetworkManagementTypeEnum;trafficBeingManuallyDirected;Traffic being manually directed;Traffic is being manually directed.;;
Situation;GeneralNetworkManagementTypeEnum;trafficHeld;Traffic held;Traffic in the specified direction is temporarily held up due to an unplanned event (e.g. for clearance of wreckage following an accident).;;
LocationReferencing;GeographicCharacteristicEnum;aroundABendInRoad;Around a bend in road;Around a bend in the road.;;
LocationReferencing;GeographicCharacteristicEnum;onBorder;On border;On border crossing.;;
LocationReferencing;GeographicCharacteristicEnum;onPass;On pass;On mountain pass.;;
LocationReferencing;GeographicCharacteristicEnum;overCrestOfHill;Over crest of hill;Over the crest of a hill.;;
LocationReferencing;HeightGradeEnum;aboveGrade;Above grade;Above or over the normal road grade elevation.;;
LocationReferencing;HeightGradeEnum;atGrade;At grade;At the normal road grade elevation.;;
LocationReferencing;HeightGradeEnum;belowGrade;Below grade;Below or under the normal road grade elevation.;;
LocationReferencing;HeightTypeEnum;ellipsoidalHeight;Ellipsoidal height;Value measured vertically above the reference ellipsoid;;
LocationReferencing;HeightTypeEnum;gravityRelatedHeight;Gravity related height;Height type corresponding a value measured along direction of gravity above the reference geoid i.e. equipotential surface of the Earth's gravity field which globally approximates mean sea level.;;
LocationReferencing;HeightTypeEnum;relativeHeight;Relative height;Height type corresponding to value masured vertically above the ground level at this point.;;
Parking;HierarchyElementTypeEnum;campus;Campus;Typically defines a large facility (such as a university campus, or an airport), or a large geographic zone (such as a city or a town), which may contain numerous places that can be logically reported together.;;
Parking;HierarchyElementTypeEnum;identifiedArea;Identified area;An identifiable discrete bounded geographic zone that shares common characteristics and is used for parking and mobility related operations  or other purposes.;;
Parking;HierarchyElementTypeEnum;place;Place;A place or location used for parking, loading, unloading, standing, or some other mobility or transport related activity.;;
Parking;HierarchyElementTypeEnum;space;Space;A single space for parking or other mobility related purposes, usually designed for one vehicle, which may, but not necessarily, be denoted by painted or other road surface marker.;;
Parking;HierarchyElementTypeEnum;subplaceElement;Subplace element;A sub-division of a place for the convenience of the operator to segment the place and identify varied uses for parking and mobility related operations or other purposes.;;
EnergyInfrastructure;HydrogenFuellingProcessProtocolEnum;mcMethod;MC method;Protocol according to the MC method.;;
EnergyInfrastructure;HydrogenFuellingProcessProtocolEnum;sae2601v2010;SAE 2601:2010;Protocol according to SAE 2601 standard, version from 2010.;;
EnergyInfrastructure;HydrogenFuellingProcessProtocolEnum;sae2601v2014;SAE 2601:2014;Protocol according to SAE 2601 standard, version from 2014.;;
EnergyInfrastructure;HydrogenFuellingProcessProtocolEnum;sae2601v2016;SAE 2601:2016;Protocol according to SAE 2601 standard, version from 2016.;;
EnergyInfrastructure;HydrogenFuellingProcessProtocolEnum;unknown;Unknown;The protocol is unknown.;;
Vms;ImageFormatEnum;bmp;BMP;The bmp image format;;
Vms;ImageFormatEnum;gif;GIF;The gif image format;;
Vms;ImageFormatEnum;jpeg;JPEG;The jpeg image format;;
Vms;ImageFormatEnum;png;PNG;The png image format;;
Vms;ImageFormatEnum;tiff;Tiff;The TIFF image format;;
Common;InformationDeliveryServicesEnum;anyGeneralDeliveryService;Any general delivery service;Includes any general delivery channel such as broadcast channels (e.g. radio, tv, RDS-TMC, TPEG services, etc.) or web publishing available to public or to specific users, depending on Service Provider policies.;;
Common;InformationDeliveryServicesEnum;safetyServices;Safety services;Specific services which deliver warning alerts to end users to enhance safety via any specific application available to drivers, including C-ITS services.;;
Common;InformationDeliveryServicesEnum;vms;VMS;Variable Message Signs or any other visual roadside devices which information are accessible to drivers which aim to affect driving style improving safety and road network LoS.;;
Common;InformationStatusEnum;real;Real;The information is real. It is not a test or exercise.;;
Common;InformationStatusEnum;securityExercise;Security exercise;The information is part of an exercise which is for testing security.;;
Common;InformationStatusEnum;technicalExercise;Technical exercise;The information is part of an exercise which includes tests of associated technical subsystems.;;
Common;InformationStatusEnum;test;Test;The information is part of a test for checking the exchange of this type of information.;;
Vms;InformationTypeEnum;blank;Blank;There is no information content;;
Vms;InformationTypeEnum;delay;Delay;Delay information;;
Vms;InformationTypeEnum;destination;Destination;The information is a destination;;
Vms;InformationTypeEnum;generalInformation;General information;General information;;
Vms;InformationTypeEnum;location;Location;Location information;;
Vms;InformationTypeEnum;obligation;Obligation;The information is an obligation;;
Vms;InformationTypeEnum;other;Other;Other kind of information;;
Vms;InformationTypeEnum;prohibition;Prohibition;The information is a prohibition;;
Vms;InformationTypeEnum;situationInformation;Situation information;Information about the situation;;
Vms;InformationTypeEnum;travelTime;Travel time;The information is travel time;;
Vms;InformationTypeEnum;vehicleType;Vehicle type;The information is about vehicle type;;
Vms;InformationTypeEnum;warning;Warning;The information is a warning;;
Situation;InfrastructureDamageTypeEnum;burstPipe;Burst pipe;The road surface has sunken or collapsed in places due to burst pipes.;;
Situation;InfrastructureDamageTypeEnum;burstWaterMain;Burst water main;Traffic may be disrupted due to local flooding and/or subsidence because of a broken water main.;;
Situation;InfrastructureDamageTypeEnum;collapsedSewer;Collapsed sewer;The road surface has sunken or collapsed in places due to sewer failure.;;
Situation;InfrastructureDamageTypeEnum;damagedBridge;Damaged bridge;Damage to a bridge that may cause traffic disruption.;;
Situation;InfrastructureDamageTypeEnum;damagedCrashBarrier;Damaged crash barrier;Damage to a crash barrier that may cause traffic disruption.;;
Situation;InfrastructureDamageTypeEnum;damagedFlyover;Damaged flyover;Damage to an elevated section of the carriageway over another carriageway that may cause traffic disruption.;;
Situation;InfrastructureDamageTypeEnum;damagedGallery;Damaged gallery;Damage to a gallery that may cause traffic disruption.;;
Situation;InfrastructureDamageTypeEnum;damagedGantry;Damaged gantry;Damage to a gantry above the roadway that may cause traffic disruption.;;
Situation;InfrastructureDamageTypeEnum;damagedRoadSurface;Damaged road surface;Damage to the road surface that may cause traffic disruption.;;
Situation;InfrastructureDamageTypeEnum;damagedTunnel;Damaged tunnel;Damage to a tunnel that may cause traffic disruption.;;
Situation;InfrastructureDamageTypeEnum;damagedViaduct;Damaged viaduct;Damage to a viaduct that may cause traffic disruption.;;
Situation;InfrastructureDamageTypeEnum;fallenPowerCables;Fallen power cables;The road is obstructed or partially obstructed by one or more fallen power cables.;;
Situation;InfrastructureDamageTypeEnum;gasLeak;Gas leak;Traffic may be disrupted due to an explosion hazard from gas escaping in or near the roadway.;;
Situation;InfrastructureDamageTypeEnum;other;Other;Other than as defined in this enumeration.;;
Situation;InfrastructureDamageTypeEnum;weakBridge;Weak bridge;Weak bridge capable of carrying a reduced load, typically with a reduced weight limit restriction imposed.;;
LocationReferencing;InfrastructureDescriptorEnum;atMotorwayInterchange;At motorway interchange;At a motorway interchange.;;
LocationReferencing;InfrastructureDescriptorEnum;atRestArea;At rest area;At rest area off the carriageway.;;
LocationReferencing;InfrastructureDescriptorEnum;atServiceArea;At service area;At service area.;;
LocationReferencing;InfrastructureDescriptorEnum;atTollPlaza;At toll plaza;At toll plaza.;;
LocationReferencing;InfrastructureDescriptorEnum;atTunnelEntryOrExit;At tunnel entry or exit;At entry or exit of tunnel.;;
LocationReferencing;InfrastructureDescriptorEnum;inGallery;In gallery;In gallery.;;
LocationReferencing;InfrastructureDescriptorEnum;inTunnel;In tunnel;In tunnel.;;
LocationReferencing;InfrastructureDescriptorEnum;onBridge;On bridge;On bridge.;;
LocationReferencing;InfrastructureDescriptorEnum;onConnector;On connector;On connecting carriageway between two different roads or road sections.;;
LocationReferencing;InfrastructureDescriptorEnum;onElevatedSection;On elevated section;On elevated section of road.;;
LocationReferencing;InfrastructureDescriptorEnum;onFlyover;On flyover;On flyover, i.e. on section of road over another road.;;
LocationReferencing;InfrastructureDescriptorEnum;onIceRoad;On ice road;On ice road.;;
LocationReferencing;InfrastructureDescriptorEnum;onLevelCrossing;On level crossing;On level-crossing.;;
LocationReferencing;InfrastructureDescriptorEnum;onLinkRoad;On link road;On road section linking two different roads.;;
LocationReferencing;InfrastructureDescriptorEnum;onRoundabout;On roundabout;On roundabout.;;
LocationReferencing;InfrastructureDescriptorEnum;onTheRoadway;On the roadway;On the roadway.;;
LocationReferencing;InfrastructureDescriptorEnum;onUndergroundSection;On underground section;On underground section of road.;;
LocationReferencing;InfrastructureDescriptorEnum;onUnderpass;On underpass;On underpass, i.e. section of road which passes under another road.;;
LocationReferencing;InfrastructureDescriptorEnum;withinJunction;Within junction;On the main carriageway within a junction between exit slip road and entry slip road.;;
Situation;InjuryStatusTypeEnum;dead;Dead;Dead.;;
Situation;InjuryStatusTypeEnum;injured;Injured;Injured requiring medical treatment.;;
Situation;InjuryStatusTypeEnum;seriouslyInjured;Seriously injured;Seriously injured requiring urgent hospital treatment.;;
Situation;InjuryStatusTypeEnum;slightlyInjured;Slightly injured;Slightly injured requiring medical treatment.;;
Situation;InjuryStatusTypeEnum;uninjured;Uninjured;Uninjured.;;
Situation;InjuryStatusTypeEnum;unknown;Unknown;Injury status unknown.;;
Common;InstanceOfDayEnum;fifthInstance;Fifth instance;Fifth instance of specified day of week in month.;;
Common;InstanceOfDayEnum;firstInstance;First instance;First instance of specified day of week in month.;;
Common;InstanceOfDayEnum;fourthInstance;Fourth instance;Fourth instance of specified day of week in month.;;
Common;InstanceOfDayEnum;lastInstance;Last instance;Last instance of specified day of week in month (regardless its actual instance number).;;
Common;InstanceOfDayEnum;secondInstance;Second instance;Second instance of specified day of week in month.;;
Common;InstanceOfDayEnum;thirdInstance;Third instance;Third instance of specified day of week in month.;;
Situation;InvolvementRolesEnum;cyclist;Cyclist;Cyclist.;;
Situation;InvolvementRolesEnum;motorcyclist;Motorcyclist;Motorcyclist;;
Situation;InvolvementRolesEnum;pedestrian;Pedestrian;Pedestrian.;;
Situation;InvolvementRolesEnum;unknown;Unknown;Involvement role is unknown.;;
Situation;InvolvementRolesEnum;vehicleDriver;Vehicle driver;Vehicle driver.;;
Situation;InvolvementRolesEnum;vehicleOccupant;Vehicle occupant;Vehicle occupant (driver or passenger not specified).;;
Situation;InvolvementRolesEnum;vehiclePassenger;Vehicle passenger;Vehicle passenger.;;
Situation;InvolvementRolesEnum;witness;Witness;Witness.;;
Parking;JunctionClassificationEnum;borderCrossing;Border crossing;Motorway crossing a border (between counties, countries, states, ...).;;
Parking;JunctionClassificationEnum;interchange;Interchange;Usually two crossing motorways (four legs, but can be even more).;;
Parking;JunctionClassificationEnum;junction;Junction;Entrance and exit on a motorway.;;
Parking;JunctionClassificationEnum;junctionInOneDirection;Junction in one direction;Entry and Exit on a motorway, where just one direction of the motorway is accessible.;;
Parking;JunctionClassificationEnum;motorwayConnection;Motorway connection;Beginning or end of a motorway (e.g. changeover to smaller road).;;
Parking;JunctionClassificationEnum;operationalServiceJunction;Operational service junction;Junction accessible only for operational services.;;
Parking;JunctionClassificationEnum;other;Other;Other.;;
Parking;JunctionClassificationEnum;temporarilyJunction;Temporarily junction;Entrance and exit on a motorway, reserved either for emergency and service or on a temporarily basis.;;
Parking;JunctionClassificationEnum;threeWayInterchange;Three way interchange;One motorway merging into another (with three legs in total).;;
LocationReferencing;LaneEnum;allLanesCompleteCarriageway;All lanes complete carriageway;In all lanes of the carriageway.;;
LocationReferencing;LaneEnum;busLane;Bus lane;In the bus lane.;;
LocationReferencing;LaneEnum;busStop;Bus stop;In the bus stop lane.;;
LocationReferencing;LaneEnum;carPoolLane;Car pool lane;In the carpool lane.;;
LocationReferencing;LaneEnum;centralReservation;Central reservation;On the central reservation separating the two directional carriageways of the highway.;;
LocationReferencing;LaneEnum;crawlerLane;Crawler lane;In the crawler lane - a lane that should be used by slower vehicles.;;
LocationReferencing;LaneEnum;cycleLane;Cycle lane;Part of a carriageway designated for cycles. A cycle lane is distinguished from the rest of the carriageway by longitudinal road markings.;;
LocationReferencing;LaneEnum;emergencyLane;Emergency lane;In the emergency lane.;;
LocationReferencing;LaneEnum;escapeLane;Escape lane;In the escape lane.;;
LocationReferencing;LaneEnum;expressLane;Express lane;In the express lane.;;
LocationReferencing;LaneEnum;hardShoulder;Hard shoulder;On the hard shoulder.;;
LocationReferencing;LaneEnum;heavyVehicleLane;Heavy vehicle lane;In the heavy vehicle lane.;;
LocationReferencing;LaneEnum;layBy;Lay by;In a lay-by.;;
LocationReferencing;LaneEnum;leftHandTurningLane;Left hand turning lane;In the left hand turning lane.;;
LocationReferencing;LaneEnum;leftLane;Left lane;In the left lane.;;
LocationReferencing;LaneEnum;localTrafficLane;Local traffic lane;In the local traffic lane.;;
LocationReferencing;LaneEnum;middleLane;Middle lane;In the middle lane.;;
LocationReferencing;LaneEnum;overtakingLane;Overtaking lane;In the overtaking lane.;;
LocationReferencing;LaneEnum;rightHandTurningLane;Right hand turning lane;In the right hand turning lane.;;
LocationReferencing;LaneEnum;rightLane;Right lane;In the right lane.;;
LocationReferencing;LaneEnum;rushHourLane;Rush hour lane;In the lane dedicated for use during the rush (peak) hour.;;
LocationReferencing;LaneEnum;setDownArea;Set down area;In the area/lane reserved for passenger pick-up or set-down.;;
LocationReferencing;LaneEnum;slowVehicleLane;Slow vehicle lane;In a lane dedicated to vehicles that are not permitted to exceed a fixed slow speed.;;
LocationReferencing;LaneEnum;throughTrafficLane;Through traffic lane;In the through traffic lane.;;
LocationReferencing;LaneEnum;tidalFlowLane;Tidal flow lane;In the lane dedicated for use as a tidal flow lane.;;
LocationReferencing;LaneEnum;turningLane;Turning lane;In the turning lane.;;
LocationReferencing;LaneEnum;verge;Verge;On the verge.;;
Parking;LayoutEnum;building;Building;A building;;
Parking;LayoutEnum;field;Field;A non-bituminized parking space (e.g. for events or as extension).;;
Parking;LayoutEnum;layBy;Lay by;An area along a road that offers temporarily parking.;;
Parking;LayoutEnum;nested;Nested;A parking space within a complex structure of buildings or surrounded by buildings.;;
Parking;LayoutEnum;openSpace;Open space;A normal ground level parking place.;;
LocationReferencing;LinearDirectionEnum;aligned;Aligned;Indicates that the direction of traffic flow affected by the situation or related to the traffic data is in the same sense as the direction in which the linear element is defined.;;
LocationReferencing;LinearDirectionEnum;both;Both;Indicates that both directions of traffic flow are affected by the situation or relate to the traffic data.;;
LocationReferencing;LinearDirectionEnum;opposite;Opposite;Indicates that the direction of traffic flow affected by the situation or related to the traffic data is in the opposite sense to the direction in which the linear element is defined.;;
LocationReferencing;LinearDirectionEnum;unknown;Unknown;Indicates that the direction of traffic flow affected by the situation or related to the traffic data is unknown.;;
LocationReferencing;LinearElementNatureEnum;other;Other;Other than as defined in this enumeration.;;
LocationReferencing;LinearElementNatureEnum;road;Road;The nature of the linear element is a road.;;
LocationReferencing;LinearElementNatureEnum;roadSection;Road section;The nature of the linear element is a section of a road.;;
LocationReferencing;LinearElementNatureEnum;slipRoad;Slip road;The nature of the linear element is a slip road.;;
Common;LoadTypeEnum;abnormalLoad;Abnormal load;A load that exceeds normal vehicle dimensions in terms of height, length, width, gross vehicle weight or axle weight or any combination of these. Generally termed an "abnormal load".;;
Common;LoadTypeEnum;ammunition;Ammunition;Ammunition.;;
Common;LoadTypeEnum;chemicals;Chemicals;Chemicals of unspecified type.;;
Common;LoadTypeEnum;combustibleMaterials;Combustible materials;Combustible materials of unspecified type.;;
Common;LoadTypeEnum;corrosiveMaterials;Corrosive materials;Corrosive materials of unspecified type.;;
Common;LoadTypeEnum;debris;Debris;Debris of unspecified type.;;
Common;LoadTypeEnum;empty;Empty;No load.;;
Common;LoadTypeEnum;explosiveMaterials;Explosive materials;Explosive materials of unspecified type.;;
Common;LoadTypeEnum;extraHighLoad;Extra high load;A load of exceptional height.;;
Common;LoadTypeEnum;extraLongLoad;Extra long load;A load of exceptional length.;;
Common;LoadTypeEnum;extraWideLoad;Extra wide load;A load of exceptional width.;;
Common;LoadTypeEnum;fuel;Fuel;Fuel of unspecified type.;;
Common;LoadTypeEnum;glass;Glass;Glass.;;
Common;LoadTypeEnum;goods;Goods;Any goods of a commercial nature.;;
Common;LoadTypeEnum;hazardousMaterials;Hazardous materials;Materials classed as being of a hazardous nature.;;
Common;LoadTypeEnum;liquid;Liquid;Liquid of an unspecified nature.;;
Common;LoadTypeEnum;livestock;Livestock;Livestock.;;
Common;LoadTypeEnum;materials;Materials;General materials of unspecified type.;;
Common;LoadTypeEnum;materialsDangerousForPeople;Materials dangerous for people;Materials classed as being of a danger to people or animals.;;
Common;LoadTypeEnum;materialsDangerousForTheEnvironment;Materials dangerous for the environment;Materials classed as being potentially dangerous to the environment.;;
Common;LoadTypeEnum;materialsDangerousForWater;Materials dangerous for water;Materials classed as being dangerous when exposed to water (e.g. materials which may react exothermically with water).;;
Common;LoadTypeEnum;oil;Oil;Oil.;;
Common;LoadTypeEnum;ordinary;Ordinary;Materials that present limited environmental or health risk. Non-combustible, non-toxic, non-corrosive.;;
Common;LoadTypeEnum;other;Other;Other than as defined in this enumeration.;;
Common;LoadTypeEnum;perishableProducts;Perishable products;Products or produce that will significantly degrade in quality or freshness over a short period of time.;;
Common;LoadTypeEnum;petrol;Petrol;Petrol or petroleum.;;
Common;LoadTypeEnum;pharmaceuticalMaterials;Pharmaceutical materials;Pharmaceutical materials.;;
Common;LoadTypeEnum;radioactiveMaterials;Radioactive materials;Materials that emit significant quantities of electro-magnetic radiation that may present a risk to people, animals or the environment.;;
Common;LoadTypeEnum;refrigeratedGoods;Refrigerated goods;Refrigerated goods.;;
Common;LoadTypeEnum;refuse;Refuse;Refuse.;;
Common;LoadTypeEnum;toxicMaterials;Toxic materials;Materials of a toxic nature which may damage the environment or endanger public health.;;
Common;LoadTypeEnum;vehicles;Vehicles;Vehicles of any type which are being transported.;;
Common;LowEmissionLevelEnum;freeOfEmission;Free of emission;Only vehicles that do not produce emissions (e.g. electric driven). Hybrid driven cars are allowed, when they switch to emission free mode within the considered situation.;;
Common;LowEmissionLevelEnum;lowLevelEmission;Low level emission;Vehicles with low level emission.;;
Situation;MaintenanceVehicleActionsEnum;maintenanceAction;Maintenance action;Maintenance vehicles are performing maintenance action;;
Situation;MaintenanceVehicleActionsEnum;maintenanceVehiclesMergingIntoTrafficFlow;Maintenance vehicles merging into traffic flow;Maintenance vehicles are merging into the traffic flow creating a potential hazard for road users.;;
Situation;MaintenanceVehicleActionsEnum;slowMoving;Slow moving;Maintenance vehicles are slow moving.;;
Situation;MaintenanceVehicleActionsEnum;stoppingToServiceEquipments;Stopping to service equipments;Maintenance vehicles are stopping to service equipments on or next to the roadway.;;
Facilities;MeansOfPaymentEnum;cashBillsOnly;Cash bills only;Cash payment using bills only.;;
Facilities;MeansOfPaymentEnum;cashCoinsAndBills;Cash coins and bills;Cash payment using bills and/or coins only.;;
Facilities;MeansOfPaymentEnum;cashCoinsOnly;Cash coins only;Cash payment with coins only.;;
Facilities;MeansOfPaymentEnum;mobileAccount;Mobile account;Payment method using an app or other functions typically via a smartphone to a linked bank or card account.;;
Facilities;MeansOfPaymentEnum;paymentCreditCard;Payment credit card;Payment by electronic payment credit card which is a small plastic card issued by a bank, building society, or other financial institution (ISO/IEC 7813 and other related standards), allowing the holder to purchase goods or services on credit.;;
Facilities;MeansOfPaymentEnum;paymentDebitCard;Payment debit card;Payment by electronic payment debit card which is a small plastic card (ISO/IEC 7813 and other related standards), allowing the holder to transfer money electronically from their bank account when making a purchase.;;
Facilities;MeansOfPaymentEnum;paymentValueCard;Payment value card;Payment by electronic payment debit card which is a small plastic card (ISO/IEC 7813 and other related standards) with a monetary value stored on the card itself, that may not be linked to an external account maintained by a financial institution.;;
Facilities;MeansOfPaymentEnum;prepay;Prepay;Advanced payment for parking right.;;
Facilities;MeansOfPaymentEnum;tollTag;Toll tag;Toll tag (RFID) or similar, with associated account.;;
Facilities;MeansOfPaymentEnum;unknown;Unknown;Unknown.;;
RoadTrafficData;MeasuredOrDerivedDataTypeEnum;humidityInformation;Humidity information;Measured or derived humidity information.;;
RoadTrafficData;MeasuredOrDerivedDataTypeEnum;individualVehicleMeasurements;Individual vehicle measurements;Measured or derived individual vehicle measurements.;;
RoadTrafficData;MeasuredOrDerivedDataTypeEnum;pollutionInformation;Pollution information;Measured or derived pollution information.;;
RoadTrafficData;MeasuredOrDerivedDataTypeEnum;precipitationInformation;Precipitation information;Measured or derived precipitation information.;;
RoadTrafficData;MeasuredOrDerivedDataTypeEnum;pressureInformation;Pressure information;Measured or derived pressure information.;;
RoadTrafficData;MeasuredOrDerivedDataTypeEnum;roadSurfaceConditionInformation;Road surface condition information;Measured or derived road surface conditions information.;;
RoadTrafficData;MeasuredOrDerivedDataTypeEnum;temperatureInformation;Temperature information;Measured or derived temperature information.;;
RoadTrafficData;MeasuredOrDerivedDataTypeEnum;trafficConcentration;Traffic concentration;Measured or derived traffic concentration information.;;
RoadTrafficData;MeasuredOrDerivedDataTypeEnum;trafficFlow;Traffic flow;Measured or derived traffic flow information.;;
RoadTrafficData;MeasuredOrDerivedDataTypeEnum;trafficGap;Traffic gap;Measured or derived traffic gap information.;;
RoadTrafficData;MeasuredOrDerivedDataTypeEnum;trafficHeadway;Traffic headway;Measured or derived traffic headway information.;;
RoadTrafficData;MeasuredOrDerivedDataTypeEnum;trafficSpeed;Traffic speed;Measured or derived traffic speed information.;;
RoadTrafficData;MeasuredOrDerivedDataTypeEnum;trafficStatusInformation;Traffic status information;Measured or derived traffic status information.;;
RoadTrafficData;MeasuredOrDerivedDataTypeEnum;travelTimeInformation;Travel time information;Measured or derived travel time information.;;
RoadTrafficData;MeasuredOrDerivedDataTypeEnum;visibilityInformation;Visibility information;Measured or derived visibility information.;;
RoadTrafficData;MeasuredOrDerivedDataTypeEnum;windInformation;Wind information;Measured or derived wind information.;;
Vms;MessageInformationTypeEnum;campaignMessage;Campaign message;Campaign type information which is non time specific that may request certain actions (e.g. "do not drink and drive") or which is intended to influence drivers' behaviour.;;
Vms;MessageInformationTypeEnum;dateTime;Date time;Current date and/or time information.;;
Vms;MessageInformationTypeEnum;futureInformation;Future information;Information which informs road users about future situations which can potentially cause congestion or influence future travel plans (e.g. future roadworks, closures, sporting events, public concerts, suspension of train or ferry services).;;
Vms;MessageInformationTypeEnum;instructionOrMessage;Instruction or message;Instructions or messages to road users which are relevant at the current time, (e.g. "do not throw out any burning objects" or an Amber alert message).;;
Vms;MessageInformationTypeEnum;situationWarning;Situation warning;Information warning of a current situation likely to affect traffic on the road ahead.;;
Vms;MessageInformationTypeEnum;temperature;Temperature;Temperature information.;;
Vms;MessageInformationTypeEnum;trafficManagement;Traffic management;Information comprising traffic management instructions.;;
Vms;MessageInformationTypeEnum;travelTime;Travel time;Travel time information.;;
Situation;MobilityTypeEnum;mobile;Mobile;The described element of a situation is moving.;;
Situation;MobilityTypeEnum;stationary;Stationary;The described element of a situation is stationary.;;
Situation;MobilityTypeEnum;unknown;Unknown;The mobility of the described element of a situation is unknown.;;
Common;MonthOfYearEnum;april;April;The month of April.;;
Common;MonthOfYearEnum;august;August;The month of August.;;
Common;MonthOfYearEnum;december;December;The month of December.;;
Common;MonthOfYearEnum;february;February;The month of February.;;
Common;MonthOfYearEnum;january;January;The month of January.;;
Common;MonthOfYearEnum;july;July;The month of July.;;
Common;MonthOfYearEnum;june;June;The month of June.;;
Common;MonthOfYearEnum;march;March;The month of March.;;
Common;MonthOfYearEnum;may;May;The month of May.;;
Common;MonthOfYearEnum;november;November;The month of November.;;
Common;MonthOfYearEnum;october;October;The month of October.;;
Common;MonthOfYearEnum;september;September;The month of September.;;
LocationReferencing;NamedAreaTypeEnum;applicationRegion;Application region;Application region;;
LocationReferencing;NamedAreaTypeEnum;carParkArea;Car park area;Car park area;;
LocationReferencing;NamedAreaTypeEnum;carpoolArea;Carpool area;Carpool area;;
LocationReferencing;NamedAreaTypeEnum;continent;Continent;Continent;;
LocationReferencing;NamedAreaTypeEnum;country;Country;Country;;
LocationReferencing;NamedAreaTypeEnum;countryGroup;Country group;Group of countries.;;
LocationReferencing;NamedAreaTypeEnum;fuzzyArea;Fuzzy area;Fuzzy area;;
LocationReferencing;NamedAreaTypeEnum;industrialArea;Industrial area;Industrial area;;
LocationReferencing;NamedAreaTypeEnum;lake;Lake;Lake;;
LocationReferencing;NamedAreaTypeEnum;meteorologicalArea;Meteorological area;Meteorological area;;
LocationReferencing;NamedAreaTypeEnum;metropolitanArea;Metropolitan area;Metropolitan area;;
LocationReferencing;NamedAreaTypeEnum;municipality;Municipality;Municipality;;
LocationReferencing;NamedAreaTypeEnum;order1AdministrativeArea;Order 1 administrative area;Order 1 administrative area;;
LocationReferencing;NamedAreaTypeEnum;order2AdministrativeArea;Order 2 administrative area;Order 2 administrative area;;
LocationReferencing;NamedAreaTypeEnum;order3AdministrativeArea;Order 3 administrative area;Order 3 administrative area;;
LocationReferencing;NamedAreaTypeEnum;order4AdministrativeArea;Order 4 administrative area;Order 4 administrative area;;
LocationReferencing;NamedAreaTypeEnum;order5AdministrativeArea;Order 5 administrative area;Order 5 administrative area;;
LocationReferencing;NamedAreaTypeEnum;parkAndRideSite;Park and ride site;A park and ride site;;
LocationReferencing;NamedAreaTypeEnum;policeForceControlArea;Police force control area;Police force control area;;
LocationReferencing;NamedAreaTypeEnum;roadOperatorControlArea;Road operator control area;Road operator control area;;
LocationReferencing;NamedAreaTypeEnum;ruralCounty;Rural county;Rural county;;
LocationReferencing;NamedAreaTypeEnum;sea;Sea;Sea;;
LocationReferencing;NamedAreaTypeEnum;touristArea;Tourist area;Tourist area;;
LocationReferencing;NamedAreaTypeEnum;trafficArea;Traffic area;Traffic area;;
LocationReferencing;NamedAreaTypeEnum;urbanCounty;Urban county;Urban county;;
LocationReferencing;NamedAreaTypeEnum;waterArea;Water area;Water area;;
Situation;NonWeatherRelatedRoadConditionTypeEnum;dieselOnRoad;Diesel on road;Increased skid risk due to diesel on the road.;;
Situation;NonWeatherRelatedRoadConditionTypeEnum;leavesOnRoad;Leaves on road;Increased skid risk due to leaves on road.;;
Situation;NonWeatherRelatedRoadConditionTypeEnum;looseChippings;Loose chippings;Increased skid risk and injury risk due to loose chippings on road.;;
Situation;NonWeatherRelatedRoadConditionTypeEnum;looseSandOnRoad;Loose sand on road;Increased skid risk due to loose sand on road.;;
Situation;NonWeatherRelatedRoadConditionTypeEnum;mudOnRoad;Mud on road;Increased skid risk due to mud on road.;;
Situation;NonWeatherRelatedRoadConditionTypeEnum;oilOnRoad;Oil on road;Increased skid risk due to oil on road.;;
Situation;NonWeatherRelatedRoadConditionTypeEnum;other;Other;Other than as defined in this enumeration.;;
Situation;NonWeatherRelatedRoadConditionTypeEnum;petrolOnRoad;Petrol on road;Increased skid risk due to petrol on road.;;
Situation;NonWeatherRelatedRoadConditionTypeEnum;roadMarkingNotPresent;Road marking not present;Road markings are not present due to maintenance works in progress;;
Situation;NonWeatherRelatedRoadConditionTypeEnum;roadSurfaceInPoorCondition;Road surface in poor condition;The road surface is damaged, severely rutted or potholed (i.e. it is in a poor state of repair).;;
Situation;NonWeatherRelatedRoadConditionTypeEnum;slipperyRoad;Slippery road;The road surface is slippery due to an unspecified non-weather related cause.;;
LocationReferencing;NutsCodeTypeEnum;lau1Code;LAU 1 code;LAU 1 code;;
LocationReferencing;NutsCodeTypeEnum;lau2Code;LAU 2 code;LAU 2 code;;
LocationReferencing;NutsCodeTypeEnum;nuts1Code;NUTS 1 code;NUTS 1 code;;
LocationReferencing;NutsCodeTypeEnum;nuts2Code;NUTS 2 code;NUTS 2 code;;
LocationReferencing;NutsCodeTypeEnum;nuts3Code;NUTS 3 code;NUTS 3 code;;
Situation;ObstructionTypeEnum;airCrash;Air crash;An air crash adjacent to the roadway which may cause traffic disruption.;;
Situation;ObstructionTypeEnum;childrenOnRoadway;Children on roadway;Children on the roadway which may cause traffic disruption.;;
Situation;ObstructionTypeEnum;clearanceWork;Clearance work;Clearance work associated with an earlier traffic problem which may cause traffic disruption.;;
Situation;ObstructionTypeEnum;craneOperating;Crane operating;A crane is operating either on or adjacent to the road which may cause an obstruction to traffic.;;
Situation;ObstructionTypeEnum;cyclistsOnRoadway;Cyclists on roadway;Cyclists on the roadway which may cause traffic disruption.;;
Situation;ObstructionTypeEnum;debris;Debris;Scattered fragments of wreckage or other material on the road.;;
Situation;ObstructionTypeEnum;explosion;Explosion;A situation where an explosive or incendiary device has gone off.;;
Situation;ObstructionTypeEnum;explosionHazard;Explosion hazard;A situation where there is danger of an explosion which may cause disruption to traffic.;;
Situation;ObstructionTypeEnum;hazardsOnTheRoad;Hazards on the road;Unspecified hazard(s) on the road which may cause traffic disruption.;;
Situation;ObstructionTypeEnum;incident;Incident;Incidents are chance occurrences involving vehicles from the traffic stream, which could present potential hazards to road users.  This item excludes accidents.;;
Situation;ObstructionTypeEnum;industrialAccident;Industrial accident;Industrial accident near the roadway which may cause traffic disruption.;;
Situation;ObstructionTypeEnum;objectOnTheRoad;Object on the road;The road may be obstructed or traffic hindered due to objects laying on the roadway.;;
Situation;ObstructionTypeEnum;objectsFallingFromMovingVehicle;Objects falling from moving vehicle;Objects falling from moving vehicles which are presenting a hazard to other vehicles.;;
Situation;ObstructionTypeEnum;obstructionOnTheRoad;Obstruction on the road;Unspecified obstruction on the roadway which may cause traffic disruption.;;
Situation;ObstructionTypeEnum;other;Other;Other than as defined in this enumeration.;;
Situation;ObstructionTypeEnum;peopleOnRoadway;People on roadway;People on the roadway which may cause traffic disruption.;;
Situation;ObstructionTypeEnum;railCrash;Rail crash;A rail crash adjacent to the roadway which may cause traffic disruption.;;
Situation;ObstructionTypeEnum;rescueAndRecoveryWork;Rescue and recovery work;Work is being undertaken by emergency services which may present a hazard to road users.;;
Situation;ObstructionTypeEnum;severeFrostDamagedRoadway;Severe frost damaged roadway;Severe frost damage to the roadway causing an obstruction to traffic.;;
Situation;ObstructionTypeEnum;shedLoad;Shed load;Spillage of transported goods on the roadway which may cause traffic disruption.;;
Situation;ObstructionTypeEnum;snowAndIceDebris;Snow and ice debris;Snow and ice debris on the roadway which may present a hazard to road users.;;
Situation;ObstructionTypeEnum;spillageOccurringFromMovingVehicle;Spillage occurring from moving vehicle;Substances are spilling out from a moving vehicle which is presenting a hazard to other road users.;;
Situation;ObstructionTypeEnum;spillageOnTheRoad;Spillage on the road;Includes all situations where a spillage has occurred on the roadway due to an earlier incident.;;
Situation;ObstructionTypeEnum;unprotectedAccidentArea;Unprotected accident area;An accident area which has not been protected and may present a hazard to road users.;;
LocationReferencing;OpenlrFormOfWayEnum;motorway;Motorway;Motorway;;
LocationReferencing;OpenlrFormOfWayEnum;multipleCarriageway;Multiple carriageway;Multiple carriageway;;
LocationReferencing;OpenlrFormOfWayEnum;other;Other;Other;;
LocationReferencing;OpenlrFormOfWayEnum;roundabout;Roundabout;Roundabout;;
LocationReferencing;OpenlrFormOfWayEnum;singleCarriageway;Single carriageway;Single carriageway;;
LocationReferencing;OpenlrFormOfWayEnum;slipRoad;Slip road;Slip road;;
LocationReferencing;OpenlrFormOfWayEnum;trafficSquare;Traffic square;Traffic square;;
LocationReferencing;OpenlrFormOfWayEnum;undefined;Undefined;Undefined;;
LocationReferencing;OpenlrFunctionalRoadClassEnum;frc0;FRC0;Main road, highest importance;;
LocationReferencing;OpenlrFunctionalRoadClassEnum;frc1;FRC1;First class road;;
LocationReferencing;OpenlrFunctionalRoadClassEnum;frc2;FRC2;Second class road;;
LocationReferencing;OpenlrFunctionalRoadClassEnum;frc3;FRC3;Third class road;;
LocationReferencing;OpenlrFunctionalRoadClassEnum;frc4;FRC4;Fourth class road;;
LocationReferencing;OpenlrFunctionalRoadClassEnum;frc5;FRC5;Fifth class road;;
LocationReferencing;OpenlrFunctionalRoadClassEnum;frc6;FRC6;Sixth class road;;
LocationReferencing;OpenlrFunctionalRoadClassEnum;frc7;FRC7;Other class road, lowest importance;;
LocationReferencing;OpenlrOrientationEnum;againstLineDirection;Against line direction;Against line direction;;
LocationReferencing;OpenlrOrientationEnum;both;Both;Both directions;;
LocationReferencing;OpenlrOrientationEnum;noOrientationOrUnknown;No orientation or unknown;No orientation or unknown;;
LocationReferencing;OpenlrOrientationEnum;withLineDirection;With line direction;With line direction;;
LocationReferencing;OpenlrSideOfRoadEnum;both;Both;On both sides of the road.;;
LocationReferencing;OpenlrSideOfRoadEnum;left;Left;On the left side of the road.;;
LocationReferencing;OpenlrSideOfRoadEnum;onRoadOrUnknown;On road or unknown;On road or unknown;;
LocationReferencing;OpenlrSideOfRoadEnum;right;Right;On the right side of the road.;;
Parking;OperatingRestrictionsEnum;busOnly;Bus only;Only buses are permitted.;;
Parking;OperatingRestrictionsEnum;busStop;Bus stop;This is a stopping place of bus pick-up or drop-off; not to be used for parking.;;
Parking;OperatingRestrictionsEnum;carpoolOnly;Carpool only;Only carpool vehicles are permitted.;;
Parking;OperatingRestrictionsEnum;commercialVehicleOnly;Commercial vehicle only;Only commercial vehicles are permitted.;;
Parking;OperatingRestrictionsEnum;disabledPersonPermitOnly;Disabled person permit only;Only vehicles of registered disabled person permit holders permitted.;;
Parking;OperatingRestrictionsEnum;electricVehicleOnly;Electric vehicle only;Only electric vehicles permitted.;;
Parking;OperatingRestrictionsEnum;freeParking;Free parking;No fee for parking;;
Parking;OperatingRestrictionsEnum;governmentVehicleOnly;Government vehicle only;Only government vehicles permitted.;;
Parking;OperatingRestrictionsEnum;loadingZone;Loading zone;This is a loading zone; not to be used for parking.;;
Parking;OperatingRestrictionsEnum;loadingZoneCommercial;Loading zone commercial;Only government vehicles permitted.;;
Parking;OperatingRestrictionsEnum;media;Media;Only for use by the media;;
Parking;OperatingRestrictionsEnum;noParking;No parking;No parking permitted;;
Parking;OperatingRestrictionsEnum;noWaiting;No waiting;No waiting or parking of vehicles is permitted;;
Parking;OperatingRestrictionsEnum;parkingTimeLimit;Parking time limit;Time limited parking.;;
Parking;OperatingRestrictionsEnum;residentialPermitOnly;Residential permit only;Only for use by residential permit holders only;;
Parking;OperatingRestrictionsEnum;snow;Snow;Snow clearing zone; no parking;;
Parking;OperatingRestrictionsEnum;streetCleaning;Street cleaning;Street cleansing zone; no parking;;
Parking;OperatingRestrictionsEnum;taxiOnly;Taxi only;Only taxis are permitted.;;
Parking;OperatingRestrictionsEnum;temporaryParking;Temporary parking;Parking is only allowed at the specified times (or, if no times are provided, in general not allowed all the time).;;
Parking;OperatingRestrictionsEnum;valetOnly;Valet only;Only valet service vehicles are permitted.;;
Facilities;OperationStatusEnum;inOperation;In operation;The specified element is in operation right now.;;
Facilities;OperationStatusEnum;limitedOperation;Limited operation;The specified element is in operation on a limited basis.;;
Facilities;OperationStatusEnum;notInOperation;Not in operation;The specified element is not operating right now.;;
Facilities;OperationStatusEnum;notInOperationAbnormal;Not in operation abnormal;The specified element is not operating due to abnormal conditions (holidays, restoration-works, long-term closure, ....).;;
Facilities;OperationStatusEnum;technicalDefect;Technical defect;The specified element is not in operation due to a technical defect.;;
Facilities;OperationStatusEnum;unknown;Unknown;There is no information about the operation status.;;
Situation;OperatorActionOriginEnum;external;External;Operator action originated externally to the authority which is taking the action.;;
Situation;OperatorActionOriginEnum;internal;Internal;Operator action originated within the authority which is taking the action.;;
Situation;OperatorActionStatusEnum;approved;Approved;The action has been approved by the recipient of the request but activity to implement the action has not yet commenced.;;
Situation;OperatorActionStatusEnum;beingImplemented;Being implemented;The action is in the process of being implemented.;;
Situation;OperatorActionStatusEnum;beingTerminated;Being terminated;The action is in the process of being terminated either because the action has reached the end of its validity period or because new circumstances have arisen and its termination has been requested, e.g. because of a traffic jam on the alternative route.;;
Situation;OperatorActionStatusEnum;implemented;Implemented;The action is fully implemented.;;
Situation;OperatorActionStatusEnum;rejected;Rejected;The action has been rejected by the recipient of the request and hence is not implemented.;;
Situation;OperatorActionStatusEnum;requested;Requested;A request, either internal or external, has been received to implement an action. It has neither been approved nor has any activity yet been undertaken to implement the action.;;
Situation;OperatorActionStatusEnum;terminationRequested;Termination requested;A request, either internal or external, has been received to terminate the action, but activity to terminate the action has not yet commenced.;;
EnergyInfrastructure;OrganicGasTypeEnum;all;All;All organic gases are available at the refill point;;
EnergyInfrastructure;OrganicGasTypeEnum;biogas;Biogas;A mixture of different gases produced by the breakdown of organic matter.;;
EnergyInfrastructure;OrganicGasTypeEnum;cng;CNG;CNG (Compressed Natural Gas);;
EnergyInfrastructure;OrganicGasTypeEnum;lng;LNG;LNG (Liquefied Natural Gas);;
EnergyInfrastructure;OrganicGasTypeEnum;lpg;LPG;LPG (Liquefied Petroleum Gas);;
EnergyInfrastructure;OrganicGasTypeEnum;other;Other;Other organic gases;;
EnergyInfrastructure;OrganicGasTypeEnum;unknown;Unknown;The type of gas is unknown.;;
Facilities;OrganisationTypeEnum;privateSector;Private sector;Private sector organisation.;;
Facilities;OrganisationTypeEnum;publicSector;Public sector;Public sector organisation.;;
Parking;ParkingConditionsEnum;normalParkingConditionsSuspended;Normal parking conditions suspended;The parking conditions (possibly including tariffs) that normally apply are temporarily suspended.;;
Parking;ParkingConditionsEnum;other;Other;Other.;;
Parking;ParkingConditionsEnum;specialParkingConditionsInForce;Special parking conditions in force;Parking conditions, other than those that normally apply, are currently in force for the parking site.;;
Parking;ParkingFaultEnum;barrierMalfunction;Barrier malfunction;The entrance or exit barrier(s) are malfunctioning causing access problems to vehicles.;;
Parking;ParkingFaultEnum;communicationsFailure;Communications failure;Communications failure affecting parking site.;;
Parking;ParkingFaultEnum;entranceExitObstructed;Entrance exit obstructed;One or more entrances or exits are obstructed to some degree causing access problems to vehicles.;;
Parking;ParkingFaultEnum;erroneousOccupancyDisplayed;Erroneous occupancy displayed;Occupancy information displayed on signs associated with parking site (e.g. at entrance) are erroneous.;;
Parking;ParkingFaultEnum;erroneousOccupancyInformation;Erroneous occupancy information;Occupancy information is subject to errors due to malfunctioning equipment.;;
Parking;ParkingFaultEnum;noParkingInformationAvailable;No parking information available;No parking information available.;;
Parking;ParkingFaultEnum;other;Other;Other than as defined in this enumeration.;;
Parking;ParkingFaultEnum;paymentMachinesInoperative;Payment machines inoperative;Payment machines are not functioning normally.;;
Parking;ParkingFaultEnum;reservationServiceOutOfOrder;Reservation service out of order;Reservation service out of order.;;
Parking;ParkingFaultEnum;unknown;Unknown;Unknown parking facility fault.;;
Parking;ParkingFaultEnum;unspecified;Unspecified;General fault of unspecified type.;;
Parking;ParkingModeEnum;echelonParking;Echelon parking;Parking spaces are located in a diagonal relation to the road.;;
Parking;ParkingModeEnum;other;Other;Other.;;
Parking;ParkingModeEnum;parallelParking;Parallel parking;Parking spaces are located parallel to the road.;;
Parking;ParkingModeEnum;parkingOnOppositeSideOfRoad;Parking on opposite side of road;Parking is possible on the other side of the road.;;
Parking;ParkingModeEnum;perpendicularParking;Perpendicular parking;Parking spaces are located in an angle of nearly 90 degrees to the road.;;
Parking;ParkingOccupancyEnum;expectCarParkToBeFull;Expect car park to be full;Expect car park to be full.;;
Parking;ParkingOccupancyEnum;full;Full;Full.;;
Parking;ParkingOccupancyEnum;percentage10;Percentage 10;10% full.;;
Parking;ParkingOccupancyEnum;percentage20;Percentage 20;20% full.;;
Parking;ParkingOccupancyEnum;percentage30;Percentage 30;30% full.;;
Parking;ParkingOccupancyEnum;percentage40;Percentage 40;40% full.;;
Parking;ParkingOccupancyEnum;percentage50;Percentage 50;50% full.;;
Parking;ParkingOccupancyEnum;percentage60;Percentage 60;60% full.;;
Parking;ParkingOccupancyEnum;percentage70;Percentage 70;70% full.;;
Parking;ParkingOccupancyEnum;percentage80;Percentage 80;80% full.;;
Parking;ParkingOccupancyEnum;percentage90;Percentage 90;90% full.;;
Parking;ParkingOccupancyEnum;unknown;Unknown;Unknown.;;
Parking;ParkingOccupancyTrendEnum;decreasing;Decreasing;Parking space occupancy is decreasing.;;
Parking;ParkingOccupancyTrendEnum;decreasingQuickly;Decreasing quickly;Parking space occupancy is decreasing quickly.;;
Parking;ParkingOccupancyTrendEnum;decreasingSlowly;Decreasing slowly;Parking space occupancy is decreasing slowly.;;
Parking;ParkingOccupancyTrendEnum;increasing;Increasing;Parking space occupancy is increasing.;;
Parking;ParkingOccupancyTrendEnum;increasingQuickly;Increasing quickly;Parking space occupancy is increasing quickly.;;
Parking;ParkingOccupancyTrendEnum;increasingSlowly;Increasing slowly;Parking space occupancy is increasing slowly.;;
Parking;ParkingOccupancyTrendEnum;other;Other;Other.;;
Parking;ParkingOccupancyTrendEnum;stable;Stable;Parking space occupancy is stable.;;
Parking;ParkingOccupancyTrendEnum;unknown;Unknown;Unknown.;;
Parking;ParkingPlaceStatusEnum;almostFull;Almost full;The parking site is almost full (as defined by its configuration parameters).;;
Parking;ParkingPlaceStatusEnum;full;Full;The parking site is full (as defined by its configuration parameters).;;
Parking;ParkingPlaceStatusEnum;fullAtEntrance;Full at entrance;The parking site is considered full at its entrance (e.g. full sign is displayed at entrance or on managing VMS).;;
Parking;ParkingPlaceStatusEnum;noOvercrowding;No overcrowding;The parking site is not overcrowded.;;
Parking;ParkingPlaceStatusEnum;other;Other;Other.;;
Parking;ParkingPlaceStatusEnum;overcrowding;Overcrowding;The parking site is overcrowding (as defined by its configuration parameters).;;
Parking;ParkingPlaceStatusEnum;overcrowdingLevel1;Overcrowding level 1;The parking site is overcrowding in level 1 (as defined by its configuration parameters).;;
Parking;ParkingPlaceStatusEnum;overcrowdingLevel2;Overcrowding level 2;The parking site is overcrowding in level 2 (as defined by its configuration parameters).;;
Parking;ParkingPlaceStatusEnum;spacesAvailable;Spaces available;Parking spaces are currently available.;;
Parking;ParkingPlaceStatusEnum;unknown;Unknown;The status of the parking site is unknown.;;
Parking;ParkingRouteOrientationEnum;awayFromParkingSite;Away from parking site;Away from parking site.;;
Parking;ParkingRouteOrientationEnum;towardsParkingSite;Towards parking site;Towards parking site.;;
Parking;ParkingRouteTypeEnum;bicycle;Bicycle;A parking route for bicycles.;;
Parking;ParkingRouteTypeEnum;lorry;Lorry;A parking route for lorries.;;
Parking;ParkingRouteTypeEnum;other;Other;Another type of parking route.;;
Parking;ParkingRouteTypeEnum;pedestrian;Pedestrian;A parking route for pedestrian.;;
Parking;ParkingSafetyEnum;clearDistinctionCarsHGV;Clear distinction cars HGV;Separate parking for cars and HGVs clearly indicated.;;
Parking;ParkingSafetyEnum;clearSafetySigns;Clear safety signs;Clear signs that promote a safe traffic situation at the Truck Parking Area. Signs preferably with pictograms.;;
Parking;ParkingSafetyEnum;emergencySafety;Emergency safety;Contingency plan / management available / emergency contacts known to the staff. Examples of contacts: police, fire brigade, first aid, doctor.;;
Parking;ParkingSafetyEnum;pedestrianSafety;Pedestrian safety;Pedestrian safety on Truck Parking Area.;;
Parking;ParkingSafetyEnum;safeDecelerationAndAcceleration;Safe deceleration and acceleration;Safe deceleration at entrance/ acceleration at exit.;;
Parking;ParkingSafetyEnum;seperatedDangerousGood;Seperated dangerous good;Separate dangerous goods parking and cargo registration.;;
Parking;ParkingSecurityEnum;areaSeperatedFromSurroundings;Area seperated from surroundings;Site is separated from its surroundings. Can also be used to express a space for noise-producing vehicles, e.g. lorries with cooling generators.;;
Parking;ParkingSecurityEnum;cctv;CCTV;CCTV (camera observation).;;
Parking;ParkingSecurityEnum;dog;Dog;Dog.;;
Parking;ParkingSecurityEnum;externalSecurity;External security;External security, e.g. police or staff not directly belonging to the parking.;;
Parking;ParkingSecurityEnum;fences;Fences;Fences.;;
Parking;ParkingSecurityEnum;floodLight;Flood light;Flood light (stronger than lighting).;;
Parking;ParkingSecurityEnum;guard24hours;Guard 24 hours;24/24 guard.;;
Parking;ParkingSecurityEnum;lighting;Lighting;Site is illuminated in a normal way (but not as strong as 'floodLight').;;
Parking;ParkingSecurityEnum;none;None;There are no security measures.;;
Parking;ParkingSecurityEnum;other;Other;None of the values in this enumeration applies. Use 'parkingAdditionalSecurity' instead.;;
Parking;ParkingSecurityEnum;securityStaff;Security staff;Security staff.;;
Parking;ParkingSecurityEnum;socialControl;Social control;Social control e.g. parking situated in a neighbourhood.;;
Parking;ParkingSecurityEnum;unknown;Unknown;Unknown.;;
Parking;ParkingSpaceConvenienceEnum;bordersMarked;Borders marked;The border of the parking space is marked (painted on the ground).;;
Parking;ParkingSpaceConvenienceEnum;extraSpaceLeftSide;Extra space left side;There is some extra space on the left side of the parking space (in parking direction point of view), for example to improve the situation for wheelchair users.;;
Parking;ParkingSpaceConvenienceEnum;extraSpaceRightSide;Extra space right side;There is some extra space on the right side of the parking space (in parking direction point of view), for example to improve the situation for wheelchair users.;;
Parking;ParkingSpaceConvenienceEnum;nearbyPedestrianExit;Nearby pedestrian exit;The parking space is quite near to a pedestrian exit. Note: Can be more exactly defined by using 'dedicatedAccess'.;;
Parking;ParkingSpaceConvenienceEnum;other;Other;Other.;;
Parking;ParkingSpaceOccupancyDetectionEnum;anpr;ANPR;Automated License Plate Recognition information is tracked for inbound and outbound traffic. The difference between in and out counts enables an occupancy count.;;
Parking;ParkingSpaceOccupancyDetectionEnum;balancing;Balancing;Counting and balancing incoming and outcoming traffic amount ('indirect' method).;;
Parking;ParkingSpaceOccupancyDetectionEnum;imageAnalytics;Image analytics;Image analytics are used to evaluate a picture with known parking space geography and computer vision is used to determine occupancy at a point in time.;;
Parking;ParkingSpaceOccupancyDetectionEnum;modelBased;Model based;Occupancy detection is based on some model, i.e. hydrograph, forecasting or estimation.;;
Parking;ParkingSpaceOccupancyDetectionEnum;none;None;No occupancy detection available.;;
Parking;ParkingSpaceOccupancyDetectionEnum;other;Other;Other.;;
Parking;ParkingSpaceOccupancyDetectionEnum;spaceSensor;Space sensor;A sensor in each space detects the presence of a vehicle.;;
Parking;ParkingSpaceOccupancyDetectionEnum;unknown;Unknown;Unknown.;;
Parking;ParkingSpaceOccupancyDetectionEnum;userDeclaration;User declaration;User self-declared, where the user enters a space identifier and/or vehicle registration number, typically at the start of a parking session.;;
Parking;ParkingSpaceOccupancyDetectionEnum;videoAnalytics;Video analytics;Video analytics are used to evaluate a video stream to identify objects (vehicles) and direction of travel. The difference between the inbound objects and outbound objects determines occupancy.;;
Parking;ParkingSpaceOccupancyDetectionEnum;videoSpace;Video space;Video analytics or ANPR technologies are used to evaluate a video stream with known space geometry to identify objects (vehicles or license plates) occupying specific spaces.;;
Parking;ParkingSpaceOccupancyDetectionEnum;visual;Visual;Operator/owner makes periodic visual counts of the facility.;;
Parking;ParkingStructuralCharacteristicsEnum;driveThrough;Drive through;Entering as well as leaving the parking space can be done straight in the direction of parking.;;
Parking;ParkingStructuralCharacteristicsEnum;evenSurface;Even surface;Even surface enables safe truck manoeuvring.;;
Parking;ParkingStructuralCharacteristicsEnum;kerbside;Kerbside;Parking on the kerbside.;;
Parking;ParkingStructuralCharacteristicsEnum;openAir;Open air;There is no roof and not another storey on top of the parking space, which could prevent from rain, for example.;;
Parking;ParkingStructuralCharacteristicsEnum;softShoulder;Soft shoulder;Parking on the soft shoulder.;;
Parking;ParkingSupervisionEnum;controlCentreOffSite;Control centre off site;Control centre off site.;;
Parking;ParkingSupervisionEnum;controlCentreOnSite;Control centre on site;Control centre on site.;;
Parking;ParkingSupervisionEnum;none;None;None.;;
Parking;ParkingSupervisionEnum;onSite;On site;On site.;;
Parking;ParkingSupervisionEnum;other;Other;Other.;;
Parking;ParkingSupervisionEnum;patrol;Patrol;Patrol.;;
Parking;ParkingSupervisionEnum;remote;Remote;Remote.;;
Parking;ParkingSupervisionEnum;unknown;Unknown;Unknown.;;
Parking;ParkingUsageScenarioEnum;automatedParkingGarage;Automated parking garage;Parking is completely automated from the point of leaving the vehicle in an arrival bay to its delivery back to the driver in a pickup bay.;;
Parking;ParkingUsageScenarioEnum;carSharing;Car sharing;A parking site for people who are sharing cars organised by a car sharing company.;;
Parking;ParkingUsageScenarioEnum;delivery;Delivery;Parking for delivery;;
Parking;ParkingUsageScenarioEnum;dropOff;Drop off;The parking site or space(s) are designed for drop off only.;;
Parking;ParkingUsageScenarioEnum;dropOffMechanical;Drop off mechanical;A mechanical drop off service.;;
Parking;ParkingUsageScenarioEnum;dropOffWithValet;Drop off with valet;A valet drop off service.;;
Parking;ParkingUsageScenarioEnum;eventParking;Event parking;Parking is associated with an event. Use 'eventParkingType' to specify the event.;;
Parking;ParkingUsageScenarioEnum;guidanceToAvailableSpaces;Guidance to available spaces;Specifies, if there is a (visual) guidance system within the parking site, which helps the drivers to find free spaces. Note: This is not a parking VMS or a parking route, which are usually located outside the parking site.;;
Parking;ParkingUsageScenarioEnum;kissAndRide;Kiss and ride;Parking site with possibility for very short parking to drop off (or drop on) passengers for public transport.;;
Parking;ParkingUsageScenarioEnum;liftshare;Liftshare;A parking site for people who are sharing their cars.;;
Parking;ParkingUsageScenarioEnum;motorwayParking;Motorway parking;The parking is located directly on a motorway or a similar type of road.;;
Parking;ParkingUsageScenarioEnum;nearbyMotorwayParking;Nearby motorway parking;The parking is located with some distance to a motorway or a similar type of road but focussed on travellers from this motorway.;;
Parking;ParkingUsageScenarioEnum;other;Other;Some other usage scenario.;;
Parking;ParkingUsageScenarioEnum;overnightParking;Overnight parking;The parking site or space(s) are designed for overnight parking. Note that the absence of this scenario does not automatically mean a prohibition of overnight parking. See also PermitsAndProhibitions.;;
Parking;ParkingUsageScenarioEnum;parkAndCycle;Park and cycle;A parking site for people who continue their journey by bike.;;
Parking;ParkingUsageScenarioEnum;parkAndDrive;Park and drive;Parking for users that share their cars.;;
Parking;ParkingUsageScenarioEnum;parkAndRide;Park and ride;Parking for public transport users.;;
Parking;ParkingUsageScenarioEnum;parkAndWalk;Park and walk;A parking site for people who continue to walk.;;
Parking;ParkingUsageScenarioEnum;poiParking;POI parking;Parking in relation or in the near of a point of interest;;
Parking;ParkingUsageScenarioEnum;restArea;Rest area;The parking site is associated with a rest area, i.e. people can relax some time outside their car there. Note that the presence of some bench, picnic place or toilet is already sufficient; there is no need for a restaurant or a building.;;
Parking;ParkingUsageScenarioEnum;serviceArea;Service area;The parking site is associated with a service area.;;
Parking;ParkingUsageScenarioEnum;specialLocation;Special location;The parking is connected to or part of a special location which can be specified by an extra attribute.;;
Parking;ParkingUsageScenarioEnum;staffGuidesToSpace;Staff guides to space;Staff guides to space.;;
Parking;ParkingUsageScenarioEnum;truckParking;Truck parking;The parking site is designed for lorries (other vehicles are allowed as well).;;
Parking;ParkingUsageScenarioEnum;vehicleLift;Vehicle lift;Vehicle lift;;
Parking;ParkingUsageScenarioEnum;zone;Zone;A parking zone.;;
Parking;ParkingVacantSpacesEnum;expectNoSpacesAvailable;Expect no spaces available;Expect no parking spaces available.;;
Parking;ParkingVacantSpacesEnum;lessThan10SpacesAvailable;Less than 10 spaces available;Less than 10 parking spaces available.;;
Parking;ParkingVacantSpacesEnum;lessThan20SpacesAvailable;Less than 20 spaces available;Less than 20 parking spaces available.;;
Parking;ParkingVacantSpacesEnum;lessThan30SpacesAvailable;Less than 30 spaces available;Less than 30 parking spaces available.;;
Parking;ParkingVacantSpacesEnum;lessThan40SpacesAvailable;Less than 40 spaces available;Less than 40 parking spaces available.;;
Parking;ParkingVacantSpacesEnum;lessThan50SpacesAvailable;Less than 50 spaces available;Less than 50 parking spaces available.;;
Parking;ParkingVacantSpacesEnum;noParkingSpacesAvailable;No parking spaces available;No parking spaces available.;;
Parking;ParkingVacantSpacesEnum;onlyAFewSpacesAvailable;Only a few spaces available;Only a few parking spaces available.;;
Parking;ParkingVacantSpacesEnum;other;Other;Other.;;
Parking;ParkingVacantSpacesEnum;unknown;Unknown;Unknown.;;
Facilities;PaymentBrandsEnum;americanExpress;American express;American Express;;
Facilities;PaymentBrandsEnum;applePay;Apple Pay;Apple pay;;
Facilities;PaymentBrandsEnum;cirrus;Cirrus;Cirrus;;
Facilities;PaymentBrandsEnum;dinersClub;Diners club;Diners Club;;
Facilities;PaymentBrandsEnum;discoverCard;Discover Card;Discover Card;;
Facilities;PaymentBrandsEnum;giroCard;girocard;Giro card;;
Facilities;PaymentBrandsEnum;maestro;Maestro;Maestro;;
Facilities;PaymentBrandsEnum;masterCard;Mastercard;Master Card;;
Facilities;PaymentBrandsEnum;other;Other;Another brand;;
Facilities;PaymentBrandsEnum;visa;Visa;Visa;;
Facilities;PaymentBrandsEnum;vpay;VPay;VPay;;
Facilities;PaymentTimingEnum;other;Other;Other.;;
Facilities;PaymentTimingEnum;payAfterExit;Pay after exit;Payment on account;;
Facilities;PaymentTimingEnum;payAndExit;Pay and exit;Pay directly at the exit with a payment card or other means of payment (usually, this payment card must have been used when entering as well). ;;
Facilities;PaymentTimingEnum;payOnEntry;Pay on entry;Pay at start of the parking session (e.g. for pay and display) ;;
Facilities;PaymentTimingEnum;payPriorToExit;Pay prior to exit;Pay at machine on foot prior to returning to vehicle and use payment ticket to exit.;;
Facilities;PaymentTimingEnum;prepay;Prepay;Pay before entry;;
Parking;PedestrianAccessStyleEnum;cargoShippingDoor;Cargo shipping door;Door/portal primarily intended for the handing and transfer of goods and cargo;;
Parking;PedestrianAccessStyleEnum;door;Door;Door/portal without special characteristics - general pedestrian access;;
Parking;PedestrianAccessStyleEnum;doorWithAccessCredential;Door with access credential;Door/portal with controlled access by use of defined credentials;;
Parking;PedestrianAccessStyleEnum;doorWithSecurityReview;Door with security review;Door/portal with controlled access by security staff inspection;;
Parking;PedestrianAccessStyleEnum;emergencyExitDoor;Emergency exit door;Door/portal primarily intended for use in emergency evacuations circumstances - may be internal within sub-areas of a place;;
Situation;PersonCategoryEnum;adult;Adult;Adult.;;
Situation;PersonCategoryEnum;child;Child;Child (age 4 to 17).;;
Situation;PersonCategoryEnum;emergencyServicesPerson;Emergency services person;A member of the emergency services, other than the police.;;
Situation;PersonCategoryEnum;fireman;Fireman;A member of the fire service.;;
Situation;PersonCategoryEnum;infant;Infant;Infant (age 0 to 3).;;
Situation;PersonCategoryEnum;medicalStaff;Medical staff;A member of the medical service.;;
Situation;PersonCategoryEnum;memberOfThePublic;Member of the public;A member of the general public.;;
Situation;PersonCategoryEnum;policeman;Policeman;A member of the police force.;;
Situation;PersonCategoryEnum;politician;Politician;A politician.;;
Situation;PersonCategoryEnum;publicTransportPassenger;Public transport passenger;A passenger on or from a public transport vehicle.;;
Situation;PersonCategoryEnum;sickPerson;Sick person;A sick person.;;
Situation;PersonCategoryEnum;trafficOfficer;Traffic officer;A traffic patrol officer of the road authority.;;
Situation;PersonCategoryEnum;trafficWarden;Traffic warden;A member of the local traffic warden service.;;
Situation;PersonCategoryEnum;veryImportantPerson;Very important person;A very important person.;;
EnergyInfrastructure;PetrolTypeEnum;all;All;All petrol types are available.;;
EnergyInfrastructure;PetrolTypeEnum;leaded;Leaded;leaded petrol;;
EnergyInfrastructure;PetrolTypeEnum;octane95;Octane 95;petrol with 95 octanes;;
EnergyInfrastructure;PetrolTypeEnum;octane98;Octane 98;petrol with 98 octanes;;
EnergyInfrastructure;PetrolTypeEnum;other;Other;other types of petrol;;
EnergyInfrastructure;PetrolTypeEnum;superE10;Super E10;Super E10 petrol;;
EnergyInfrastructure;PetrolTypeEnum;superE5;Super E5;Super E5 petrol;;
EnergyInfrastructure;PetrolTypeEnum;unknown;Unknown;The type of petrol is unknown.;;
EnergyInfrastructure;PetrolTypeEnum;unleaded;Unleaded;Unleaded petrol;;
RoadTrafficData;PhysicalQuantityFaultEnum;intermittentDataValues;Intermittent data values;Data values are being produced at intermittent intervals which are not consistent with the expected reporting interval.;;
RoadTrafficData;PhysicalQuantityFaultEnum;noDataValuesAvailable;No data values available;No measured or calculated data values are currently available.;;
RoadTrafficData;PhysicalQuantityFaultEnum;other;Other;Other than as defined in this enumeration.;;
RoadTrafficData;PhysicalQuantityFaultEnum;spuriousUnreliableDataValues;Spurious unreliable data values;Spurious or unreliable data values are being produced.;;
RoadTrafficData;PhysicalQuantityFaultEnum;unspecifiedOrUnknownFault;Unspecified or unknown fault;An unspecified or unknown fault exists in the process which is generating the measured or calculated data.;;
Vms;PhysicalSupportEnum;centralReservationMounted;Central reservation mounted;Equipment mounted in the central reservation.;;
Vms;PhysicalSupportEnum;gantryMounted;Gantry mounted;Equipment mounted on an overhead gantry across the carriageway.;;
Vms;PhysicalSupportEnum;overheadBridgeMounted;Overhead bridge mounted;Equipment mounted overhead on a bridge structure.;;
Vms;PhysicalSupportEnum;roadsideCantileverMounted;Roadside cantilever mounted;Equipment mounted on a cantilever from the roadside.;;
Vms;PhysicalSupportEnum;roadsideMounted;Roadside mounted;Equipment mounted at the roadside.;;
Vms;PhysicalSupportEnum;trailerMounted;Trailer mounted;Equipment mounted on a movable trailer.;;
Vms;PhysicalSupportEnum;tunnelEntranceMounted;Tunnel entrance mounted;Equipment mounted on the entrance to a tunnel.;;
Vms;PhysicalSupportEnum;vehicleMounted;Vehicle mounted;Equipment mounted on a vehicle.;;
Vms;PictogramEnum;blankVoid;Blank void;Blank or void.;;
Vms;PictogramEnum;bridgeClosed;Bridge closed;Bridge closed.;;
Vms;PictogramEnum;carParkFull;Car park full;Car park full.;;
Vms;PictogramEnum;carParkSpacesAvailable;Car park spaces available;Spaces available in car park.;;
Vms;PictogramEnum;corridorForEmergencyVehicleAccess;Corridor for emergency vehicle access;Corridor for emergency vehicle access;;
Vms;PictogramEnum;curveArrowToLeft;Curve arrow to left;Single curve arrow to the left corresponding to an exit (without fork).;;
Vms;PictogramEnum;curveArrowToRight;Curve arrow to right;Single curve arrow to the right corresponding to an exit (without fork).;;
Vms;PictogramEnum;dangerOfFire;Danger of fire;Danger of fire.;;
Vms;PictogramEnum;doubleExitToLeft;Double exit to left;Triple arrow corresponding to two sequential exits to the left.;;
Vms;PictogramEnum;doubleExitToRight;Double exit to right;Triple arrow corresponding to two sequential exits to the right.;;
Vms;PictogramEnum;endOfAdvisorySpeed;End of advisory speed;End of advisory speed.;;
Vms;PictogramEnum;fastenChildrensSeatBelts;Fasten childrens seat belts;Fasten the seat belts of children.;;
Vms;PictogramEnum;fastenYourSeatBelt;Fasten your seat belt;Fasten your seat belt.;;
Vms;PictogramEnum;fire;Fire;Fire.;;
Vms;PictogramEnum;footballMatch;Football match;Football match (current or anticipated disruption due to football match).;;
Vms;PictogramEnum;hardShoulderNotRunning;Hard shoulder not running;The hard shoulder is not being used as a regular traffic lane but is reserved as a hard shoulder.;;
Vms;PictogramEnum;hardShoulderRunning;Hard shoulder running;The hard shoulder is being used as a regular traffic lane i.e. the lane is not acting as a hard shoulder.;;
Vms;PictogramEnum;horizontalDiversionToLeft;Horizontal diversion to left;Correspond to the horizontal orange (to the left) sign for diversion;;
Vms;PictogramEnum;horizontalDiversionToRight;Horizontal diversion to right;Correspond to the horizontal orange (to the right) sign for diversion;;
Vms;PictogramEnum;keepASafeDistance;Keep a safe distance;Keep a safe distance.;;
Vms;PictogramEnum;keepLeft;Keep left;Keep left.;;
Vms;PictogramEnum;keepRight;Keep right;Keep right.;;
Vms;PictogramEnum;lane1ClosedOf2;Lane 1 closed of 2;Lane 1 closed on a 2 lane carriageway. Lanes numbered from nearside (next to hard shoulder on motorway) to central median.;;
Vms;PictogramEnum;lane1ClosedOf3;Lane 1 closed of 3;Lane 1 closed on a 3 lane carriageway. Lanes numbered from nearside (next to hard shoulder on motorway) to central median.;;
Vms;PictogramEnum;lane1ClosedOf4;Lane 1 closed of 4;Lane 1 closed on a 4 lane carriageway. Lanes numbered from nearside (next to hard shoulder on motorway) to central median.;;
Vms;PictogramEnum;lane2ClosedOf2;Lane 2 closed of 2;Lane 2 closed on a 2 lane carriageway. Lanes numbered from nearside (next to hard shoulder on motorway) to central median.;;
Vms;PictogramEnum;lane3ClosedOf3;Lane 3 closed of 3;Lane 3 closed on a 3 lane carriageway. Lanes numbered from nearside (next to hard shoulder on motorway) to central median.;;
Vms;PictogramEnum;lane4ClosedOf4;Lane 4 closed of 4;Lane 4 closed on a 4 lane carriageway. Lanes numbered from nearside (next to hard shoulder on motorway) to central median.;;
Vms;PictogramEnum;lanes1And2And3ClosedOf4;Lanes 1 and 2 and 3 closed of 4;Lanes 1, 2 and 3 closed on a 4 lane carriageway. Lanes numbered from nearside (next to hard shoulder on motorway) to central median.;;
Vms;PictogramEnum;lanes1And2ClosedOf3;Lanes 1 and 2 closed of 3;Lanes 1 and 2 closed on a 3 lane carriageway. Lanes numbered from nearside (next to hard shoulder on motorway) to central median.;;
Vms;PictogramEnum;lanes1And2ClosedOf4;Lanes 1 and 2 closed of 4;Lanes 1 and 2 closed on a 4 lane carriageway. Lanes numbered from nearside (next to hard shoulder on motorway) to central median.;;
Vms;PictogramEnum;lanes2And3And4ClosedOf4;Lanes 2 and 3 and 4 closed of 4;Lanes 2, 3 and 4 closed on a 4 lane carriageway. Lanes numbered from nearside (next to hard shoulder on motorway) to central median.;;
Vms;PictogramEnum;lanes2And3ClosedOf3;Lanes 2 and 3 closed of 3;Lanes 2 and 3 closed on a 3 lane carriageway. Lanes numbered from nearside (next to hard shoulder on motorway) to central median.;;
Vms;PictogramEnum;lanes3And4ClosedOf4;Lanes 3 and 4 closed of 4;Lanes 3 and 4 closed on a 4 lane carriageway. Lanes numbered from nearside (next to hard shoulder on motorway) to central median.;;
Vms;PictogramEnum;leftHandLaneClosed;Left hand lane closed;Left-hand lane closed ahead.;;
Vms;PictogramEnum;narrowLanesAhead;Narrow lanes ahead;Narrow lanes ahead.;;
Vms;PictogramEnum;obliqueArrowToLeft;Oblique arrow to left;Single oblique straight arrow to the left corresponding to an exit (without fork).;;
Vms;PictogramEnum;obliqueArrowToRight;Oblique arrow to right;Single oblique straight arrow to the right corresponding to an exit (without fork).;;
Vms;PictogramEnum;other;Other;Other than as defined in this enumeration.;;
Vms;PictogramEnum;pollutionOrSmogAlert;Pollution or smog alert;Pollution or smog alert.;;
Vms;PictogramEnum;rightHandLaneClosed;Right hand lane closed;Right-hand lane closed ahead.;;
Vms;PictogramEnum;singleExitToLeft;Single exit to left;Double arrow corresponding to a single exit to the left.;;
Vms;PictogramEnum;singleExitToRight;Single exit to right;Double arrow corresponding to a single exit to the right.;;
Vms;PictogramEnum;smoke;Smoke;Smoke.;;
Vms;PictogramEnum;snowPloughInAction;Snow plough in action;Snow plough(s) in action.;;
Vms;PictogramEnum;speedCamerasInAction;Speed cameras in action;Speed cameras in action.;;
Vms;PictogramEnum;straightVerticalArrow;Straight vertical arrow;Straight vertical arrow (towards top).;;
Vms;PictogramEnum;trafficDeviatedToOppositeCarriagewayAhead;Traffic deviated to opposite carriageway ahead;All traffic is diverted to the opposite carriageway ahead in a contraflow layout.;;
Vms;PictogramEnum;trafficPartiallyDeviatedToOppositeCarriagewayAhead;Traffic partially deviated to opposite carriageway ahead;Traffic is partially diverted to the opposite carriageway ahead in a contraflow layout.;;
Vms;PictogramEnum;tunnelClosed;Tunnel closed;Tunnel closed.;;
Vms;PictogramEnum;verticalDiversion;Vertical diversion;Correspond to the vertical orange sign for diversion.;;
Situation;PlacesEnum;aroundBendsInTheRoad;Around bends in the road;Around bends in the road.;;
Situation;PlacesEnum;atCustomsPosts;At customs posts;At customs posts.;;
Situation;PlacesEnum;atHighAltitudes;At high altitudes;At high altitudes.;;
Situation;PlacesEnum;atRestAreas;At rest areas;At rest areas;;
Situation;PlacesEnum;atServiceAreas;At service areas;At service areas;;
Situation;PlacesEnum;atTollPlazas;At toll plazas;At toll plazas.;;
Situation;PlacesEnum;inBuiltUpAreas;In built up areas;In built up areas, i.e. villages, towns and cities.;;
Situation;PlacesEnum;inContraflowSections;In contraflow sections;In sections of the road where contraflow is in operation.;;
Situation;PlacesEnum;inForestedAreas;In forested areas;On sections of the road where it runs through or adjacent to forested areas.;;
Situation;PlacesEnum;inGalleries;In galleries;In galleries.;;
Situation;PlacesEnum;inLowLyingAreas;In low lying areas;In low lying areas.;;
Situation;PlacesEnum;inRoadworksAreas;In roadworks areas;In roadworks areas.;;
Situation;PlacesEnum;inRuralAreas;In rural areas;In rural areas, i.e. outside villages, towns and cities.;;
Situation;PlacesEnum;inShadedAreas;In shaded areas;In shaded areas.;;
Situation;PlacesEnum;inTheCityCentre;In the city centre;In the city centre.;;
Situation;PlacesEnum;inTheInnerCityAreas;In the inner city areas;In the inner city areas.;;
Situation;PlacesEnum;inTunnels;In tunnels;In tunnels.;;
Situation;PlacesEnum;onBridges;On bridges;On bridges.;;
Situation;PlacesEnum;onDownHillSections;On down hill sections;On down hill sections of the road.;;
Situation;PlacesEnum;onDualCarriagewaySections;On dual carriageway sections;On dual carriageway sections of the road.;;
Situation;PlacesEnum;onElevatedSections;On elevated sections;On elevated sections of the road.;;
Situation;PlacesEnum;onEnteringOrLeavingTunnels;On entering or leaving tunnels;On entering or leaving tunnels.;;
Situation;PlacesEnum;onEnteringTheCountry;On entering the country;On entry into the country.;;
Situation;PlacesEnum;onFlyovers;On flyovers;On flyover sections of the road, i.e. sections of the road which pass over another road.;;
Situation;PlacesEnum;onLeavingTheCountry;On leaving the country;On leaving the country.;;
Situation;PlacesEnum;onMotorways;On motorways;On motorways.;;
Situation;PlacesEnum;onNonMotorways;On non motorways;On non motorways.;;
Situation;PlacesEnum;onPasses;On passes;On mountain passes.;;
Situation;PlacesEnum;onRoundabouts;On roundabouts;On roundabouts.;;
Situation;PlacesEnum;onSingleCarriagewaySections;On single carriageway sections;On single carriageway sections of the road.;;
Situation;PlacesEnum;onSlipRoads;On slip roads;On slip roads.;;
Situation;PlacesEnum;onUndergroundSections;On underground sections;On underground sections of the road.;;
Situation;PlacesEnum;onUnderpasses;On underpasses;On underpasses, i.e. sections of the road which pass under another road.;;
Situation;PlacesEnum;onUpHillSections;On up hill sections;On hill sections of the road.;;
Situation;PlacesEnum;other;Other;Other than as defined in this enumeration.;;
Situation;PlacesEnum;overTheCrestOfHills;Over the crest of hills;Over the crest of hills.;;
Common;PollutantTypeEnum;benzeneTolueneXylene;Benzene toluene xylene;Benzene, toluene or xylene.;;
Common;PollutantTypeEnum;carbonMonoxide;Carbon monoxide;Carbon monoxide.;;
Common;PollutantTypeEnum;lead;Lead;Lead.;;
Common;PollutantTypeEnum;methane;Methane;Methane.;;
Common;PollutantTypeEnum;nitricOxide;Nitric oxide;Nitric oxide.;;
Common;PollutantTypeEnum;nitrogenDioxide;Nitrogen dioxide;Nitrogen dioxide.;;
Common;PollutantTypeEnum;nitrogenMonoxide;Nitrogen monoxide;Nitrogen monoxide.;;
Common;PollutantTypeEnum;nitrogenOxides;Nitrogen oxides;Nitrogen oxides.;;
Common;PollutantTypeEnum;nonMethaneHydrocarbons;Non methane hydrocarbons;Non-methane hydrocarbons.;;
Common;PollutantTypeEnum;ozone;Ozone;Ozone.;;
Common;PollutantTypeEnum;particulates10;Particulates 10;Particulate matter which passes through a size-selective inlet with a 50% cut-off efficiency at an aerodynamic diameter of 10 µm (micrometres).;;
Common;PollutantTypeEnum;polycyclicAromaticHydrocarbons;Polycyclic aromatic hydrocarbons;Polycyclic aromatic hydrocarbons.;;
Common;PollutantTypeEnum;primaryParticulate;Primary particulate;Primary particulate particles.;;
Common;PollutantTypeEnum;sulphurDioxide;Sulphur dioxide;Sulphur dioxide.;;
Common;PollutantTypeEnum;totalHydrocarbons;Total hydrocarbons;Total hydrocarbons, i.e. including methane and non-methane.;;
Situation;PoorEnvironmentTypeEnum;badWeather;Bad weather;Adverse weather conditions are affecting driving conditions.;;
Situation;PoorEnvironmentTypeEnum;blizzard;Blizzard;Heavy snowfall in combination with strong winds, limiting visibility to 50m or less.;;
Situation;PoorEnvironmentTypeEnum;blowingDust;Blowing dust;Dust blowing across the roadway causing significantly reduced visibility.;;
Situation;PoorEnvironmentTypeEnum;blowingSnow;Blowing snow;Fallen snow moving due to the forces of wind.;;
Situation;PoorEnvironmentTypeEnum;crosswinds;Crosswinds;Strong cross winds across the direction of the roadway (e.g. on a ridge or bridge).;;
Situation;PoorEnvironmentTypeEnum;damagingHail;Damaging hail;Large falling ice pellets or frozen rain capable of causing injury or damage to property.;;
Situation;PoorEnvironmentTypeEnum;denseFog;Dense fog;Dense fog, limiting visibility to 50m or less.;;
Situation;PoorEnvironmentTypeEnum;eclipse;Eclipse;Eclipse, either partial or full, of the sun causing low light levels during normal daylight period.;;
Situation;PoorEnvironmentTypeEnum;extremeCold;Extreme cold;Abnormally low temperatures.;;
Situation;PoorEnvironmentTypeEnum;extremeHeat;Extreme heat;Abnormally high expected maximum temperature.;;
Situation;PoorEnvironmentTypeEnum;fog;Fog;Fog, visibility more than 50m.;;
Situation;PoorEnvironmentTypeEnum;freezingFog;Freezing fog;Fog, in conjunction with sub-zero air temperatures causing possible freezing of road surface.;;
Situation;PoorEnvironmentTypeEnum;frost;Frost;Frost can be expected.;;
Situation;PoorEnvironmentTypeEnum;gales;Gales;Winds between 60 km/h and 90 km/h.;;
Situation;PoorEnvironmentTypeEnum;gustyWinds;Gusty winds;Constantly varying winds, significant at times.;;
Situation;PoorEnvironmentTypeEnum;hail;Hail;Falling ice pellets or frozen rain.;;
Situation;PoorEnvironmentTypeEnum;heavyFrost;Heavy frost;A thick coating of frost can be expected.;;
Situation;PoorEnvironmentTypeEnum;heavyRain;Heavy rain;Heavy rainfall, limiting visibility to 50m or less.;;
Situation;PoorEnvironmentTypeEnum;heavySnowfall;Heavy snowfall;Dense falling snow, limiting visibility to 50m or less.;;
Situation;PoorEnvironmentTypeEnum;hurricaneForceWinds;Hurricane force winds;Winds over 120 km/h.;;
Situation;PoorEnvironmentTypeEnum;lowSunGlare;Low sun glare;Difficult visibility conditions created by low elevation sunlight.;;
Situation;PoorEnvironmentTypeEnum;moderateFog;Moderate fog;Misty conditions impairing vision over 100m.;;
Situation;PoorEnvironmentTypeEnum;nearbyFire;Nearby fire;Fire near the road affecting driving conditions and/or significantly reduced visibility;;
Situation;PoorEnvironmentTypeEnum;nearbyFlooding;Nearby flooding;Flooding near the road risking to affect driving conditions;;
Situation;PoorEnvironmentTypeEnum;ozonePollution;Ozone pollution;High concentrations of ozone are present.;;
Situation;PoorEnvironmentTypeEnum;patchyFog;Patchy fog;Fog, in which intermittent areas of dense fog may be encountered.;;
Situation;PoorEnvironmentTypeEnum;pollution;Pollution;Pollution of an unspecified nature.;;
Situation;PoorEnvironmentTypeEnum;precipitationInTheArea;Precipitation in the area;Unspecified precipitation is falling on the area.;;
Situation;PoorEnvironmentTypeEnum;rain;Rain;Rain, visibility more than 50m.;;
Situation;PoorEnvironmentTypeEnum;rainChangingToSnow;Rain changing to snow;Falling rain is changing to snow.;;
Situation;PoorEnvironmentTypeEnum;sandStorms;Sand storms;Sand blowing across the roadway causing significantly reduced visibility.;;
Situation;PoorEnvironmentTypeEnum;severeExhaustPollution;Severe exhaust pollution;Pollution from exhaust fumes has reached a level sufficient to cause concern.;;
Situation;PoorEnvironmentTypeEnum;severeSmog;Severe smog;Environmental warning of very poor air quality resulting from smog.;;
Situation;PoorEnvironmentTypeEnum;showers;Showers;Light rain or intermittent rain.;;
Situation;PoorEnvironmentTypeEnum;sleet;Sleet;Rain mingled with snow or hail.;;
Situation;PoorEnvironmentTypeEnum;smogAlert;Smog alert;Environmental warning of poor air quality resulting from smog.;;
Situation;PoorEnvironmentTypeEnum;smokeHazard;Smoke hazard;Smoke drifting across the roadway causing significantly reduced visibility.;;
Situation;PoorEnvironmentTypeEnum;snowChangingToRain;Snow changing to rain;Falling snow is changing to rain.;;
Situation;PoorEnvironmentTypeEnum;snowfall;Snowfall;Falling snow, visibility more than 50m.;;
Situation;PoorEnvironmentTypeEnum;sprayHazard;Spray hazard;Reduced visibility resulting from spray created by moving vehicles on a wet roadway.;;
Situation;PoorEnvironmentTypeEnum;stormForceWinds;Storm force winds;Winds between 90 km/h and 120 km/h.;;
Situation;PoorEnvironmentTypeEnum;strongGustsOfWind;Strong gusts of wind;Constantly varying winds, strong at times.;;
Situation;PoorEnvironmentTypeEnum;strongWinds;Strong winds;Winds between 40 km/h and 60 km/h.;;
Situation;PoorEnvironmentTypeEnum;swarmsOfInsects;Swarms of insects;Large numbers of insects which create a hazard for road users through reduced visibility.;;
Situation;PoorEnvironmentTypeEnum;temperatureFalling;Temperature falling;The temperature is falling significantly.;;
Situation;PoorEnvironmentTypeEnum;thunderstorms;Thunderstorms;Electrical storms, generally with heavy rain.;;
Situation;PoorEnvironmentTypeEnum;tornadoes;Tornadoes;Very violent, whirling windstorms affecting narrow strips of country.;;
Situation;PoorEnvironmentTypeEnum;veryStrongGustsOfWind;Very strong gusts of wind;Constantly varying winds, very strong at times.;;
Situation;PoorEnvironmentTypeEnum;visibilityReduced;Visibility reduced;Environmental conditions causing reduced visibility.;;
Situation;PoorEnvironmentTypeEnum;whiteOut;White out;Falling snow in blizzard conditions resulting in very reduced visibility.;;
Situation;PoorEnvironmentTypeEnum;winterStorm;Winter storm;Heavy rain, sleet, hail and/or snow in combination with strong winds, limiting visibility to 50m or less.;;
LocationReferencing;PositionConfidenceCodedErrorEnum;outOfRange;Out of range;Indicates the accuracy is out of range, i.e. greater than 4 093 cm for horizontal position.;;
LocationReferencing;PositionConfidenceCodedErrorEnum;unavailable;Unavailable;Indicates the accuracy information is unavailable.;;
Vms;PositionXAbsoluteEnum;inTheMiddle;In the middle;In the middle of the assigned space.;;
Vms;PositionXAbsoluteEnum;onLeft;On left;On the left of the assigned space.;;
Vms;PositionXAbsoluteEnum;onRight;On right;On the right of the assigned space.;;
Vms;PositionXRelativeEnum;alignedOnTheLeftSide;Aligned on the left side;The left side of the area is aligned on the left side of the relative area.;;
Vms;PositionXRelativeEnum;alignedOnTheRightSide;Aligned on the right side;The right side of the area is aligned on the right side of the relative area.;;
Vms;PositionXRelativeEnum;centred;Centred;The area is vertically centred on the relative area.;;
Vms;PositionXRelativeEnum;toTheLeft;To the left;Positioned to the left of relative item.;;
Vms;PositionXRelativeEnum;toTheRight;To the right;Positioned to the right of relative item.;;
Vms;PositionYAbsoluteEnum;atBottom;At bottom;At the bottom of the assigned space.;;
Vms;PositionYAbsoluteEnum;atTop;At top;At the top of the assigned space.;;
Vms;PositionYAbsoluteEnum;inTheMiddle;In the middle;In the middle of the assigned space.;;
Vms;PositionYRelativeEnum;above;Above;Positioned above relative item.;;
Vms;PositionYRelativeEnum;alignedOnTheBottomSide;Aligned on the bottom side;The bottom side of the area is aligned on the bottom side of the relative area.;;
Vms;PositionYRelativeEnum;alignedOnTheTopSide;Aligned on the top side;The top side of the area is aligned on the top side of the relative area.;;
Vms;PositionYRelativeEnum;below;Below;Positioned below relative item.;;
Vms;PositionYRelativeEnum;centred;Centred;The area is horizontally centred on the relative area.;;
Common;PrecipitationIntensityEnum;heavy;Heavy;Heavy precipitation.;;
Common;PrecipitationIntensityEnum;light;Light;Light precipitation.;;
Common;PrecipitationIntensityEnum;moderate;Moderate;Moderate precipitation.;;
Common;PrecipitationIntensityEnum;noPhenomena;No phenomena;No precipitation phenomena.;;
Common;PrecipitationIntensityEnum;severe;Severe;#;;
Common;PrecipitationIntensityEnum;violent;Violent;Violent precipitation.;;
Common;PrecipitationTypeEnum;clearIce;Clear ice;Clear ice.;;
Common;PrecipitationTypeEnum;dew;Dew;Dew.;;
Common;PrecipitationTypeEnum;diamondDust;Diamond dust;Diamond dust.;;
Common;PrecipitationTypeEnum;drizzle;Drizzle;Light, fine rain.;;
Common;PrecipitationTypeEnum;freezingRain;Freezing rain;Freezing rain.;;
Common;PrecipitationTypeEnum;glaze;Glaze;Glaze.;;
Common;PrecipitationTypeEnum;hail;Hail;Small balls of ice and compacted snow.;;
Common;PrecipitationTypeEnum;hardRime;Hard rime;Hard rime.;;
Common;PrecipitationTypeEnum;hoarFrost;Hoar frost;Hoar frost.;;
Common;PrecipitationTypeEnum;iceCrystals;Ice crystals;Ice crystals.;;
Common;PrecipitationTypeEnum;icePellets;Ice pellets;Ice pellets.;;
Common;PrecipitationTypeEnum;liquidFreezing;Liquid freezing;Liquid, freezing precipitation.;;
Common;PrecipitationTypeEnum;liquidNotFreezing;Liquid not freezing;Liquid precipitation but not freezing.;;
Common;PrecipitationTypeEnum;noPrecipitation;No precipitation;No precipitation.;;
Common;PrecipitationTypeEnum;rain;Rain;Rain.;;
Common;PrecipitationTypeEnum;rime;Rime;Rime.;;
Common;PrecipitationTypeEnum;sleet;Sleet;Wet snow mixed with rain.;;
Common;PrecipitationTypeEnum;smallHail;Small hail;Small Hail.;;
Common;PrecipitationTypeEnum;snow;Snow;Snow.;;
Common;PrecipitationTypeEnum;snowGrains;Snow grains;Snow grains.;;
Common;PrecipitationTypeEnum;snowPellets;Snow pellets; Snow pellets.;;
Common;PrecipitationTypeEnum;softRime;Soft rime;Soft rime.;;
Common;PrecipitationTypeEnum;solid;Solid;Solid precipitation.;;
Common;PrecipitationTypeEnum;unknown;Unknown;Unknown type of precipitation.;;
Common;PrecipitationTypeEnum;wetSnow;Wet snow;Wet snow.;;
Common;PrecipitationTypeEnum;whiteDev;White dev;White Dev.;;
EnergyInfrastructure;PricingPolicyEnum;contract;Contract;A contract defines the pricing.;;
EnergyInfrastructure;PricingPolicyEnum;flatRate;Flat rate;Customers can or must have (depends on other available options) a flatrate to use the RefillPoint.;;
EnergyInfrastructure;PricingPolicyEnum;free;Free;Charging is free.;;
EnergyInfrastructure;PricingPolicyEnum;other;Other;Other method of pricing.;;
EnergyInfrastructure;PricingPolicyEnum;pricePerChargingTime;Price per charging time;The charging time defines the price.;;
EnergyInfrastructure;PricingPolicyEnum;pricePerDeliveryUnit;Price per delivery unit;The amount of delivery units (see DeliveryUnitEnum) defines the price.;;
EnergyInfrastructure;PricingPolicyEnum;unknown;Unknown;The pricing details are unknown.;;
Situation;ProbabilityOfOccurrenceEnum;certain;Certain;The source is completely certain of the occurrence of the situation record version content.;;
Situation;ProbabilityOfOccurrenceEnum;probable;Probable;The source has a reasonably high level of confidence of the occurrence of the situation record version content.;;
Situation;ProbabilityOfOccurrenceEnum;riskOf;Risk of;The source has a moderate level of confidence of the occurrence of the situation record version content.;;
Common;PublicEventTypeEnum;agriculturalShow;Agricultural show;Agricultural show or event which could disrupt traffic.;;
Common;PublicEventTypeEnum;airShow;Air show;Air show or other aeronautical event which could disrupt traffic.;;
Common;PublicEventTypeEnum;artEvent;Art event;Art event;;
Common;PublicEventTypeEnum;athleticsMeeting;Athletics meeting;Athletics event that could disrupt traffic.;;
Common;PublicEventTypeEnum;ballGame;Ball game;Ball game event that could disrupt traffic.;;
Common;PublicEventTypeEnum;baseballGame;Baseball game;Baseball game event that could disrupt traffic.;;
Common;PublicEventTypeEnum;basketballGame;Basketball game;Basketball game event that could disrupt traffic.;;
Common;PublicEventTypeEnum;beerFestival;Beer festival;Beer festival;;
Common;PublicEventTypeEnum;bicycleRace;Bicycle race;Bicycle race that could disrupt traffic.;;
Common;PublicEventTypeEnum;boatRace;Boat race;Regatta (boat race event of sailing, powerboat or rowing) that could disrupt traffic.;;
Common;PublicEventTypeEnum;boatShow;Boat show;Boat show which could disrupt traffic.;;
Common;PublicEventTypeEnum;boxingTournament;Boxing tournament;Boxing event that could disrupt traffic.;;
Common;PublicEventTypeEnum;bullFight;Bull fight;Bull fighting event that could disrupt traffic.;;
Common;PublicEventTypeEnum;ceremonialEvent;Ceremonial event;Formal or religious act, rite or ceremony that could disrupt traffic.;;
Common;PublicEventTypeEnum;commercialEvent;Commercial event;Commercial event which could disrupt traffic.;;
Common;PublicEventTypeEnum;concert;Concert;Concert event that could disrupt traffic.;;
Common;PublicEventTypeEnum;cricketMatch;Cricket match;Cricket match that could disrupt traffic.;;
Common;PublicEventTypeEnum;culturalEvent;Cultural event;Cultural event which could disrupt traffic.;;
Common;PublicEventTypeEnum;exhibition;Exhibition;Major display or trade show which could disrupt traffic.;;
Common;PublicEventTypeEnum;fair;Fair;Periodic (e.g. annual), often traditional, gathering for entertainment or trade promotion, which could disrupt traffic.;;
Common;PublicEventTypeEnum;festival;Festival;Celebratory event or series of events which could disrupt traffic.;;
Common;PublicEventTypeEnum;filmFestival;Film festival;Film festival;;
Common;PublicEventTypeEnum;filmTVMaking;Film TV making;Film or TV making event which could disrupt traffic.;;
Common;PublicEventTypeEnum;fireworkDisplay;Firework display;Firework display;;
Common;PublicEventTypeEnum;flowerEvent;Flower event;Flower event;;
Common;PublicEventTypeEnum;foodFestival;Food festival;Food festival;;
Common;PublicEventTypeEnum;footballMatch;Football match;Football match that could disrupt traffic.;;
Common;PublicEventTypeEnum;funfair;Funfair;Periodic (e.g. annual), often traditional, gathering for entertainment, which could disrupt traffic.;;
Common;PublicEventTypeEnum;gardeningOrFlowerShow;Gardening or flower show;Gardening and/or flower show or event which could disrupt traffic.;;
Common;PublicEventTypeEnum;golfTournament;Golf tournament;Golf tournament event that could disrupt traffic.;;
Common;PublicEventTypeEnum;hockeyGame;Hockey game;Hockey game event that could disrupt traffic.;;
Common;PublicEventTypeEnum;horseRaceMeeting;Horse race meeting;Horse race meeting that could disrupt traffic.;;
Common;PublicEventTypeEnum;internationalSportsMeeting;International sports meeting;Large sporting event of an international nature that could disrupt traffic.;;
Common;PublicEventTypeEnum;majorEvent;Major event;Significant organised event either on or near the roadway which could disrupt traffic.;;
Common;PublicEventTypeEnum;marathon;Marathon;Marathon, cross-country or road running event that could disrupt traffic.;;
Common;PublicEventTypeEnum;market;Market;Periodic (e.g. weekly) gathering for buying and selling, which could disrupt traffic.;;
Common;PublicEventTypeEnum;match;Match;Sports match of unspecified type that could disrupt traffic.;;
Common;PublicEventTypeEnum;motorShow;Motor show;Motor show which could disrupt traffic.;;
Common;PublicEventTypeEnum;motorSportRaceMeeting;Motor sport race meeting;Motor sport race meeting that could disrupt traffic.;;
Common;PublicEventTypeEnum;openAirConcert;Open air concert;Open air concert;;
Common;PublicEventTypeEnum;other;Other;Other than as defined in this enumeration.;;
Common;PublicEventTypeEnum;parade;Parade;Formal display or organised procession which could disrupt traffic.;;
Common;PublicEventTypeEnum;procession;Procession;An organised procession which could disrupt traffic.;;
Common;PublicEventTypeEnum;raceMeeting;Race meeting;Race meeting (other than horse or motor sport) that could disrupt traffic.;;
Common;PublicEventTypeEnum;rugbyMatch;Rugby match;Rugby match that could disrupt traffic.;;
Common;PublicEventTypeEnum;severalMajorEvents;Several major events;A series of significant organised events either on or near the roadway which could disrupt traffic.;;
Common;PublicEventTypeEnum;show;Show;Entertainment event that could disrupt traffic.;;
Common;PublicEventTypeEnum;showJumping;Show jumping;Horse showing jumping and tournament event that could disrupt traffic.;;
Common;PublicEventTypeEnum;soundAndLightShow;Sound and light show;Sound and light show.;;
Common;PublicEventTypeEnum;sportsMeeting;Sports meeting;Sports event of unspecified type that could disrupt traffic.;;
Common;PublicEventTypeEnum;stateOccasion;State occasion;Public ceremony or visit of national or international significance which could disrupt traffic.;;
Common;PublicEventTypeEnum;streetFestival;Street festival;Street festival;;
Common;PublicEventTypeEnum;tennisTournament;Tennis tournament;Tennis tournament that could disrupt traffic.;;
Common;PublicEventTypeEnum;theatricalEvent;Theatrical event;Theatrical event;;
Common;PublicEventTypeEnum;tournament;Tournament;Sporting event or series of events of unspecified type lasting more than one day which could disrupt traffic.;;
Common;PublicEventTypeEnum;tradeFair;Trade fair;A periodic (e.g. annual), often traditional, gathering for trade promotion, which could disrupt traffic.;;
Common;PublicEventTypeEnum;unknown;Unknown;Service provider does not know at time of message generation.;;
Common;PublicEventTypeEnum;waterSportsMeeting;Water sports meeting;Water sports meeting that could disrupt traffic.;;
Common;PublicEventTypeEnum;wineFestival;Wine festival;Wine festival;;
Common;PublicEventTypeEnum;winterSportsMeeting;Winter sports meeting;Winter sports meeting or event (e.g. skiing, ski jumping, skating) that could disrupt traffic.;;
Parking;PublicTransportTypeEnum;freePublicTransport;Free public transport;Use of public transport is free at all.;;
Parking;PublicTransportTypeEnum;nonFreePublicTransport;Non free public transport;For the use of this public transport a fee must be paid / a ticket must be purchased;;
Parking;PublicTransportTypeEnum;onDemandTraffic;On demand traffic;This service is running only on demand;;
Parking;PublicTransportTypeEnum;railReplacementService;Rail replacement service;There is a replacement service for rail traffic in place, usually served by buses.;;
Parking;PublicTransportTypeEnum;shuttleService;Shuttle service;Shuttle services are in place, usually to reach a specific destination or event.;;
Parking;PublicTransportVehicleType;bus;Bus;A bus;;
Parking;PublicTransportVehicleType;coach;Coach;A coach;;
Parking;PublicTransportVehicleType;miniBus;Mini bus;A small bus;;
Parking;PublicTransportVehicleType;subway;Subway;A subway;;
Parking;PublicTransportVehicleType;taxi;Taxi;A taxi;;
Parking;PublicTransportVehicleType;train;Train;A train;;
Parking;PublicTransportVehicleType;tram;Tram;A tram;;
Facilities;RateAvailabilityTypeEnum;private;Private;Where parking access limited to known and authorized individuals.;;
Facilities;RateAvailabilityTypeEnum;public;Public;Open to the public.;;
Facilities;RateAvailabilityTypeEnum;restricted;Restricted;Open to the public but need a direct purpose or permission to use from the owner (e.g. doctor's surgery, storefront);;
Facilities;RateLineTypeEnum;flatRate;Flat rate;A rate applied to the rate line which is not time/duration dependent. i.e. a single fixed payment.;;
Facilities;RateLineTypeEnum;flatRateTier;Flat rate tier;A flat rate charge rate associated with a specific time-based tier. This is a special case of an incrementing rate.;;
Facilities;RateLineTypeEnum;incrementingRate;Incrementing rate;A charge rate that increases by a defined amount in a defined time.;;
Facilities;RateLineTypeEnum;perUnit;Per unit;A charge rate that is calculated per unit (the unit should be specified, for example in RefillPoint);;
Facilities;RateTypeEnum;contract;Contract;Rate provided to contract holders only.;;
Facilities;RateTypeEnum;daily;Daily;Rate provided on a daily rate, per calendar day.;;
Facilities;RateTypeEnum;event;Event;Rate provided in combination with a specific event.;;
Facilities;RateTypeEnum;hourly;Hourly;Rate provided on an hourly basis.;;
LocationReferencing;ReferentTypeEnum;boundary;Boundary;A boundary between two jurisdictional or administrative areas. These may be legal boundaries such as between counties or countries, maintenance responsibility boundaries or control boundaries. ;;
LocationReferencing;ReferentTypeEnum;intersection;Intersection;A crossing of two or more roads where the precise point of intersection is defined according to specific business rules.;;
LocationReferencing;ReferentTypeEnum;landmark;Landmark;A visible identifiable physical landmark either alongside or close to the linear object.;;
LocationReferencing;ReferentTypeEnum;referenceMarker;Reference marker;A marker which is usually but not necessarily physical that is one of a sequence which are spaced out along the linear object (road) to provide a location reference. The spacing of markers is not necessarily even.;;
LocationReferencing;ReferentTypeEnum;roadNode;Road node;A topological node defined on a road network. Such nodes may delineate the segmentation of the road network according to defined business rules or may constitute a purely topological representation of a road network.;;
EnergyInfrastructure;RefillPointStatusEnum;available;Available;The refill point is not occupied, has got enough energy resources and can be used.;;
EnergyInfrastructure;RefillPointStatusEnum;blocked;Blocked;The refill point is not accessible because of a physical barrier, e.g. a car.;;
EnergyInfrastructure;RefillPointStatusEnum;charging;Charging;The refill point is currently in use for charging.;;
EnergyInfrastructure;RefillPointStatusEnum;faulted;Faulted;The refill point has got a fault.;;
EnergyInfrastructure;RefillPointStatusEnum;inoperative;Inoperative;The refill point is not yet active or it is no longer available (deleted).;;
EnergyInfrastructure;RefillPointStatusEnum;occupied;Occupied;The refill point is in use, this might include vehicle charging activity.;;
EnergyInfrastructure;RefillPointStatusEnum;outOfOrder;Out of order;The refill point is currently out of order.;;
EnergyInfrastructure;RefillPointStatusEnum;outOfStock;Out of stock;The refill point is out of stock, i.e. energy resources are empty.;;
EnergyInfrastructure;RefillPointStatusEnum;planned;Planned;The refill point is planned, will be operating soon.;;
EnergyInfrastructure;RefillPointStatusEnum;removed;Removed;The refill point was discontinued/removed.;;
EnergyInfrastructure;RefillPointStatusEnum;reserved;Reserved;The refill point is reserved by a customer, i.e. it is not available for other users right now.;;
EnergyInfrastructure;RefillPointStatusEnum;unavailable;Unavailable;There is no energy available at this refill point. This could be because of a failure or damage or a longer lasting delivery failure (note that there is a literal 'outOfStock' for a short-term shortage).;;
EnergyInfrastructure;RefillPointStatusEnum;unknown;Unknown;The status of the refill point is unknown (can also be offline).;;
EnergyInfrastructure;RefillSolutionHydrogenEnum;cryoCompressedHydrogren;Cryo compressed hydrogren;Cryo-compressed hydrogen.;;
EnergyInfrastructure;RefillSolutionHydrogenEnum;gaseousHydrogen350barCar;Gaseous hydrogen 350 bar car;Gaseous hydrogen with 350 bar pressure for cars.;;
EnergyInfrastructure;RefillSolutionHydrogenEnum;gaseousHydrogen350barTruck;Gaseous hydrogen 350 bar truck;Gaseous hydrogen with 350 bar pressure for trucks.;;
EnergyInfrastructure;RefillSolutionHydrogenEnum;gaseousHydrogen700barCar;Gaseous hydrogen 700 bar car;Gaseous hydrogen with 700 bar pressure for cars.;;
EnergyInfrastructure;RefillSolutionHydrogenEnum;gaseousHydrogen700barTruck;Gaseous hydrogen 700 bar truck;Gaseous hydrogen with 700 bar pressure for trucks.;;
EnergyInfrastructure;RefillSolutionHydrogenEnum;liquidHydrogen;Liquid hydrogen;Liquid hydrogen;;
EnergyInfrastructure;RefillSolutionHydrogenEnum;unknown;Unknown;The type of hydrogen is unknown.;;
Parking;RegulationEnum;heterogeneous;Heterogeneous;The regulation rule is quite complex and cannot be noted here.;;
Parking;RegulationEnum;onlyInsideBuildings;Only inside buildings;Only inside buildings.;;
Parking;RegulationEnum;onlyOnRequest;Only on request;Only on request (i.e. permission needed).;;
Parking;RegulationEnum;onlyOutsideBuildings;Only outside buildings;Only outside buildings.;;
Parking;RegulationEnum;other;Other;Other.;;
Parking;RegulationEnum;permitted;Permitted;Permitted.;;
Parking;RegulationEnum;permittedOnlyAtParticularTimes;Permitted only at particular times;Permitted only at particular times.;;
Parking;RegulationEnum;permittedOnlyOnParticularAreas;Permitted only on particular areas;Permitted only on particular areas (but inside the parking site ground).;;
Parking;RegulationEnum;prohibited;Prohibited;Prohibited.;;
Parking;RegulationEnum;prohibitedAtParticularTimes;Prohibited at particular times;Prohibited at particular times.;;
Parking;RegulationEnum;prohibitedOnParticularAreas;Prohibited on particular areas;Prohibited on particular areas.;;
Parking;RegulationEnum;punishable;Punishable;The action is prohibited and can be punished.;;
Parking;RegulationEnum;seasonalHeterogeneous;Seasonal heterogeneous;It depends on the season, whether the action is allowed or not.;;
Parking;RegulationEnum;unknown;Unknown;The regulation is unknown.;;
Parking;RegulationEnum;unspecified;Unspecified;There is no regulation for this action.;;
LocationReferencing;RelativePositionOnCarriagewayEnum;inTheCentre;In the centre;In the centre of the roadway.;;
LocationReferencing;RelativePositionOnCarriagewayEnum;onTheLeft;On the left;On the left of the roadway.;;
LocationReferencing;RelativePositionOnCarriagewayEnum;onTheRight;On the right;On the right of the roadway.;;
Situation;RelativeTrafficFlowEnum;trafficFlowNormal;Traffic flow normal;Traffic flow is normal at the specified location at this date/time.;;
Situation;RelativeTrafficFlowEnum;trafficHeavierThanNormal;Traffic heavier than normal;Traffic is heavier than normally expected at the specified location at this date/time.;;
Situation;RelativeTrafficFlowEnum;trafficLighterThanNormal;Traffic lighter than normal;Traffic is lighter than normally expected at the specified location at this date/time.;;
Situation;RelativeTrafficFlowEnum;trafficVeryMuchHeavierThanNormal;Traffic very much heavier than normal;Traffic is very much heavier than normally expected at the specified location at this date/time.;;
Situation;RelativeTrafficFlowEnum;trafficVeryMuchLighterThanNormal;Traffic very much lighter than normal;Traffic is very much lighter than normally expected at the specified location at this date/time.;;
Situation;ReroutingManagementTypeEnum;doNotFollowDiversionSigns;Do not follow diversion signs;Do not follow diversion signs.;;
Situation;ReroutingManagementTypeEnum;doNotUseEntry;Do not use entry;Rerouted traffic is not to use the specified entry onto the identified road to commence the alternative route.;;
Situation;ReroutingManagementTypeEnum;doNotUseExit;Do not use exit;Rerouted traffic is not to use the specified exit from the identified road to commence the alternative route.;;
Situation;ReroutingManagementTypeEnum;doNotUseIntersectionOrJunction;Do not use intersection or junction;Rerouted traffic is not to use the specified intersection or junction.;;
Situation;ReroutingManagementTypeEnum;followDiversionSigns;Follow diversion signs;Rerouted traffic is to follow the diversion signs.;;
Situation;ReroutingManagementTypeEnum;followLocalDiversion;Follow local diversion;Rerouted traffic is to follow local diversion.;;
Situation;ReroutingManagementTypeEnum;followSpecialMarkers;Follow special markers;Rerouted traffic is to follow the special diversion markers.;;
Situation;ReroutingManagementTypeEnum;useEntry;Use entry;Rerouted traffic is to use the specified entry onto the identified road to commence the alternative route.;;
Situation;ReroutingManagementTypeEnum;useExit;Use exit;Rerouted traffic is to use the specified exit from the identified road to commence the alternative route.;;
Situation;ReroutingManagementTypeEnum;useIntersectionOrJunction;Use intersection or junction;Rerouted traffic is to use the specified intersection or junction to commence the alternative route.;;
Facilities;ReservationTypeEnum;mandatory;Mandatory;Reservation is mandatory.;;
Facilities;ReservationTypeEnum;notAvailable;Not available;Reservation is not possible.;;
Facilities;ReservationTypeEnum;optional;Optional;Reservation is optional.;;
Facilities;ReservationTypeEnum;partly;Partly;There is a specific contingent, that can be reserved.;;
Facilities;ReservationTypeEnum;unknown;Unknown;Possibility of reservation is unknown,;;
Facilities;ReservationTypeEnum;unspecified;Unspecified;Possibility of reservation is not specified.;;
Facilities;RightTypeEnum;accessPermission;Access permission;RightSpecification intended grant access permission.;;
Facilities;RightTypeEnum;doingReservation;Doing reservation;RightSpecification intended granting doing a reservation (e.g. for parking or electric charging);;
Facilities;RightTypeEnum;electricCharging;Electric charging;RightSpecification intended grant electric charging;;
Facilities;RightTypeEnum;loadingUnloading;Loading unloading;RightSpecification intended granting permissions to load and unload vehicles.;;
Facilities;RightTypeEnum;oneTimeUseParking;One time use parking;RightSpecification intended for one time or limited parking usage.;;
Facilities;RightTypeEnum;permitParking;Permit parking;RightSpecification intended for multi-use parking usage.;;
Facilities;RightTypeEnum;setdownPickup;Setdown pickup;RightSpecification intended for passenger setdown and pickup.;;
Facilities;RightTypeEnum;waiting;Waiting;RightSpecification intended to grant permission for an accompanied vehicle to wait.;;
Situation;RoadMaintenanceTypeEnum;accidentRepairWork;Accident repair work;repairing works after an accident, not clearance work but rebuilding of infrastructure;;
Situation;RoadMaintenanceTypeEnum;clearanceWork;Clearance work;Clearance work of an unspecified nature.;;
Situation;RoadMaintenanceTypeEnum;controlledAvalanche;Controlled avalanche;Controlled avalanche work.;;
Situation;RoadMaintenanceTypeEnum;grassCuttingWork;Grass cutting work;Grass cutting work.;;
Situation;RoadMaintenanceTypeEnum;installationWork;Installation work;Installation of new equipments or systems on or along-side the roadway.;;
Situation;RoadMaintenanceTypeEnum;litterClearance;Litter clearance;Work to collect litter from the roadway and/or adjacent verges.;;
Situation;RoadMaintenanceTypeEnum;maintenancePeopleOnRoad;Maintenance people on road;People on road for general maintenance purpose;;
Situation;RoadMaintenanceTypeEnum;maintenanceWork;Maintenance work;Maintenance of road, associated infrastructure or equipments.;;
Situation;RoadMaintenanceTypeEnum;other;Other;Other than as defined in this enumeration.;;
Situation;RoadMaintenanceTypeEnum;overheadWorks;Overhead works;Works which are overhead of the carriageway.;;
Situation;RoadMaintenanceTypeEnum;repairWork;Repair work;Repair work to road, associated infrastructure or equipments.;;
Situation;RoadMaintenanceTypeEnum;resurfacingWork;Resurfacing work;Work associated with relaying or renewal of worn-out road surface (pavement).;;
Situation;RoadMaintenanceTypeEnum;roadMarkingWork;Road marking work;Striping and repainting of road markings, plus placement or replacement of reflecting studs (cats' eyes).;;
Situation;RoadMaintenanceTypeEnum;roadsideWork;Roadside work;Road side work of an unspecified nature.;;
Situation;RoadMaintenanceTypeEnum;roadworks;Roadworks;Road maintenance or improvement activity of an unspecified nature which may potentially cause traffic disruption.;;
Situation;RoadMaintenanceTypeEnum;roadworksClearance;Roadworks clearance;Roadworks are completed and are being cleared.;;
Situation;RoadMaintenanceTypeEnum;rockFallPreventativeMaintenance;Rock fall preventative maintenance;Rock fall preventative maintenance.;;
Situation;RoadMaintenanceTypeEnum;saltingInProgress;Salting in progress;Spreading of salt and / or grit on the road surface to prevent or melt snow or ice.;;
Situation;RoadMaintenanceTypeEnum;snowploughsInUse;Snowploughs in use;Snowploughs or other similar mechanical devices in use to clear snow from the road.;;
Situation;RoadMaintenanceTypeEnum;sweepingOfRoad;Sweeping of road;Sweeping of the roadway.;;
Situation;RoadMaintenanceTypeEnum;treeAndVegetationCuttingWork;Tree and vegetation cutting work;Tree and vegetation cutting work adjacent to the roadway.;;
Situation;RoadOperatorServiceDisruptionTypeEnum;emergencyTelephoneNumberOutOfService;Emergency telephone number out of service;Emergency telephone number for use by public to report incidents is out of service.;;
Situation;RoadOperatorServiceDisruptionTypeEnum;informationServiceTelephoneNumberOutOfService;Information service telephone number out of service;Road information service telephone number is out of service.;;
Situation;RoadOperatorServiceDisruptionTypeEnum;noTrafficOfficerPatrolService;No traffic officer patrol service;No traffic officer patrol service is operating.;;
Situation;RoadOrCarriagewayOrLaneManagementTypeEnum;carPoolLaneInOperation;Car pool lane in operation;Dedicated car pool lane(s) are in operation for vehicles carrying at least the specified number of occupants.;;
Situation;RoadOrCarriagewayOrLaneManagementTypeEnum;carriagewayClosures;Carriageway closures;Carriageway closures are in operation at the specified location.;;
Situation;RoadOrCarriagewayOrLaneManagementTypeEnum;clearALaneForEmergencyVehicles;Clear a lane for emergency vehicles;Clear a lane for emergency vehicles.;;
Situation;RoadOrCarriagewayOrLaneManagementTypeEnum;clearALaneForSnowploughsAndGrittingVehicles;Clear a lane for snowploughs and gritting vehicles;Clear a lane for snow ploughs and gritting vehicles.;;
Situation;RoadOrCarriagewayOrLaneManagementTypeEnum;closedPermanentlyForTheWinter;Closed permanently for the winter;The road is closed to vehicles with the specified characteristics or all, if none defined, for the duration of the winter.;;
Situation;RoadOrCarriagewayOrLaneManagementTypeEnum;contraflow;Contraflow;Two-way traffic is temporarily sharing a single carriageway.;;
Situation;RoadOrCarriagewayOrLaneManagementTypeEnum;doNotUseSpecifiedLanesOrCarriageways;Do not use specified lanes or carriageways;Do not use the specified lane(s) or carriageway(s).;;
Situation;RoadOrCarriagewayOrLaneManagementTypeEnum;hardShoulderRunningInOperation;Hard shoulder running in operation;The hard shoulder is open as an operational lane.;;
Situation;RoadOrCarriagewayOrLaneManagementTypeEnum;hardShoulderRunningNotInOperation;Hard shoulder running not in operation;the hardshoulder used for dynamic hardshoulder management is closed to vehicles i.e. not running;;
Situation;RoadOrCarriagewayOrLaneManagementTypeEnum;heightRestrictionInOperation;Height restriction in operation;A height restriction is in operation.;;
Situation;RoadOrCarriagewayOrLaneManagementTypeEnum;intermittentShortTermClosures;Intermittent short term closures;Road closures occur intermittently on the specified road in the specified direction for short durations.;;
Situation;RoadOrCarriagewayOrLaneManagementTypeEnum;keepToTheLeft;Keep to the left;Keep to the left.;;
Situation;RoadOrCarriagewayOrLaneManagementTypeEnum;keepToTheRight;Keep to the right;Keep to the right.;;
Situation;RoadOrCarriagewayOrLaneManagementTypeEnum;laneClosures;Lane closures;Lane closures are in operation at the specified location for vehicles with the specified characteristics or all, if none defined, in the specified direction.;;
Situation;RoadOrCarriagewayOrLaneManagementTypeEnum;lanesDeviated;Lanes deviated;Lane deviations are in operation at the specified location.;;
Situation;RoadOrCarriagewayOrLaneManagementTypeEnum;narrowLanes;Narrow lanes;Normal lane widths are temporarily reduced.;;
Situation;RoadOrCarriagewayOrLaneManagementTypeEnum;newRoadworksLayout;New roadworks layout;A new layout of lanes/carriageway has been implemented associated with roadworks.;;
Situation;RoadOrCarriagewayOrLaneManagementTypeEnum;other;Other;Other than as defined in this enumeration.;;
Situation;RoadOrCarriagewayOrLaneManagementTypeEnum;overnightClosures;Overnight closures;Every night the road is closed to vehicles with the specified characteristics or all, if none defined, in the specified direction by decision of the appropriate authorities.;;
Situation;RoadOrCarriagewayOrLaneManagementTypeEnum;roadCleared;Road cleared;The road has been cleared of earlier reported problems.;;
Situation;RoadOrCarriagewayOrLaneManagementTypeEnum;roadClosed;Road closed;The road is closed to vehicles with the specified characteristics or all, if none defined, in the specified direction.;;
Situation;RoadOrCarriagewayOrLaneManagementTypeEnum;rollingRoadBlock;Rolling road block;Traffic officers or police are driving slowly in front of a queue of traffic to create a gap in the traffic to allow for clearance activities to take place in safety on the road ahead.;;
Situation;RoadOrCarriagewayOrLaneManagementTypeEnum;rushHourLaneInOperation;Rush hour lane in operation;Dedicated rush (peak) hour lane(s) are in operation.;;
Situation;RoadOrCarriagewayOrLaneManagementTypeEnum;singleAlternateLineTraffic;Single alternate line traffic;Traffic is being controlled to move in alternate single lines. This control may be undertaken by traffic lights or flagman.;;
Situation;RoadOrCarriagewayOrLaneManagementTypeEnum;tidalFlowLaneInOperation;Tidal flow lane in operation;Dedicated tidal flow lane(s) are in operation in the specified direction.;;
Situation;RoadOrCarriagewayOrLaneManagementTypeEnum;turnAroundInOperation;Turn around in operation;Traffic is being directed back down the opposite carriageway, possibly requiring the temporary removal of the central crash barrier.;;
Situation;RoadOrCarriagewayOrLaneManagementTypeEnum;useOfSpecifiedLanesOrCarriagewaysAllowed;Use of specified lanes or carriageways allowed;The specified lane(s) or carriageway(s) may be used. The normal lane(s) or carriageway(s) restrictions are not currently in force.;;
Situation;RoadOrCarriagewayOrLaneManagementTypeEnum;useSpecifiedLanesOrCarriageways;Use specified lanes or carriageways;Use the specified lane(s) or carriageway(s).;;
Situation;RoadOrCarriagewayOrLaneManagementTypeEnum;vehicleStorageInOperation;Vehicle storage in operation;Vehicles are being stored on the roadway and/or at a rest area or service area at the specified location.;;
Situation;RoadOrCarriagewayOrLaneManagementTypeEnum;weightRestrictionInOperation;Weight restriction in operation;A weight restriction is in operation.;;
Situation;RoadsideAssistanceTypeEnum;airAmbulance;Air ambulance;Air ambulance assistance.;;
Situation;RoadsideAssistanceTypeEnum;busPassengerAssistance;Bus passenger assistance;Bus passenger assistance.;;
Situation;RoadsideAssistanceTypeEnum;emergencyServices;Emergency services;Emergency services assistance.;;
Situation;RoadsideAssistanceTypeEnum;firstAid;First aid;First aid assistance.;;
Situation;RoadsideAssistanceTypeEnum;foodDelivery;Food delivery;Food delivery.;;
Situation;RoadsideAssistanceTypeEnum;helicopterRescue;Helicopter rescue;Helicopter rescue.;;
Situation;RoadsideAssistanceTypeEnum;other;Other;Other than as defined in this enumeration.;;
Situation;RoadsideAssistanceTypeEnum;vehicleRecovery;Vehicle recovery;Vehicle recovery.;;
Situation;RoadsideAssistanceTypeEnum;vehicleRepair;Vehicle repair;Vehicle repair assistance.;;
Parking;RoadTypeEnum;mainRoad;Main road;Main road.;;
Parking;RoadTypeEnum;motorway;Motorway;Motorway.;;
Parking;RoadTypeEnum;other;Other;Other.;;
Parking;RoadTypeEnum;trunkRoad;Trunk road;Trunk road.;;
Situation;RoadworksDurationEnum;longTerm;Long term;The roadworks are expected to last for a long term (according to a classification scheme used by the responsible road operator);;
Situation;RoadworksDurationEnum;mediumTerm;Medium term;The roadworks are expected to last for a medium term (according to a classification scheme used by the responsible road operator);;
Situation;RoadworksDurationEnum;shortTerm;Short term;The roadworks are expected to last for a short term (according to a classification scheme used by the responsible road operator);;
Situation;RoadworksScaleEnum;major;Major;The roadworks scale is major according to the responsible road operator.;;
Situation;RoadworksScaleEnum;medium;Medium;The roadworks scale is medium according to the responsible road operator.;;
Situation;RoadworksScaleEnum;minor;Minor;The roadworks scale is minor according to the responsible road operator.;;
Situation;ServiceDisruptionTypeEnum;barClosed;Bar closed;Bar closed.;;
Situation;ServiceDisruptionTypeEnum;dieselShortage;Diesel shortage;There is a shortage of diesel at the specified location.;;
Situation;ServiceDisruptionTypeEnum;fuelShortage;Fuel shortage;There is a shortage of fuel (of one or more types) at the specified location.;;
Situation;ServiceDisruptionTypeEnum;lpgShortage;LPG shortage;There is a shortage of liquid petroleum gas at the specified location.;;
Situation;ServiceDisruptionTypeEnum;methaneShortage;Methane shortage;There is a shortage of methane at the specified location.;;
Situation;ServiceDisruptionTypeEnum;noDieselForHeavyVehicles;No diesel for heavy vehicles;There is no diesel available for heavy goods vehicles at the specified location.;;
Situation;ServiceDisruptionTypeEnum;noDieselForLightVehicles;No diesel for light vehicles;There is no diesel available for light vehicles at the specified location.;;
Situation;ServiceDisruptionTypeEnum;noParkingAvailability;No parking availability;There is little or no availbility of parking;;
Situation;ServiceDisruptionTypeEnum;noPublicTelephones;No public telephones;There are no available public telephones at the specified location.;;
Situation;ServiceDisruptionTypeEnum;noToiletFacilities;No toilet facilities;There are no available public toilet facilities at the specified location.;;
Situation;ServiceDisruptionTypeEnum;noVehicleRepairFacilities;No vehicle repair facilities;There are no available vehicle repair facilities at the specified location.;;
Situation;ServiceDisruptionTypeEnum;petrolShortage;Petrol shortage;There is a shortage of petrol at the specified location.;;
Situation;ServiceDisruptionTypeEnum;restAreaBusy;Rest area busy;The rest area at the specified location is busy.;;
Situation;ServiceDisruptionTypeEnum;restAreaClosed;Rest area closed;The rest area at the specified location is closed.;;
Situation;ServiceDisruptionTypeEnum;restAreaOvercrowdedDriveToAnotherRestArea;Rest area overcrowded drive to another rest area;The rest area at the specified location is close to capacity and motorists are advised to seek an alternative.;;
Situation;ServiceDisruptionTypeEnum;serviceAreaBusy;Service area busy;The service area at the specified location is close to capacity.;;
Situation;ServiceDisruptionTypeEnum;serviceAreaClosed;Service area closed;The service area at the specified location is closed.;;
Situation;ServiceDisruptionTypeEnum;serviceAreaFuelStationClosed;Service area fuel station closed;The fuel station at the specified service area is closed.;;
Situation;ServiceDisruptionTypeEnum;serviceAreaOvercrowdedDriveToAnotherServiceArea;Service area overcrowded drive to another service area;The service area at the specified location is close to capacity and motorists are advised to seek an alternative.;;
Situation;ServiceDisruptionTypeEnum;serviceAreaRestaurantClosed;Service area restaurant closed;The restaurant at the specified service area is closed.;;
Situation;ServiceDisruptionTypeEnum;someCommercialServicesClosed;Some commercial services closed;Some commercial services are closed at the specified location.;;
Situation;ServiceDisruptionTypeEnum;waterShortage;Water shortage;There is a shortage of water at the specified location.;;
EnergyInfrastructure;ServiceTypeEnum;fullService;Full service;Full fuelling service carried out by an employee.;;
EnergyInfrastructure;ServiceTypeEnum;selfService;Self service;Self Service for fuelling;;
EnergyInfrastructure;ServiceTypeEnum;unattended;Unattended;Unattended station, fuelling and payment to be done without assistance.;;
Parking;SessionActivationModeEnum;app;App;A mobile application and/or an on-device credential is used to activate a parking session or other operation. The app may control the access to the facility. This is not related to payment! E.g. a Bluetooth communication to request access etc.;;
Parking;SessionActivationModeEnum;payAndDisplay;Pay and display;The vehicle displays a credential, which is received on site when session is started, to show it is authorized to use Place. Typically used in prepaid operations.;;
Parking;SessionActivationModeEnum;payByPlate;Pay by plate;The vehicle registration or license plate is used to activate a parking session or other operation (delivery, loading, etc.).;;
Parking;SessionActivationModeEnum;payBySpace;Pay by space;The activation of a parking session or other operation (delivery, loading, etc.) is based on identifying / recording the occupancy of a specific area denoted by a space or area number. Typically used in prepaid operations.;;
Parking;SessionActivationModeEnum;permit;Permit;Similar to pay and display, but typically for long term usage and received prior to starting session. Permit may be presented as a hangtag, AVI tag, sticker, QR code, etc.;;
Parking;SessionActivationModeEnum;ticket;Ticket;A ticket from an onsite device is issued to activate a parking session or other operation. The session is closed when the ticket is presented back to an onsite device for final fee calculation. Typically used in daily or short-term operations.;;
Vms;SettingReasonEnum;campaign;Campaign;The VMS is currently selected to display a campaign message.;;
Vms;SettingReasonEnum;default;Default;The VMS is currently selected to display default information (e.g. time, date, temperature).;;
Vms;SettingReasonEnum;operatorCreated;Operator created;Message selected by operator as the result of an unmanaged event or situation.;;
Vms;SettingReasonEnum;situation;Situation;Message selected as the result of a situation occuring either on or off the road which might affect road users. ;;
Vms;SettingReasonEnum;trafficManagement;Traffic management;Message selected as part of the implementation of a traffic management action. This can be part of a specific traffic management or diversion plan.;;
Vms;SettingReasonEnum;travelTime;Travel time;The VMS is currently selected to display travel times.;;
Situation;SeverityEnum;high;High;Perceived by supplier as being of a high level.;;
Situation;SeverityEnum;highest;Highest;Perceived by supplier as being of the highest level.;;
Situation;SeverityEnum;low;Low;Perceived by supplier as being of a low level.;;
Situation;SeverityEnum;lowest;Lowest;Perceived by supplier as being of the lowest discernible level.;;
Situation;SeverityEnum;medium;Medium;Perceived by supplier as being of a medium level.;;
Situation;SeverityEnum;none;None;Perceived by supplier as having a severity rating of none.;;
Situation;SeverityEnum;unknown;Unknown;Perceived by supplier as being of an unknown level.;;
Common;SourceTypeEnum;automobileClubPatrol;Automobile club patrol;A patrol of an automobile club.;;
Common;SourceTypeEnum;cameraObservation;Camera observation;A camera observation (either still or video camera).;;
Common;SourceTypeEnum;freightVehicleOperator;Freight vehicle operator;An operator of freight vehicles.;;
Common;SourceTypeEnum;inductionLoopMonitoringStation;Induction loop monitoring station;A station dedicated to the monitoring of the road network by processing inductive loop information.;;
Common;SourceTypeEnum;infraredMonitoringStation;Infrared monitoring station;A station dedicated to the monitoring of the road network by processing infrared image information.;;
Common;SourceTypeEnum;microwaveMonitoringStation;Microwave monitoring station;A station dedicated to the monitoring of the road network by processing microwave information.;;
Common;SourceTypeEnum;mobileTelephoneCaller;Mobile telephone caller;A caller using a mobile telephone (who may be or not on the road network).;;
Common;SourceTypeEnum;nonPoliceEmergencyServicePatrol;Non police emergency service patrol;Emergency service patrols other than police.;;
Common;SourceTypeEnum;otherInformation;Other information;Other sources of information.;;
Common;SourceTypeEnum;otherOfficialVehicle;Other official vehicle;Personnel from a vehicle belonging to the road operator or authority or any emergency service, including authorised breakdown service organisations.;;
Common;SourceTypeEnum;policePatrol;Police patrol;A police patrol.;;
Common;SourceTypeEnum;privateBreakdownService;Private breakdown service;A private breakdown service.;;
Common;SourceTypeEnum;publicAndPrivateUtilities;Public and private utilities;A utility organisation, either public or private.;;
Common;SourceTypeEnum;registeredMotoristObserver;Registered motorist observer;A motorist who is an officially registered observer.;;
Common;SourceTypeEnum;roadAuthorities;Road authorities;A road authority.;;
Common;SourceTypeEnum;roadOperatorPatrol;Road operator patrol;A patrol of the road operator or authority.;;
Common;SourceTypeEnum;roadsideTelephoneCaller;Roadside telephone caller;A caller who is using an emergency roadside telephone.;;
Common;SourceTypeEnum;spotterAircraft;Spotter aircraft;A spotter aircraft of an organisation specifically assigned to the monitoring of the traffic network.;;
Common;SourceTypeEnum;trafficMonitoringStation;Traffic monitoring station;A station, usually automatic, dedicated to the monitoring of the road network.;;
Common;SourceTypeEnum;transitOperator;Transit operator;An operator of a transit service, e.g. bus link operator.;;
Common;SourceTypeEnum;vehicleProbeMeasurement;Vehicle probe measurement;A specially equipped vehicle used to provide measurements.;;
Common;SourceTypeEnum;videoProcessingMonitoringStation;Video processing monitoring station;A station dedicated to the monitoring of the road network by processing video image information.;;
Common;SpecialDayTypeEnum;dayBeforePublicHoliday;Day before public holiday;The day preceding a public holiday.;;
Common;SpecialDayTypeEnum;dayFollowingPublicHoliday;Day following public holiday;A day following a public holiday.;;
Common;SpecialDayTypeEnum;inLieuOfPublicHoliday;In lieu of public holiday;A holiday in lieu of a public holiday that falls on a weekend.;;
Common;SpecialDayTypeEnum;longWeekendDay;Long weekend day;A day between a public holiday and the weekend.;;
Common;SpecialDayTypeEnum;other;Other;Some other special day.;;
Common;SpecialDayTypeEnum;publicEventDay;Public event day;A day of a public event. You may use the publicEvent attribute to specify the corresponding event.;;
Common;SpecialDayTypeEnum;publicHoliday;Public holiday;A public holiday in general. You may use the PublicHoliday class to refer on a specific public holiday.;;
Common;SpecialDayTypeEnum;schoolDay;School day;A school day.;;
Common;SpecialDayTypeEnum;schoolHolidays;School holidays;A day within the school holidays.;;
Parking;SpecialLocationEnum;airportTerminal;Airport terminal;The parking site is associated with an airport terminal.;;
Parking;SpecialLocationEnum;cableCarStation;Cable car station;The parking site is associated with a cable car station.;;
Parking;SpecialLocationEnum;campGround;Camp ground;The parking site is associated with a campground.;;
Parking;SpecialLocationEnum;cinema;Cinema;The parking site is associated with a cinema.;;
Parking;SpecialLocationEnum;coachStation;Coach station;The parking site is associated with a coach station.;;
Parking;SpecialLocationEnum;conventionCentre;Convention centre;The parking site is associated with a convention centre.;;
Parking;SpecialLocationEnum;exhibitonCentre;Exhibiton centre;The parking site is associated with an exhibition centre.;;
Parking;SpecialLocationEnum;ferryTerminal;Ferry terminal;The parking site is associated with a ferry terminal.;;
Parking;SpecialLocationEnum;market;Market;The parking site is associated with a market.;;
Parking;SpecialLocationEnum;other;Other;The parking site is associated with some other location. Use "parkingOtherSpecialLocation" to specify details.;;
Parking;SpecialLocationEnum;publicTransportStation;Public transport station;The parking site is associated with a public transport station.;;
Parking;SpecialLocationEnum;religiousCentre;Religious centre;The parking site is associated with a religious centre.;;
Parking;SpecialLocationEnum;shoppingCentre;Shopping centre;The parking site is associated with a shopping centre.;;
Parking;SpecialLocationEnum;skiLift;Ski lift;The parking site is associated with a ski lift.;;
Parking;SpecialLocationEnum;specificFacility;Specific facility;The parking site is associated with a specific facility (e.g. a hospital, a tourist site, a garden centre, a park etc.). RelatedLocation - specificLocation may be used to give more details.;;
Parking;SpecialLocationEnum;themePark;Theme park;The parking site is associated with a theme park.;;
Parking;SpecialLocationEnum;trainStation;Train station;The parking site is associated with a train station.;;
Parking;SpecialLocationEnum;vehicleOnRailTerminal;Vehicle on rail terminal;The parking site is associated with a vehicle-to-rail terminal.;;
Situation;SpeedManagementTypeEnum;activeSpeedControlInOperation;Active speed control in operation;Automatic speed control measures are in place at the specified location, whereby speed limits are set by an automatic system which is triggered by traffic sensing equipment.;;
Situation;SpeedManagementTypeEnum;doNotSlowdownUnnecessarily;Do not slowdown unnecessarily;Do not slow down unnecessarily.;;
Situation;SpeedManagementTypeEnum;observeSpeedLimit;Observe speed limit;Observe speed limit.;;
Situation;SpeedManagementTypeEnum;other;Other;Other than as defined in this enumeration.;;
Situation;SpeedManagementTypeEnum;policeSpeedChecksInOperation;Police speed checks in operation;Police speed checks are in operation.;;
Situation;SpeedManagementTypeEnum;reduceYourSpeed;Reduce your speed;Reduce your speed.;;
Situation;SpeedManagementTypeEnum;speedRestrictionInOperation;Speed restriction in operation;A speed restriction is in operation.;;
Parking;StaffEnum;staffed;Staffed;Normally staffed during operating hours;;
Parking;StaffEnum;temporary;Temporary;Staffed on a temporary or part-time basis.;;
Parking;StaffEnum;unstaffed;Unstaffed;Not normally staffed during operating hours;;
Parking;StructureGradeEnum;aboveGround;Above ground;Parking is above ground level (this may include ground level parking).;;
Parking;StructureGradeEnum;groundLevel;Ground level;Parking is at ground level.;;
Parking;StructureGradeEnum;underground;Underground;Parking is on one or more floors below ground level.;;
Parking;StructureTypeEnum;offStreetStructure;Off street structure;Off-street multi-tier parking structure.;;
Parking;StructureTypeEnum;offStreetSurface;Off street surface;Off-street ground-level at grade parking.;;
Parking;StructureTypeEnum;onStreet;On street;On-street parking.;;
LocationReferencing;SubdivisionTypeEnum;administrativeAtoll;Administrative atoll;Administrative atoll;;
LocationReferencing;SubdivisionTypeEnum;administrativeRegion;Administrative region;Administrative region;;
LocationReferencing;SubdivisionTypeEnum;administrativeTerritory;Administrative territory;Administrative territory;;
LocationReferencing;SubdivisionTypeEnum;arcticRegion;Arctic region;Arctic region;;
LocationReferencing;SubdivisionTypeEnum;autonomousCity;Autonomous city;Autonomous city;;
LocationReferencing;SubdivisionTypeEnum;autonomousCityInNorthAfrica;Autonomous city in north africa;Autonomous city in North Africa;;
LocationReferencing;SubdivisionTypeEnum;autonomousCommunity;Autonomous community;Autonomous community;;
LocationReferencing;SubdivisionTypeEnum;autonomousDistrict;Autonomous district;Autonomous district;;
LocationReferencing;SubdivisionTypeEnum;autonomousProvince;Autonomous province;Autonomous province;;
LocationReferencing;SubdivisionTypeEnum;autonomousRegion;Autonomous region;Autonomous region;;
LocationReferencing;SubdivisionTypeEnum;canton;Canton;Canton;;
LocationReferencing;SubdivisionTypeEnum;capitalCity;Capital city;Capital city;;
LocationReferencing;SubdivisionTypeEnum;city;City;City;;
LocationReferencing;SubdivisionTypeEnum;cityMunicipality;City municipality;City municipality;;
LocationReferencing;SubdivisionTypeEnum;cityOfCountyRight;City of county right;City of county right;;
LocationReferencing;SubdivisionTypeEnum;commune;Commune;Commune;;
LocationReferencing;SubdivisionTypeEnum;councilArea;Council area;Council area;;
LocationReferencing;SubdivisionTypeEnum;country;Country;Country;;
LocationReferencing;SubdivisionTypeEnum;county;County;County;;
LocationReferencing;SubdivisionTypeEnum;department;Department;Department;;
LocationReferencing;SubdivisionTypeEnum;dependency;Dependency;Dependency;;
LocationReferencing;SubdivisionTypeEnum;district;District;District;;
LocationReferencing;SubdivisionTypeEnum;districtMunicipality;District municipality;District municipality;;
LocationReferencing;SubdivisionTypeEnum;districtWithSpecialStatus;District with special status;District with special status;;
LocationReferencing;SubdivisionTypeEnum;entity;Entity;Entity;;
LocationReferencing;SubdivisionTypeEnum;geographicalEntity;Geographical entity;Geographical entity;;
LocationReferencing;SubdivisionTypeEnum;governorate;Governorate;Governorate;;
LocationReferencing;SubdivisionTypeEnum;laender;Laender;Länder;;
LocationReferencing;SubdivisionTypeEnum;localCouncil;Local council;Local Council;;
LocationReferencing;SubdivisionTypeEnum;londonBorough;London borough;London borough;;
LocationReferencing;SubdivisionTypeEnum;metropolitanArea;Metropolitan area;Metropolitan area;;
LocationReferencing;SubdivisionTypeEnum;metropolitanDepartment;Metropolitan department;Metropolitan department;;
LocationReferencing;SubdivisionTypeEnum;metropolitanDistrict;Metropolitan district;Metropolitan district;;
LocationReferencing;SubdivisionTypeEnum;metropolitanRegion;Metropolitan region;Metropolitan region;;
LocationReferencing;SubdivisionTypeEnum;municipality;Municipality;Municipality;;
LocationReferencing;SubdivisionTypeEnum;other;Other;Other;;
LocationReferencing;SubdivisionTypeEnum;overseasDepartment;Overseas department;Overseas department;;
LocationReferencing;SubdivisionTypeEnum;overseasRegion;Overseas region;Overseas region;;
LocationReferencing;SubdivisionTypeEnum;overseasTerritorialCollectivity;Overseas territorial collectivity;Overseas territorial collectivity;;
LocationReferencing;SubdivisionTypeEnum;parish;Parish;Parish;;
LocationReferencing;SubdivisionTypeEnum;province;Province;Province;;
LocationReferencing;SubdivisionTypeEnum;quarter;Quarter;Quarter;;
LocationReferencing;SubdivisionTypeEnum;region;Region;Region;;
LocationReferencing;SubdivisionTypeEnum;republic;Republic;Republic;;
LocationReferencing;SubdivisionTypeEnum;republicanCity;Republican city;Republic city;;
LocationReferencing;SubdivisionTypeEnum;selfGovernedPart;Self governed part;Self-governed part;;
LocationReferencing;SubdivisionTypeEnum;specialMunicipality;Special municipality;Special Municipality;;
LocationReferencing;SubdivisionTypeEnum;state;State;State;;
LocationReferencing;SubdivisionTypeEnum;territorialUnit;Territorial unit;Territorial unit;;
LocationReferencing;SubdivisionTypeEnum;territory;Territory;Territory;;
LocationReferencing;SubdivisionTypeEnum;twoTierCounty;Two tier county;Two tier country;;
LocationReferencing;SubdivisionTypeEnum;unitaryAuthority;Unitary authority;Unitary Authority;;
LocationReferencing;SubdivisionTypeEnum;ward;Ward;Ward;;
Situation;SubjectTypeOfWorksEnum;bridge;Bridge;Bridge on, over or under the highway.;;
Situation;SubjectTypeOfWorksEnum;buriedCables;Buried cables;Buried cables under or along the highway.;;
Situation;SubjectTypeOfWorksEnum;buriedServices;Buried services;Unspecified buried services on, under or along the highway.;;
Situation;SubjectTypeOfWorksEnum;crashBarrier;Crash barrier;Crash barrier.;;
Situation;SubjectTypeOfWorksEnum;cycleTrack;Cycle track;Cycle track adjacent to the road;;
Situation;SubjectTypeOfWorksEnum;footpath;Footpath;a footpath;;
Situation;SubjectTypeOfWorksEnum;gallery;Gallery;Gallery.;;
Situation;SubjectTypeOfWorksEnum;gantry;Gantry;Gantry over or above the roadway.;;
Situation;SubjectTypeOfWorksEnum;gasMainWork;Gas main work;Gas mains.;;
Situation;SubjectTypeOfWorksEnum;heatingPipe;Heating pipe;a heating pipe;;
Situation;SubjectTypeOfWorksEnum;interchange;Interchange;Motorway or major road interchange.;;
Situation;SubjectTypeOfWorksEnum;junction;Junction;Motorway or major road junction.;;
Situation;SubjectTypeOfWorksEnum;levelCrossing;Level crossing;Level-crossing or associated equipment.;;
Situation;SubjectTypeOfWorksEnum;lightingSystem;Lighting system;Road lighting system.;;
Situation;SubjectTypeOfWorksEnum;lock;Lock;lock on a waterway adjacent to the road;;
Situation;SubjectTypeOfWorksEnum;measurementEquipment;Measurement equipment;Equipment used for determining traffic measurements.;;
Situation;SubjectTypeOfWorksEnum;metro;Metro;passenger railway system, typically underground, in a metropolitan area;;
Situation;SubjectTypeOfWorksEnum;noiseProtection;Noise protection;Installations along the roadway designed to reduce road noise in the surrounding environment.;;
Situation;SubjectTypeOfWorksEnum;other;Other;Other than as defined in this enumeration.;;
Situation;SubjectTypeOfWorksEnum;parking;Parking;parking facilities;;
Situation;SubjectTypeOfWorksEnum;publicTransportInfrastructure;Public transport infrastructure;public transport infrastructure;;
Situation;SubjectTypeOfWorksEnum;publicTransportStop;Public transport stop;public transport stop (including but not limited to bus stops, trams stops, taxi stops);;
Situation;SubjectTypeOfWorksEnum;road;Road;Road.;;
Situation;SubjectTypeOfWorksEnum;roadsideDrains;Roadside drains;Roadside drains.;;
Situation;SubjectTypeOfWorksEnum;roadsideEmbankment;Roadside embankment;Roadside embankment.;;
Situation;SubjectTypeOfWorksEnum;roadsideEquipment;Roadside equipment;Roadside equipment.;;
Situation;SubjectTypeOfWorksEnum;roadSigns;Road signs;Road signs.;;
Situation;SubjectTypeOfWorksEnum;roundabout;Roundabout;Roundabout.;;
Situation;SubjectTypeOfWorksEnum;sewer;Sewer;a sewer;;
Situation;SubjectTypeOfWorksEnum;streetParking;Street parking;street parking places;;
Situation;SubjectTypeOfWorksEnum;tollGate;Toll gate;Toll gate.;;
Situation;SubjectTypeOfWorksEnum;trafficSignals;Traffic signals;traffic signals;;
Situation;SubjectTypeOfWorksEnum;tunnel;Tunnel;Road tunnel.;;
Situation;SubjectTypeOfWorksEnum;waterBank;Water bank;bank of a waterway adjacent to the road;;
Situation;SubjectTypeOfWorksEnum;waterMain;Water main;Water main under or along the highway.;;
Vms;SupplementalPictogramEnum;distanceToTheBeginningOfTheApplicationZone;Distance to the beginning of the application zone;Distance to the beginning of the application zone.;;
Vms;SupplementalPictogramEnum;exceptAnyPowerDrivenVehicleDrawingTrailer;Except any power driven vehicle drawing trailer;Except any power-driven vehicle drawing a trailer.;;
Vms;SupplementalPictogramEnum;exceptBus;Except bus;Except for buses.;;
Vms;SupplementalPictogramEnum;exceptGoodsVehicles;Except goods vehicles;Except for goods vehicles.;;
Vms;SupplementalPictogramEnum;exceptSemitrailer;Except semitrailer;Except for semitrailers (i.e. any trailer designed to be coupled to a motor vehicle in such a way that part of its weight and that of its load is borne by the motor vehicle).;;
Vms;SupplementalPictogramEnum;exceptVehiclesCarryingDangerousGoods;Except vehicles carrying dangerous goods;Except for vehicles carrying dangerous goods (i.e. for which special sign plating is prescribed).;;
Vms;SupplementalPictogramEnum;inCaseOfIceOrSnow;In case of ice or snow;In case of ice or snow.;;
Vms;SupplementalPictogramEnum;lengthOfTheApplicationZone;Length of the application zone;Length of the applicable zone.;;
Vms;SupplementalPictogramEnum;maintenanceVehicles;Maintenance vehicles;Maintenance vehicles.;;
Vms;SupplementalPictogramEnum;other;Other;Other than as defined in this enumeration.;;
Vms;SupplementalPictogramEnum;restrictedToAnyPowerDrivenVehicleDrawingTrailer;Restricted to any power driven vehicle drawing trailer;Restricted to any power driven vehicle drawing a trailer.;;
Vms;SupplementalPictogramEnum;restrictedToBus;Restricted to bus;Restricted to buses.;;
Vms;SupplementalPictogramEnum;restrictedToGoodsVehicles;Restricted to goods vehicles;Restricted to goods vehicles.;;
Vms;SupplementalPictogramEnum;restrictedToSemiTrailer;Restricted to semi trailer;Restricted to semi trailers (i.e. any trailer designed to be coupled to a motor vehicle in such a way that part of its weight and that of its load is borne by the motor vehicle).;;
Vms;SupplementalPictogramEnum;restrictedToVehiclesCarryingDangerousGoods;Restricted to vehicles carrying dangerous goods;Restricted to vehicles carrying dangerous goods (i.e. for which special sign plating is prescribed).;;
Vms;SupplementalPictogramEnum;snowPloughs;Snow ploughs;Snow ploughs.;;
Parking;SupplyViewTypeEnum;spaceView;Space view;Each space is physically marked and identifiable.;;
Parking;SupplyViewTypeEnum;vehicleView;Vehicle view;The vehicle capacity in an area is estimated based on calculating a capacity (i.e. curb length divided by a length of vehicle).   The distributing party decides on the appropriate length of vehicle to use.;;
RoadTrafficData;TimeMeaningEnum;beginTime;Begin time;Meaning the beginning of a period;;
RoadTrafficData;TimeMeaningEnum;endTime;End time;Meaning the end of a period;;
RoadTrafficData;TimeMeaningEnum;middleTime;Middle time;Meaning the mid-point of a period;;
Common;TimePrecisionEnum;halfHour;Half hour;Time given to the nearest half hour.;;
Common;TimePrecisionEnum;hour;Hour;Time given to the nearest hour.;;
Common;TimePrecisionEnum;minute;Minute;Time given to the nearest minute.;;
Common;TimePrecisionEnum;quarterHour;Quarter hour;Time given to the nearest quarter hour.;;
Common;TimePrecisionEnum;second;Second;Time given to the nearest second.;;
Common;TimePrecisionEnum;tenthsOfSecond;Tenths of second;Time given to the nearest tenth of a second.;;
LocationReferencing;TpegLoc01AreaLocationSubtypeEnum;largeArea;Large area;A geographic or geometric large area.;;
LocationReferencing;TpegLoc01AreaLocationSubtypeEnum;other;Other;Other than as defined in this enumeration.;;
LocationReferencing;TpegLoc01FramedPointLocationSubtypeEnum;framedPoint;Framed point;A point on the road network framed by two other points on the same road.;;
LocationReferencing;TpegLoc01LinearLocationSubtypeEnum;segment;Segment;A segment (or link) of the road network corresponding to the way in which the road operator has segmented the network.;;
LocationReferencing;TpegLoc01SimplePointLocationSubtypeEnum;intersection;Intersection;An point on the road network at which one or more roads intersect.;;
LocationReferencing;TpegLoc01SimplePointLocationSubtypeEnum;nonLinkedPoint;Non linked point;A point on the road network which is not at a junction or intersection.;;
LocationReferencing;TpegLoc03AreaDescriptorSubtypeEnum;administrativeAreaName;Administrative area name;Name of an administrative area.;;
LocationReferencing;TpegLoc03AreaDescriptorSubtypeEnum;administrativeReferenceName;Administrative reference name;Reference name by which administrative area is known.;;
LocationReferencing;TpegLoc03AreaDescriptorSubtypeEnum;areaName;Area name;Name of an area.;;
LocationReferencing;TpegLoc03AreaDescriptorSubtypeEnum;countyName;County name;Name of a county (administrative sub-division).;;
LocationReferencing;TpegLoc03AreaDescriptorSubtypeEnum;lakeName;Lake name;Name of a lake.;;
LocationReferencing;TpegLoc03AreaDescriptorSubtypeEnum;nationName;Nation name;Name of a nation (e.g. Wales) which is a sub-division of a ISO recognised country.;;
LocationReferencing;TpegLoc03AreaDescriptorSubtypeEnum;other;Other;Other than as defined in this enumeration.;;
LocationReferencing;TpegLoc03AreaDescriptorSubtypeEnum;policeForceControlAreaName;Police force control area name;Name of a police force control area.;;
LocationReferencing;TpegLoc03AreaDescriptorSubtypeEnum;regionName;Region name;Name of a geographic region.;;
LocationReferencing;TpegLoc03AreaDescriptorSubtypeEnum;seaName;Sea name;Name of a sea.;;
LocationReferencing;TpegLoc03AreaDescriptorSubtypeEnum;townName;Town name;Name of a town.;;
LocationReferencing;TpegLoc03IlcPointDescriptorSubtypeEnum;tpegIlcName1;TPEG ILC name 1;The name of the road on which the junction point is located.;;
LocationReferencing;TpegLoc03IlcPointDescriptorSubtypeEnum;tpegIlcName2;TPEG ILC name 2;The name of the first intersecting road at the junction.;;
LocationReferencing;TpegLoc03IlcPointDescriptorSubtypeEnum;tpegIlcName3;TPEG ILC name 3;The name of the second intersecting road (if one exists) at the junction.;;
LocationReferencing;TpegLoc03JunctionPointDescriptorSubtypeEnum;junctionName;Junction name;Name of a road network junction where two or more roads join.;;
LocationReferencing;TpegLoc03OtherPointDescriptorSubtypeEnum;administrativeAreaName;Administrative area name;Name of an administrative area.;;
LocationReferencing;TpegLoc03OtherPointDescriptorSubtypeEnum;administrativeReferenceName;Administrative reference name;Reference name by which an administrative area is known.;;
LocationReferencing;TpegLoc03OtherPointDescriptorSubtypeEnum;airportName;Airport name;Name of an airport.;;
LocationReferencing;TpegLoc03OtherPointDescriptorSubtypeEnum;areaName;Area name;Name of an area.;;
LocationReferencing;TpegLoc03OtherPointDescriptorSubtypeEnum;buildingName;Building name;Name of a building.;;
LocationReferencing;TpegLoc03OtherPointDescriptorSubtypeEnum;busStopIdentifier;Bus stop identifier;Identifier of a bus stop on the road network.;;
LocationReferencing;TpegLoc03OtherPointDescriptorSubtypeEnum;busStopName;Bus stop name;Name of a bus stop on the road network.;;
LocationReferencing;TpegLoc03OtherPointDescriptorSubtypeEnum;canalName;Canal name;Name of a canal.;;
LocationReferencing;TpegLoc03OtherPointDescriptorSubtypeEnum;countyName;County name;Name of a county (administrative sub-division).;;
LocationReferencing;TpegLoc03OtherPointDescriptorSubtypeEnum;ferryPortName;Ferry port name;Name of a ferry port.;;
LocationReferencing;TpegLoc03OtherPointDescriptorSubtypeEnum;intersectionName;Intersection name;Name of a road network intersection.;;
LocationReferencing;TpegLoc03OtherPointDescriptorSubtypeEnum;lakeName;Lake name;Name of a lake.;;
LocationReferencing;TpegLoc03OtherPointDescriptorSubtypeEnum;linkName;Link name;Name of a road link.;;
LocationReferencing;TpegLoc03OtherPointDescriptorSubtypeEnum;localLinkName;Local link name;Local name of a road link.;;
LocationReferencing;TpegLoc03OtherPointDescriptorSubtypeEnum;metroStationName;Metro station name;Name of a metro/underground station.;;
LocationReferencing;TpegLoc03OtherPointDescriptorSubtypeEnum;nationName;Nation name;Name of a nation (e.g. Wales) which is a sub-division of a ISO recognised country.;;
LocationReferencing;TpegLoc03OtherPointDescriptorSubtypeEnum;nonLinkedPointName;Non linked point name;Name of a point on the road network which is not at a junction or intersection. ;;
LocationReferencing;TpegLoc03OtherPointDescriptorSubtypeEnum;other;Other;Other than as defined in this enumeration.;;
LocationReferencing;TpegLoc03OtherPointDescriptorSubtypeEnum;parkingFacilityName;Parking facility name;Name of a parking facility.;;
LocationReferencing;TpegLoc03OtherPointDescriptorSubtypeEnum;pointName;Point name;Name of a specific point.;;
LocationReferencing;TpegLoc03OtherPointDescriptorSubtypeEnum;pointOfInterestName;Point of interest name;Name of a general point of interest.;;
LocationReferencing;TpegLoc03OtherPointDescriptorSubtypeEnum;railwayStation;Railway station;Name of a railway station.;;
LocationReferencing;TpegLoc03OtherPointDescriptorSubtypeEnum;regionName;Region name;Name of a geographic region.;;
LocationReferencing;TpegLoc03OtherPointDescriptorSubtypeEnum;riverName;River name;Name of a river.;;
LocationReferencing;TpegLoc03OtherPointDescriptorSubtypeEnum;seaName;Sea name;Name of a sea.;;
LocationReferencing;TpegLoc03OtherPointDescriptorSubtypeEnum;serviceAreaName;Service area name;Name of a service area on a road network.;;
LocationReferencing;TpegLoc03OtherPointDescriptorSubtypeEnum;tidalRiverName;Tidal river name;Name of a river which is of a tidal nature.;;
LocationReferencing;TpegLoc03OtherPointDescriptorSubtypeEnum;townName;Town name;Name of a town.;;
LocationReferencing;TpegLoc04HeightTypeEnum;above;Above;Height above specified location.;;
LocationReferencing;TpegLoc04HeightTypeEnum;aboveSeaLevel;Above sea level;Height above mean sea high water level.;;
LocationReferencing;TpegLoc04HeightTypeEnum;aboveStreetLevel;Above street level;Height above street level.;;
LocationReferencing;TpegLoc04HeightTypeEnum;at;at;At height of specified location.;;
LocationReferencing;TpegLoc04HeightTypeEnum;atSeaLevel;At sea level;At mean sea high water level.;;
LocationReferencing;TpegLoc04HeightTypeEnum;atStreetLevel;At street level;At street level.;;
LocationReferencing;TpegLoc04HeightTypeEnum;below;Below;Height below specified location.;;
LocationReferencing;TpegLoc04HeightTypeEnum;belowSeaLevel;Below sea level;Height below mean sea high water level.;;
LocationReferencing;TpegLoc04HeightTypeEnum;belowStreetLevel;Below street level;Height below street level.;;
LocationReferencing;TpegLoc04HeightTypeEnum;other;Other;Other than as defined in this enumeration.;;
LocationReferencing;TpegLoc04HeightTypeEnum;undefined;Undefined;Undefined height reference.;;
LocationReferencing;TpegLoc04HeightTypeEnum;unknown;Unknown;Unknown height reference.;;
Situation;TrafficConstrictionTypeEnum;carriagewayBlocked;Carriageway blocked;The carriageway is totally obstructed in the specified direction due to an unplanned event.;;
Situation;TrafficConstrictionTypeEnum;carriagewayPartiallyObstructed;Carriageway partially obstructed;The carriageway is partially obstructed in the specified direction due to an unplanned event.;;
Situation;TrafficConstrictionTypeEnum;lanesBlocked;Lanes blocked;One or more lanes is totally obstructed in the specified direction due to an unplanned event.;;
Situation;TrafficConstrictionTypeEnum;lanesPartiallyObstructed;Lanes partially obstructed;One or more lanes is partially obstructed in the specified direction due to an unplanned event.;;
Situation;TrafficConstrictionTypeEnum;roadBlocked;Road blocked;The road is totally obstructed, for all vehicles in both directions, due to an unplanned event.;;
Situation;TrafficConstrictionTypeEnum;roadPartiallyObstructed;Road partially obstructed;The road is partially obstructed in both directions due to an unplanned event.;;
Situation;TrafficFlowCharacteristicsEnum;erraticFlow;Erratic flow;Traffic flow is of an irregular nature, subject to sudden changes in rates.;;
Situation;TrafficFlowCharacteristicsEnum;smoothFlow;Smooth flow;Traffic flow is smooth.;;
Situation;TrafficFlowCharacteristicsEnum;stopAndGo;Stop and go;Traffic flow is of a stop and go nature with queues forming and ending continuously on the specified section of road.;;
Situation;TrafficFlowCharacteristicsEnum;trafficBlocked;Traffic blocked;Traffic is blocked at the specified location and in the specified direction due to an unplanned event.;;
RoadTrafficData;TrafficStatusEnum;freeFlow;Free flow;Traffic at the specified location is free-flowing.;;
RoadTrafficData;TrafficStatusEnum;heavy;Heavy;Traffic in the specified direction is heavier than usual making driving conditions more difficult than normal.;;
RoadTrafficData;TrafficStatusEnum;other;Other;Other than as defined in this enumeration.;;
RoadTrafficData;TrafficStatusEnum;queuing;Queuing;Traffic is queuing at the specified location, although there is still some traffic movement (i.e. average speed is between 10% and 25% of its free-flow level).;;
RoadTrafficData;TrafficStatusEnum;slow;Slow;Traffic is slow moving at the specified location, but not yet forming queues (i.e. average speed is between 25% and 75% of its free-flow level).;;
RoadTrafficData;TrafficStatusEnum;stationary;Stationary;Traffic is stationary, or very near stationary, at the specified location (i.e. average speed is less than 10% of its free-flow level).;;
RoadTrafficData;TrafficStatusEnum;unknown;Unknown;Traffic conditions are unknown.;;
RoadTrafficData;TrafficStatusEnum;unspecifiedAbnormal;Unspecified abnormal;There are abnormal traffic conditions of an unspecified nature at the specified location.;;
Common;TrafficTrendTypeEnum;trafficBuildingUp;Traffic building up;Traffic conditions are changing from free-flow to heavy or slow service levels.  Queues may also be expected.;;
Common;TrafficTrendTypeEnum;trafficEasing;Traffic easing;Traffic conditions are changing from heavy or slow service levels to free-flow.;;
Common;TrafficTrendTypeEnum;trafficStable;Traffic stable;Traffic conditions are currently stable.;;
Common;TrafficTrendTypeEnum;unknown;Unknown;The trend of traffic conditions is currently unknown.;;
Situation;TrafficTypeEnum;accessOnlyTraffic;Access only traffic;Traffic destined for local access only.;;
Situation;TrafficTypeEnum;destinedForAirport;Destined for airport;Traffic destined for the airport.;;
Situation;TrafficTypeEnum;destinedForAirportArrivals;Destined for airport arrivals;Traffic destined for airport arrivals.;;
Situation;TrafficTypeEnum;destinedForAirportDepartures;Destined for airport departures;Traffic destined for airport departures.;;
Situation;TrafficTypeEnum;destinedForFerryService;Destined for ferry service;Traffic destined for the ferry service.;;
Situation;TrafficTypeEnum;destinedForRailService;Destined for rail service;Traffic destined for the rail service.;;
Situation;TrafficTypeEnum;holidayTraffic;Holiday traffic;Traffic heading towards holiday destinations.;;
Situation;TrafficTypeEnum;localTraffic;Local traffic;Traffic heading towards local destinations.;;
Situation;TrafficTypeEnum;longDistanceTraffic;Long distance traffic;Traffic heading towards destinations which are a long distance away.;;
Situation;TrafficTypeEnum;regionalTraffic;Regional traffic;Traffic heading towards local regional destinations.;;
Situation;TrafficTypeEnum;residentsOnlyTraffic;Residents only traffic;Local residents only traffic.;;
Situation;TrafficTypeEnum;throughTraffic;Through traffic;Traffic which is not for local access, i.e. traffic not destined for local town, city or built up area but for transit though the area.;;
Situation;TrafficTypeEnum;visitorTraffic;Visitor traffic;Traffic heading towards local visitor attraction.;;
Situation;TransitServiceInformationEnum;cancellations;Cancellations;Public transport, park-and-ride, rail or bus services are cancelled.;;
Situation;TransitServiceInformationEnum;delayDueToBadWeather;Delay due to bad weather;The specified service is delayed due to bad weather.;;
Situation;TransitServiceInformationEnum;delayDueToRepairs;Delay due to repairs;The specified service is delayed due to the need for repairs.;;
Situation;TransitServiceInformationEnum;delayedUntilFurtherNotice;Delayed until further notice;The specified public transport service will be delayed until further notice.;;
Situation;TransitServiceInformationEnum;delaysDueToFlotsam;Delays due to flotsam;The departure of the specified ferry service is delayed due to flotsam.;;
Situation;TransitServiceInformationEnum;departureOnSchedule;Departure on schedule;The departure of the specified service is on schedule.;;
Situation;TransitServiceInformationEnum;ferryReplacedByIceRoad;Ferry replaced by ice road;The ferry service has been replaced by an ice road.;;
Situation;TransitServiceInformationEnum;freeShuttleServiceOperating;Free shuttle service operating;A shuttle service is operating at no charge between specified locations.;;
Situation;TransitServiceInformationEnum;informationServiceNotAvailable;Information service not available;The information service relating to the specified transport system is not currently available.;;
Situation;TransitServiceInformationEnum;irregularServiceDelays;Irregular service delays;The specified service is subject to irregular delays.;;
Situation;TransitServiceInformationEnum;loadCapacityChanged;Load capacity changed;The load capacity for the specified service has been changed.;;
Situation;TransitServiceInformationEnum;other;Other;Other than as defined in this enumeration.;;
Situation;TransitServiceInformationEnum;restrictionsForLongerVehicles;Restrictions for longer vehicles;Long vehicles are subject to restrictions on the specified service.;;
Situation;TransitServiceInformationEnum;serviceDelays;Service delays;The specified service is subject to delays.;;
Situation;TransitServiceInformationEnum;serviceDelaysOfUncertainDuration;Service delays of uncertain duration;The specified service is subject to delays whose predicted duration cannot be estimated accurately.;;
Situation;TransitServiceInformationEnum;serviceFullyBooked;Service fully booked;The departure of the specified service is fully booked.;;
Situation;TransitServiceInformationEnum;serviceNotOperating;Service not operating;The specified service is not operating.;;
Situation;TransitServiceInformationEnum;serviceNotOperatingSubstituteServiceAvailable;Service not operating substitute service available;The specified service is not operating but an alternative service is available.;;
Situation;TransitServiceInformationEnum;serviceSuspended;Service suspended;The specified service has been suspended.;;
Situation;TransitServiceInformationEnum;serviceWithdrawn;Service withdrawn;The specified service has been cancelled.;;
Situation;TransitServiceInformationEnum;shuttleServiceOperating;Shuttle service operating;A shuttle service is operating between the specified locations.;;
Situation;TransitServiceInformationEnum;temporaryChangesToTimetables;Temporary changes to timetables;The timetable for the specified service is subject to temporary changes.;;
Situation;TransitServiceTypeEnum;air;Air;Air service.;;
Situation;TransitServiceTypeEnum;bus;Bus;Bus service.;;
Situation;TransitServiceTypeEnum;ferry;Ferry;Ferry service.;;
Situation;TransitServiceTypeEnum;hydrofoil;Hydrofoil;Hydrofoil service.;;
Situation;TransitServiceTypeEnum;rail;Rail;Rail service.;;
Situation;TransitServiceTypeEnum;tram;Tram;Tram service.;;
Situation;TransitServiceTypeEnum;undergroundMetro;Underground metro;Underground or metro service.;;
RoadTrafficData;TravelTimeTrendTypeEnum;decreasing;Decreasing;Travel times are decreasing.;;
RoadTrafficData;TravelTimeTrendTypeEnum;increasing;Increasing;Travel times are increasing.;;
RoadTrafficData;TravelTimeTrendTypeEnum;stable;Stable;Travel times are stable.;;
RoadTrafficData;TravelTimeTypeEnum;best;Best;Travel time is derived from the best out of a monitored sample.;;
RoadTrafficData;TravelTimeTypeEnum;estimated;Estimated;Travel time is an automated estimate.;;
RoadTrafficData;TravelTimeTypeEnum;instantaneous;Instantaneous;Travel time is derived from instantaneous measurements.;;
RoadTrafficData;TravelTimeTypeEnum;predictor;Predictor;Travel time is the output of a predictor, for example a blend of current and historical data, or a traffic flow model using current measurements.;;
RoadTrafficData;TravelTimeTypeEnum;profile;Profile;Travel time is based on past observations, without use of current measurements.;;
RoadTrafficData;TravelTimeTypeEnum;reconstituted;Reconstituted;Travel time is reconstituted from other measurements.;;
RoadTrafficData;TravelTimeTypeEnum;sum;Sum;Travel time is the sum of current travel times on subsections of the specified location.;;
Parking;TruckParkingDynamicManagementEnum;compactParking;Compact parking;Lorries are parking one after the other in different lanes; each lane has a dedicated time of departure (which might be displayed on a sign gantry).;;
Parking;TruckParkingDynamicManagementEnum;noDynamicParkingManagement;No dynamic parking management;No dynamic parking management.;;
Parking;TruckParkingDynamicManagementEnum;other;Other;Some other type of dynamic parking management.;;
Parking;TruckParkingDynamicManagementEnum;queueParking;Queue parking;Lorries are parking in queues, one after the other. Each lorry must have an earlier time of departure than all the lorries behind it.;;
Vms;UnitOfMeasureEnum;feet;Feet;The imperial unit feet;;
Vms;UnitOfMeasureEnum;feetAndInches;Feet and inches;The imperial units feet and inches;;
Vms;UnitOfMeasureEnum;kilometres;Kilometres;The metric unit kilometres;;
Vms;UnitOfMeasureEnum;kilometresPerHour;Kilometres per hour;The unit kilometres per hour;;
Vms;UnitOfMeasureEnum;metres;Metres;The metric unit metres;;
Vms;UnitOfMeasureEnum;miles;Miles;The imperial unit miles;;
Vms;UnitOfMeasureEnum;milesPerHour;Miles per hour;The unit miles per hour;;
Vms;UnitOfMeasureEnum;percentage;Percentage;A percentage;;
Vms;UnitOfMeasureEnum;tonnes;Tonnes;The metric unit tonnes;;
Vms;UnitOfMeasureEnum;yards;Yards;The imperial unit yards;;
Common;UrlLinkTypeEnum;documentPdf;Document PDF;URL link to a pdf document.;;
Common;UrlLinkTypeEnum;html;HTML;URL link to an html page.;;
Common;UrlLinkTypeEnum;image;Image;URL link to an image.;;
Common;UrlLinkTypeEnum;other;Other;Other than as defined in this enumeration.;;
Common;UrlLinkTypeEnum;rss;RSS;URL link to an RSS feed.;;
Common;UrlLinkTypeEnum;videoStream;Video stream;URL link to a video stream.;;
Common;UrlLinkTypeEnum;voiceStream;Voice stream;URL link to a voice stream.;;
Facilities;UserTypeEnum;allUsers;All users;All users.;;
Facilities;UserTypeEnum;commuters;Commuters;Commuters.;;
Facilities;UserTypeEnum;customers;Customers;Customers.;;
Facilities;UserTypeEnum;elderlyUsers;Elderly users;Elderly users.;;
Facilities;UserTypeEnum;employees;Employees;Employees.;;
Facilities;UserTypeEnum;families;Families;Families.;;
Facilities;UserTypeEnum;hearingImpaired;Hearing impaired;People with hearing loss;;
Facilities;UserTypeEnum;hotelGuests;Hotel guests;Hotel guests.;;
Facilities;UserTypeEnum;longTermParkers;Long term parkers;Long-term parker.;;
Facilities;UserTypeEnum;members;Members;Members.;;
Facilities;UserTypeEnum;men;Men;Men.;;
Facilities;UserTypeEnum;other;Other;Other.;;
Facilities;UserTypeEnum;overnightParkers;Overnight parkers;Overnight parker.;;
Facilities;UserTypeEnum;parkAndCycleUser;Park and cycle user;Park and cycle user.;;
Facilities;UserTypeEnum;parkAndRideUsers;Park and ride users;Users that are exchanging into public transport at a park and ride station.;;
Facilities;UserTypeEnum;parkAndWalkUser;Park and walk user;Park and walk user.;;
Facilities;UserTypeEnum;pensioners;Pensioners;Pensioners.;;
Facilities;UserTypeEnum;personsWithDisabilities;Persons with disabilities;Persons with disabilities;;
Facilities;UserTypeEnum;pregnantWomen;Pregnant women;Pregnant women.;;
Facilities;UserTypeEnum;registeredDisabledUsers;Registered disabled users;Registered disabled persons.;;
Facilities;UserTypeEnum;reservationHolders;Reservation holders;Those who have a valid reservation, e.g. for the duration of parking.;;
Facilities;UserTypeEnum;residents;Residents;Local residents.;;
Facilities;UserTypeEnum;seasonTicketHolders;Season ticket holders;Season ticket holders.;;
Facilities;UserTypeEnum;shoppers;Shoppers;Shoppers.;;
Facilities;UserTypeEnum;shortTermParkers;Short term parkers;Short-term parker.;;
Facilities;UserTypeEnum;sportEventAwaySupporters;Sport event away supporters;Sport event away supporters.;;
Facilities;UserTypeEnum;sportEventHomeSupporters;Sport event home supporters;Sport event home supporters.;;
Facilities;UserTypeEnum;staff;Staff;Staff.;;
Facilities;UserTypeEnum;students;Students;Students.;;
Facilities;UserTypeEnum;subscribers;Subscribers;Subscribers.;;
Facilities;UserTypeEnum;unknown;Unknown;Unknown.;;
Facilities;UserTypeEnum;visitors;Visitors;Visitors.;;
Facilities;UserTypeEnum;visuallyImpaired;Visually impaired;People with vision impairment;;
Facilities;UserTypeEnum;wheelchairUsers;Wheelchair users;Wheelchair users.;;
Facilities;UserTypeEnum;women;Women;Women.;;
Common;ValidityStatusEnum;active;Active;The described event, action or item is currently active regardless of the definition of the validity time specification.;;
Common;ValidityStatusEnum;definedByValidityTimeSpec;Defined by validity time spec;The validity status of the described event, action or item is in accordance with the definition of the validity time specification.;;
Common;ValidityStatusEnum;planned;Planned;The described event, action or item is currently planned regardless of the definition of the validity time specification.;;
Common;ValidityStatusEnum;suspended;Suspended;The described event, action or item is currently suspended, that is inactive, regardless of the definition of the validity time specification.;;
Common;VehicleEquipmentEnum;notUsingSnowChains;Not using snow chains;Vehicle not using snow chains.;;
Common;VehicleEquipmentEnum;notUsingSnowChainsOrTyres;Not using snow chains or tyres;Vehicle not using either snow tyres or snow chains.;;
Common;VehicleEquipmentEnum;snowChainsInUse;Snow chains in use;Vehicle using snow chains.;;
Common;VehicleEquipmentEnum;snowChainsOrTyresInUse;Snow chains or tyres in use;Vehicle using snow tyres or snow chains.;;
Common;VehicleEquipmentEnum;snowTyresInUse;Snow tyres in use;Vehicle using snow tyres.;;
Common;VehicleEquipmentEnum;withoutSnowTyresOrChainsOnBoard;Without snow tyres or chains on board;Vehicle which is not carrying on board snow tyres or chains.;;
Situation;VehicleObstructionTypeEnum;abandonedVehicle;Abandoned vehicle;Abandoned vehicle(s) on the roadway which may cause traffic disruption.;;
Situation;VehicleObstructionTypeEnum;abnormalLoad;Abnormal load;Vehicle(s) carrying exceptional load(s) which may cause traffic disruption.;;
Situation;VehicleObstructionTypeEnum;brokenDownVehicle;Broken down vehicle;Broken down vehicle(s) on the carriageway which may cause traffic disruption.;;
Situation;VehicleObstructionTypeEnum;convoy;Convoy;A group of vehicles moving together in formation which may cause traffic disruption.;;
Situation;VehicleObstructionTypeEnum;damagedVehicle;Damaged vehicle;Damaged vehicle(s) on the carriageway which may cause traffic disruption.;;
Situation;VehicleObstructionTypeEnum;dangerousSlowMovingVehicle;Dangerous slow moving vehicle;Dangerous slow moving vehicles which may cause traffic disruption.;;
Situation;VehicleObstructionTypeEnum;emergencyVehicle;Emergency vehicle;Emergency service vehicles on the roadway in response to an emergency situation.;;
Situation;VehicleObstructionTypeEnum;highSpeedChase;High speed chase;Authorised and unauthorised vehicles are travelling at high speeds along the roadway.  This may present a hazard to other vehicles.;;
Situation;VehicleObstructionTypeEnum;highSpeedEmergencyVehicle;High speed emergency vehicle;Emergency service vehicles progressing at high speed along the roadway in response to or en route from an emergency situation.;;
Situation;VehicleObstructionTypeEnum;longLoad;Long load;A vehicle of length greater than that normally allowed which may cause traffic disruption.;;
Situation;VehicleObstructionTypeEnum;medicalEmergency;Medical emergency;Vehicle has stopped due a medical issue of a driver or passenger;;
Situation;VehicleObstructionTypeEnum;militaryConvoy;Military convoy;A group of military vehicles moving together in formation which may cause traffic disruption.;;
Situation;VehicleObstructionTypeEnum;other;Other;Other than as defined in this enumeration.;;
Situation;VehicleObstructionTypeEnum;overheightVehicle;Overheight vehicle;Vehicles of height greater than normally allowed which may cause traffic disruption.;;
Situation;VehicleObstructionTypeEnum;prohibitedVehicleOnTheRoad;Prohibited vehicle on the road;Vehicles not normally permitted on the motorway are present which may cause traffic disruption.;;
Situation;VehicleObstructionTypeEnum;recklessDriver;Reckless driver;A vehicle being driven without due care and attention is causing a hazard to other vehicles.;;
Situation;VehicleObstructionTypeEnum;slowVehicle;Slow vehicle;A vehicle travelling at well below normal highway speeds which may cause traffic disruption.;;
Situation;VehicleObstructionTypeEnum;specialPermitTransport;Special permit transport;Special type of load or vehicle size, or even speed, that is allowed on the road only with special permission. The presence of this transport may cause traffic disruption.;;
Situation;VehicleObstructionTypeEnum;trackedVehicle;Tracked vehicle;Carterpillar tracked vehicles are in use which may cause traffic disruption.;;
Situation;VehicleObstructionTypeEnum;unlitVehicleOnTheRoad;Unlit vehicle on the road;Vehicles without lights are in use which may present a hazard to road users.;;
Situation;VehicleObstructionTypeEnum;vehicleCarryingHazardousMaterials;Vehicle carrying hazardous materials;Vehicles carrying materials of a hazardous nature are present and these could expose road users to additional hazards.;;
Situation;VehicleObstructionTypeEnum;vehicleInDifficulty;Vehicle in difficulty;A vehicle is experiencing difficulties (e.g. manoeuvring or propulsion difficulties) which may cause traffic disruption.;;
Situation;VehicleObstructionTypeEnum;vehicleOnFire;Vehicle on fire;A vehicle is or has been on fire and may cause traffic disruption.;;
Situation;VehicleObstructionTypeEnum;vehicleOnWrongCarriageway;Vehicle on wrong carriageway;A vehicle is travelling the wrong way along a divided highway (i.e. on the wrong side).;;
Situation;VehicleObstructionTypeEnum;vehicleStuck;Vehicle stuck;One or more vehicles are stuck (i.e. unable to move) due to environmental conditions such as a snow drift or severe icy road.;;
Situation;VehicleObstructionTypeEnum;vehicleWithOverheightLoad;Vehicle with overheight load;An over-height vehicle which may present a hazard to road users.;;
Situation;VehicleObstructionTypeEnum;vehicleWithOverwideLoad;Vehicle with overwide load;A vehicle of width greater than that normally allowed which may cause traffic disruption.;;
Situation;VehicleObstructionTypeEnum;winterMaintetanceVehicleInTransfer;Winter maintetance vehicle in transfer;Winter maintenance vehicle is on the road, not doing its specific work. Its presence may cause traffic disruption.;;
Situation;VehicleProblemCauseEnum;airSystem;Air system;Problem with the air system of a vehicle;;
Situation;VehicleProblemCauseEnum;battery;Battery;Problem with the battery of a vehicle;;
Situation;VehicleProblemCauseEnum;brakingSystem;Braking system;Problem with the braking system of a vehicle;;
Situation;VehicleProblemCauseEnum;coolingSystem;Cooling system;Problem with the cooling system of a vehicle;;
Situation;VehicleProblemCauseEnum;decoupledTrailer;Decoupled trailer;Problem with the coupling of a trailer;;
Situation;VehicleProblemCauseEnum;diverProblem;Diver problem;Problem with a vehicle driver;;
Situation;VehicleProblemCauseEnum;electricalSystem;Electrical system;Problem with the electrical system of a vehicle;;
Situation;VehicleProblemCauseEnum;flatTyre;Flat tyre;Vehicle has one or more flat tyres;;
Situation;VehicleProblemCauseEnum;fuelSystem;Fuel system;Problem with the fuel system of a vehicle;;
Situation;VehicleProblemCauseEnum;gear;Gear;Problem with the gears of a vehicle;;
Situation;VehicleProblemCauseEnum;loadProblem;Load problem;Problem with the load of a vehicle;;
Situation;VehicleProblemCauseEnum;lostWheel;Lost wheel;Vehicle has lost a wheel;;
Situation;VehicleProblemCauseEnum;motorMechanics;Motor mechanics;Problem with the motor mechanics of a vehicle;;
Situation;VehicleProblemCauseEnum;oilLeakage;Oil leakage;Vehicle has an oil leak;;
Situation;VehicleProblemCauseEnum;other;Other;Other vehicle problem source;;
Situation;VehicleProblemCauseEnum;suspension;Suspension;Problem with the suspension of a vehicle;;
Situation;VehicleProblemCauseEnum;unknown;Unknown;Unknown vehicle problem source;;
Common;VehicleStatusEnum;abandoned;Abandoned;Abandoned vehicle.;;
Common;VehicleStatusEnum;brokenDown;Broken down;Broken down vehicle (i.e. it is immobile due to mechanical breakdown).;;
Common;VehicleStatusEnum;burntOut;Burnt out;Burnt out vehicle, but fire is extinguished.;;
Common;VehicleStatusEnum;damaged;Damaged;Vehicle is damaged following an incident or collision. It may be able or not to move by itself.;;
Common;VehicleStatusEnum;damagedAndImmobilized;Damaged and immobilized;Vehicle is damaged following an incident or collision. It is immobilized and therefore needs assistance to be moved.;;
Common;VehicleStatusEnum;inDitch;In ditch;Vehicle has left roadway and ended in a ditch next to the roadway;;
Common;VehicleStatusEnum;jacknifed;Jacknifed;The pulling vehicle is in a jackknifed position with its trailer;;
Common;VehicleStatusEnum;offRoad;Off road;Vehicle has left the carriageway;;
Common;VehicleStatusEnum;onFire;On fire;Vehicle is on fire.;;
Common;VehicleStatusEnum;onTopOfCrashBarrier;On top of crash barrier;Vehicle is on top of the crash barrier, and cannot leave that position autonomously;;
Common;VehicleStatusEnum;onWheels;On wheels;Vehicle is in its upright position after the accident. No special lifting equipment is needed to put it on its wheels;;
Common;VehicleStatusEnum;overturned;Overturned;Vehicle is on its side or upside down;;
Common;VehicleStatusEnum;rollable;Rollable;The vehicle can be rolled on its own wheels. There is no special equipment needed to lift the vehicle, because of blocked wheels or other mechanical problems.;;
Common;VehicleStatusEnum;spunAround;Spun around;Vehicle has come to rest not facing its intended line of travel.;;
EnergyInfrastructure;VehicleToGridCommunicationTypeEnum;iec619802;IEC 619802;Communication according to IEC/TS 61980-2.;;
EnergyInfrastructure;VehicleToGridCommunicationTypeEnum;iso15118;ISO 15118;Communication according to ISO15118.;;
EnergyInfrastructure;VehicleToGridCommunicationTypeEnum;none;None;No communication between vehicle and the grid.;;
EnergyInfrastructure;VehicleToGridCommunicationTypeEnum;other;Other;Communication according to other guidelines/specifications.;;
EnergyInfrastructure;VehicleToGridCommunicationTypeEnum;unknown;Unknown;The type of communication is unknown.;;
Common;VehicleTypeEnum;agriculturalVehicle;Agricultural vehicle;Vehicle normally used for agricultural purposes, e.g. tractor, combined harvester etc.;;
Common;VehicleTypeEnum;anyVehicle;Any vehicle;Vehicle of any type.;;
Common;VehicleTypeEnum;articulatedBus;Articulated bus;Articulated bus;;
Common;VehicleTypeEnum;articulatedTrolleyBus;Articulated trolley bus;Articulated trolley bus;;
Common;VehicleTypeEnum;articulatedVehicle;Articulated vehicle;Articulated vehicle.;;
Common;VehicleTypeEnum;bicycle;Bicycle;Bicycle.;;
Common;VehicleTypeEnum;bus;Bus;Bus.;;
Common;VehicleTypeEnum;car;Car;Vehicles designed and constructed for the carriage of passengers and comprising no more than eight seats in addition to the driver’s seat, and having a maximum mass (“technically permissible maximum laden mass”) not exceeding 3.5 tons (M1).;;
Common;VehicleTypeEnum;caravan;Caravan;Caravan.;;
Common;VehicleTypeEnum;carOrLightVehicle;Car or light vehicle;Car or light vehicle.;;
Common;VehicleTypeEnum;carWithCaravan;Car with caravan;Car towing a caravan.;;
Common;VehicleTypeEnum;carWithTrailer;Car with trailer;Car towing a trailer.;;
Common;VehicleTypeEnum;constructionOrMaintenanceVehicle;Construction or maintenance vehicle;Vehicle normally used for construction or maintenance purposes, e.g. digger, excavator, bulldozer, lorry mounted crane etc.;;
Common;VehicleTypeEnum;fourWheelDrive;Four wheel drive;Four wheel drive vehicle.;;
Common;VehicleTypeEnum;heavyDutyTransporter;Heavy duty transporter;A transporter for heavy duty (usually with abnormal dimensions).;;
Common;VehicleTypeEnum;heavyGoodsVehicle;Heavy goods vehicle;Vehicles with a total weight above 3,500 kg (vehicle and load).;;
Common;VehicleTypeEnum;heavyGoodsVehicleWithTrailer;Heavy goods vehicle with trailer;Heavy goods vehicle with trailer;;
Common;VehicleTypeEnum;heavyVehicle;Heavy vehicle;Vehicle whose weight means it should be classed as a heavy vehicle;;
Common;VehicleTypeEnum;highSidedVehicle;High sided vehicle;High sided vehicle.;;
Common;VehicleTypeEnum;largeCar;Large car;Large car;;
Common;VehicleTypeEnum;largeGoodsVehicle;Large goods vehicle;Vehicles for the carriage of goods and having a maximum mass exceeding 3.5 tonnes (belonging to class N2 when not exceeding 12 tonnes, otherwise class N3).;;
Common;VehicleTypeEnum;lightCommercialVehicle;Light commercial vehicle;Vehicles for the carriage of goods and having a maximum mass not exceeding 3.5 tonnes (class N1).;;
Common;VehicleTypeEnum;lightCommercialVehicleWithTrailer;Light commercial vehicle with trailer;Light goods vehicle with trailer;;
Common;VehicleTypeEnum;longHeavyLorry;Long heavy lorry;A heavy lorry that is longer than normal.;;
Common;VehicleTypeEnum;lorry;Lorry;Lorry of any type.;;
Common;VehicleTypeEnum;metro;Metro;Metro;;
Common;VehicleTypeEnum;minibus;Minibus;Vehicles designed and constructed for the carriage of passengers, comprising more than eight seats in addition to the driver’s seat, and having a maximum mass not exceeding 5 tonnes (class M2).;;
Common;VehicleTypeEnum;moped;Moped;Moped (a two wheeled motor vehicle characterized by a small engine typically less than 50cc and by normally having pedals).;;
Common;VehicleTypeEnum;motorcycle;Motorcycle;Motorcycle.;;
Common;VehicleTypeEnum;motorcycleWithSideCar;Motorcycle with side car;Three wheeled vehicle comprising a motorcycle with an attached side car.;;
Common;VehicleTypeEnum;motorhome;Motorhome;Motorhome;;
Common;VehicleTypeEnum;motorscooter;Motorscooter;Motorscooter (a two wheeled motor vehicle characterized by a step-through frame and small diameter wheels).;;
Common;VehicleTypeEnum;other;Other;Other than as defined in this enumeration.;;
Common;VehicleTypeEnum;passengerCar;Passenger car;Passenger car;;
Common;VehicleTypeEnum;smallCar;Small car;Small car;;
Common;VehicleTypeEnum;tanker;Tanker;Vehicle with large tank for carrying bulk liquids.;;
Common;VehicleTypeEnum;threeWheeledVehicle;Three wheeled vehicle;Three wheeled vehicle of unspecified type.;;
Common;VehicleTypeEnum;trailer;Trailer;Trailer.;;
Common;VehicleTypeEnum;tram;Tram;Tram.;;
Common;VehicleTypeEnum;trolleyBus;Trolley bus;Trolley bus;;
Common;VehicleTypeEnum;twoWheeledVehicle;Two wheeled vehicle;Two wheeled vehicle of unspecified type.;;
Common;VehicleTypeEnum;unknown;Unknown;Unknown.;;
Common;VehicleTypeEnum;van;Van;Van.;;
Common;VehicleTypeEnum;vehicleWithCaravan;Vehicle with caravan;Vehicle (of unspecified type) towing a caravan.;;
Common;VehicleTypeEnum;vehicleWithCatalyticConverter;Vehicle with catalytic converter;Vehicle with catalytic converter.;;
Common;VehicleTypeEnum;vehicleWithoutCatalyticConverter;Vehicle without catalytic converter;Vehicle without catalytic converter.;;
Common;VehicleTypeEnum;vehicleWithTrailer;Vehicle with trailer;Vehicle (of unspecified type) towing a trailer.;;
Common;VehicleTypeEnum;withEvenNumberedRegistrationPlates;With even numbered registration plates;Vehicle with even numbered registration plate.;;
Common;VehicleTypeEnum;withOddNumberedRegistrationPlates;With odd numbered registration plates;Vehicle with odd numbered registration plate.;;
Common;VehicleUsageEnum;agricultural;Agricultural;Vehicle used for agricultural purposes.;;
Common;VehicleUsageEnum;carSharing;Car sharing;Vehicles operated by a car-sharing company.;;
Common;VehicleUsageEnum;cityLogistics;City logistics;Vehicles that are used to deliver goods in a city area.;;
Common;VehicleUsageEnum;commercial;Commercial;Vehicle which is limited to non-private usage or public transport usage.;;
Common;VehicleUsageEnum;emergencyServices;Emergency services;Vehicle used by the emergency services.;;
Common;VehicleUsageEnum;military;Military;Vehicle used by the military.;;
Common;VehicleUsageEnum;nonCommercial;Non commercial;Vehicle used for non-commercial or private purposes.;;
Common;VehicleUsageEnum;patrol;Patrol;Vehicle used as part of a patrol service, e.g. road operator or automobile association patrol vehicle.;;
Common;VehicleUsageEnum;recoveryServices;Recovery services;Vehicle used to provide a recovery service.;;
Common;VehicleUsageEnum;roadMaintenanceOrConstruction;Road maintenance or construction;Vehicle used for road maintenance or construction work purposes.;;
Common;VehicleUsageEnum;roadOperator;Road operator;Vehicle used by the road operator.;;
Common;VehicleUsageEnum;taxi;Taxi;Vehicle used to provide an authorised taxi service.;;
Vms;VmsControllerFaultEnum;communicationsFailure;Communications failure;Communications failure affecting VMS controller;;
Vms;VmsControllerFaultEnum;other;Other;unknown;;
Vms;VmsControllerFaultEnum;powerFailure;Power failure;Power to VMS controller has failed.;;
Vms;VmsControllerFaultEnum;unknown;Unknown;unknown;;
Vms;VmsFaultEnum;incorrectMessageDisplayed;Incorrect message displayed;Incorrect message is being displayed.;;
Vms;VmsFaultEnum;incorrectPictogramDisplayed;Incorrect pictogram displayed;Incorrect pictogram is being displayed.;;
Vms;VmsFaultEnum;other;Other;Other than as defined in this enumeration.;;
Vms;VmsFaultEnum;outOfService;Out of service;Not currently in service (e.g. intentionally disconnected or switched off during roadworks).;;
Vms;VmsFaultEnum;unableToClearDown;Unable to clear down;Unable to clear down information displayed on VMS.;;
Vms;VmsFaultEnum;unknown;Unknown;Unknown VMS fault.;;
Vms;VmsTypeEnum;colourGraphic;Colour graphic;A colour graphic display.;;
Vms;VmsTypeEnum;fullMatrixSign;Full matrix sign;A full-matrix sign.;;
Vms;VmsTypeEnum;monochromeGraphic;Monochrome graphic;A monochrome graphic display.;;
Vms;VmsTypeEnum;other;Other;Other than as defined in this enumeration.;;
Vms;VmsTypeEnum;rollerBlindSign;Roller blind sign;Continuous sign using a roller blind.;;
Vms;VmsTypeEnum;rotatingPrismSign;Rotating prism sign;A sign implementing fixed messages which are made visible to drivers by electromechanical means e.g. a fixed sign parallel to traffic flow and therefore not legible is rotated to be orthogonal to traffic flow and becomes legible.;;
Vms;VmsTypeEnum;simpleMatrixSign;Simple matrix sign;Simple display made up of a fixed matrix of pixels (e.g. sets of LEDs or lights) capable of showing a limited set of aspects (or matrix images). The display area is regarded as a pictogram area in DATEX II. ;;
Vms;VmsTypeEnum;virtualVms;Virtual VMS;Not a physical VMS but a conceptual one used in the electronic distribution of information;;
Common;WeatherRelatedRoadConditionTypeEnum;blackIce;Black ice;Severe skid risk due to black ice (i.e. clear ice, which is impossible or very difficult to see).;;
Common;WeatherRelatedRoadConditionTypeEnum;deepSnow;Deep snow;Deep snow on the roadway.;;
Common;WeatherRelatedRoadConditionTypeEnum;dry;Dry;There is no humidity over the sensor.;;
Common;WeatherRelatedRoadConditionTypeEnum;freezingOfWetRoads;Freezing of wet roads;The wet road surface is subject to freezing.;;
Common;WeatherRelatedRoadConditionTypeEnum;freezingPavements;Freezing pavements;The pavements for pedestrians are subject to freezing.;;
Common;WeatherRelatedRoadConditionTypeEnum;freezingRain;Freezing rain;Severe skid risk due to rain falling on sub-zero temperature road surface and freezing.;;
Common;WeatherRelatedRoadConditionTypeEnum;freshSnow;Fresh snow;Fresh snow (with little or no traffic yet) on the roadway.;;
Common;WeatherRelatedRoadConditionTypeEnum;glaze;Glaze;Glaze of the road surface.;;
Common;WeatherRelatedRoadConditionTypeEnum;ice;Ice;Increased skid risk due to ice (of any kind).;;
Common;WeatherRelatedRoadConditionTypeEnum;iceBuildUp;Ice build up;Ice is building up on the roadway causing a serious skid hazard.;;
Common;WeatherRelatedRoadConditionTypeEnum;iceWithWheelBarTracks;Ice with wheel bar tracks;Ice on the road frozen in the form of wheel tracks.;;
Common;WeatherRelatedRoadConditionTypeEnum;icyPatches;Icy patches;Severe skid risk due to icy patches (i.e. intermittent ice on roadway).;;
Common;WeatherRelatedRoadConditionTypeEnum;looseSnow;Loose snow;Powdery snow on the road which is subject to being blown by the wind.;;
Common;WeatherRelatedRoadConditionTypeEnum;moist;Moist;From (0,01 mm) water film thickness over the sensor;;
Common;WeatherRelatedRoadConditionTypeEnum;normalWinterConditionsForPedestrians;Normal winter conditions for pedestrians;Conditions for pedestrians are consistent with those normally expected in winter.;;
Common;WeatherRelatedRoadConditionTypeEnum;notDry;Not dry;The road surface is not dry.;;
Common;WeatherRelatedRoadConditionTypeEnum;other;Other;Other than as defined in this enumeration.;;
Common;WeatherRelatedRoadConditionTypeEnum;packedSnow;Packed snow;Packed snow (heavily trafficked) on the roadway.;;
Common;WeatherRelatedRoadConditionTypeEnum;rime;Rime;Fresh snow (with little or no traffic yet) on the roadway.;;
Common;WeatherRelatedRoadConditionTypeEnum;roadSurfaceMelting;Road surface melting;The road surface is melting, or has melted due to abnormally high temperatures.;;
Common;WeatherRelatedRoadConditionTypeEnum;slippery;Slippery;Detection at least of the presence of partly or wholly solidified aqueous solution over the sensor.;;
Common;WeatherRelatedRoadConditionTypeEnum;slushOnRoad;Slush on road;Increased skid risk due to melting snow (slush) on road.;;
Common;WeatherRelatedRoadConditionTypeEnum;slushStrings;Slush strings;Melting snow (slush) on the roadway is formed into wheel tracks.;;
Common;WeatherRelatedRoadConditionTypeEnum;snow;Snow;Fresh snow (with little or no traffic yet) on the roadway.;;
Common;WeatherRelatedRoadConditionTypeEnum;snowDrifts;Snow drifts;Snow drifting is in progress or patches of deep snow are present due to earlier drifting.;;
Common;WeatherRelatedRoadConditionTypeEnum;snowOnPavement;Snow on pavement;Snow is on the pedestrian pavement.;;
Common;WeatherRelatedRoadConditionTypeEnum;snowOnTheRoad;Snow on the road;Snow is lying on the road surface.;;
Common;WeatherRelatedRoadConditionTypeEnum;streamingWater;Streaming water;From (2 mm) water film thickness over the sensor.;;
Common;WeatherRelatedRoadConditionTypeEnum;surfaceWater;Surface water;Water is resting on the roadway which provides an increased hazard to vehicles.;;
Common;WeatherRelatedRoadConditionTypeEnum;wet;Wet;From (0,2 mm) water film thickness over the sensor;;
Common;WeatherRelatedRoadConditionTypeEnum;wetAndIcyRoad;Wet and icy road;Increased skid risk due to partly thawed, wet road with packed snow and ice, or rain falling on packed snow and ice.;;
Common;WeatherRelatedRoadConditionTypeEnum;wetIcyPavement;Wet icy pavement;Partly thawed, wet pedestrian pavement with packed snow and ice, or rain falling on packed snow and ice.;;
Common;WeightTypeEnum;actual;Actual;The weight is the actual weight of a specific vehicle;;
Common;WeightTypeEnum;maximumPermitted;Maximum permitted;The weight is the maximum permitted weight for a vehicle;;
Common;WinterEquipmentManagementTypeEnum;doNotUseStudTyres;Do not use stud tyres;Do not use stud tyres.;;
Common;WinterEquipmentManagementTypeEnum;other;Other;Other than as defined in this enumeration.;;
Common;WinterEquipmentManagementTypeEnum;useSnowChains;Use snow chains;Use snow chains.;;
Common;WinterEquipmentManagementTypeEnum;useSnowChainsOrTyres;Use snow chains or tyres;Use snow chains or snow tyres.;;
Common;WinterEquipmentManagementTypeEnum;useSnowTyres;Use snow tyres;Use snow tyres.;;
Common;WinterEquipmentManagementTypeEnum;winterEquipmentOnBoardRequired;Winter equipment on board required;The carrying of winter equipment (snow chains and/or snow tyres) is required.;;
Vms;WorkingStatusEnum;blank;Blank;The VMS is blank;;
Vms;WorkingStatusEnum;covered;Covered;The VMS is physically covered so no messages can be seen.;;
Vms;WorkingStatusEnum;notWorking;Not working;The VMS is not working;;
Vms;WorkingStatusEnum;working;Working;The VMS is working;;

